OrderID,OrderDate,Region,Category,Product,UnitPrice,Quantity,DiscountPct,PaymentMethod,CustomerAge
ORD14821,2025-03-18,North,Electronics,Smartwatch,369.7,7.0,0.0,Credit Card,66.0
ORD12363,2024-10-14,NORTH,Furniture,Office Chair,270.08,2.0,20.0, cash ,35.0
ORD13728,2025-11-14,West,Clothing,Sneakers,349.61,6.0,0.0, cash ,19.0
ORD10623,2025-12-20,East,Groceries,Coffee,61.5,4.0,0.0,CASH,63.0
ORD11073,2024-02-18,East,Furniture,Desk,328.33,2.0,0.0,Online Wallet,34.0
ORD13444,2025-08-13,North,Toys,Lego Set,465.43,8.0,0.0, debit card ,66.0
ORD11545,2025-05-13, north ,Groceries,Pasta,479.99,7.0,0.0,DEBIT CARD,29.0
ORD10836,2025-03-24,South,Groceries,Pasta,12.25,3.0,20.0,Online Wallet,33.0
ORD10745,2025-11-09,South,GROCERIES,Snacks,447.24,7.0,0.0,Credit Card,43.0
ORD10348,2024-02-18,South,Toys,RC Car,111.95,9.0,,Credit Card,55.0
ORD11987,2024-09-28,SOUTH,Clothing,Sneakers,19.74,3.0,0.0,Cash,29.0
ORD14340,2025-12-23,North,Clothing,Jeans,195.52,9.0,0.0,Credit Card,26.0
ORD14131,2024-03-19,South,Furniture,Office Chair,123.98,7.0,0.0,Online Wallet,19.0
ORD11851,2025-04-12,South,Clothing,Cap,58.21,1.0,,Online Wallet,34.0
ORD10779,2024-05-24,North,Toys,RC Car,388.37,9.0,0.0,Online Wallet,57.0
ORD10004,2024-01-21,East,Toys,Board Game,228.0,2.0,15.0,Online Wallet,31.0
ORD14234,2024-09-30,East,Electronics,Laptop,361.06,1.0,0.0,Online Wallet,65.0
ORD13739,2024-04-16,North,Electronics,Smartphone,316.66,3.0,0.0,Cash,22.0
ORD14951,2025-10-03,East,Clothing,Cap,341.24,6.0,5.0,Cash,60.0
ORD13881,2025-03-11,NORTH, groceries ,Coffee,482.84,4.0,0.0, online wallet ,62.0
ORD13748,2024-08-03,North,CLOTHING,Cap,268.85,7.0,0.0,Credit Card,61.0
ORD14831,2024-06-28,North,Groceries,Coffee,382.34,,0.0,Debit Card,39.0
ORD10717,2024-07-09,East,Electronics,Smartphone,330.59,3.0,0.0,Online Wallet,33.0
ORD10314,2025-10-27,South,ELECTRONICS,Tablet,44.31,5.0,20.0,Online Wallet,
ORD11840,2024-09-15,South,Groceries,Juice,40.59,5.0,0.0,Online Wallet,20.0
ORD14291,2024-08-03,West,Furniture,Bookshelf,472.56,4.0,0.0,Credit Card,67.0
ORD14189,2024-07-08,East,Clothing,Sneakers,319.97,6.0,10.0,Online Wallet,
ORD14958,2025-12-22,West,Groceries,Juice,187.74,6.0,0.0,Online Wallet,62.0
ORD11140,2025-05-06,West,Furniture,Office Chair,11.8,1.0,0.0,Online Wallet,26.0
ORD12670,2025-02-16,North,Clothing,Jacket,388.12,7.0,0.0, credit card ,65.0
ORD14801,2024-05-03,East,Furniture,Sofa,471.83,4.0,5.0,Credit Card,33.0
ORD11364,2025-04-28,West,Toys,Board Game,18.06,1.0,0.0,Cash,44.0
ORD11564,2025-08-05,North,Toys,Board Game,6.68,8.0,0.0,Debit Card,40.0
ORD11141,2025-04-20,East, groceries ,Coffee,262.1,6.0,20.0,Debit Card,23.0
ORD13231,2025-08-28,East,GROCERIES,Coffee,173.52,7.0,0.0,Debit Card,
ORD11094,2024-07-07,West,Electronics,Headphones,456.35,4.0,0.0,DEBIT CARD,44.0
ORD11877,2024-06-07,NORTH, clothing ,T-Shirt,46.53,1.0,10.0,Cash,45.0
ORD12414,2025-06-07,East,Furniture,Sofa,110.1,7.0,0.0,Cash,26.0
ORD11117,2024-01-08,NORTH,Electronics,Tablet,114.93,1.0,0.0, debit card ,58.0
ORD13075,2024-09-26,North,Furniture,Bed Frame,325.45,6.0,5.0,Online Wallet,62.0
ORD14430,2024-02-06,East,Toys,Lego Set,423.44,4.0,0.0,Debit Card,63.0
ORD13071,2024-03-24,North,Groceries,Juice,485.44,1.0,15.0,Debit Card,63.0
ORD10028,2024-07-26,EAST,Electronics,Laptop,449.07,8.0,0.0,Credit Card,41.0
ORD12457,2024-05-25,East,Electronics,Smartphone,249.69,6.0,0.0,Credit Card,52.0
ORD14214,2025-05-07,North,GROCERIES,Cereal,392.08,9.0,,Credit Card,46.0
ORD10608,2024-07-08,South,Groceries,Cereal,272.45,8.0,10.0,Online Wallet,52.0
ORD11561,2025-10-20,West,Furniture,Office Chair,232.11,5.0,0.0, cash ,27.0
ORD13984,2024-07-19,NORTH,Toys,Lego Set,59.96,5.0,5.0, credit card ,55.0
ORD12738,2024-08-24, east ,Clothing,Sneakers,427.13,7.0,0.0,Credit Card,
ORD10108,2024-04-13,West,Furniture,Bed Frame,314.0,3.0,0.0,Cash,24.0
ORD10538,2024-03-12, north , groceries ,Coffee,461.57,1.0,0.0,Debit Card,68.0
ORD12011,2024-11-12,South,Furniture,Bookshelf,277.01,1.0,15.0,Cash,59.0
ORD13093,2024-09-27,North,Furniture,Bookshelf,,4.0,0.0,Cash,58.0
ORD14597,2025-05-08,South, clothing ,Jacket,47.92,8.0,0.0,Debit Card,42.0
ORD12918,2024-09-12,East,Electronics,Laptop,422.02,2.0,0.0,Online Wallet,28.0
ORD13903,2025-01-21,East,Furniture,Office Chair,340.54,,0.0,ONLINE WALLET,37.0
ORD11673,2024-02-06,East,Clothing,Sneakers,316.61,7.0,0.0,Cash,58.0
ORD11437,2024-09-17,North,Groceries,Juice,210.29,4.0,0.0,Credit Card,47.0
ORD13729,2024-03-20,East,Clothing,T-Shirt,371.87,6.0,0.0,DEBIT CARD,42.0
ORD14541,2024-07-15,West,Clothing,Sneakers,196.04,2.0,0.0,Cash,65.0
ORD12119,2025-12-25,East,Toys,Action Figure,426.68,5.0,0.0,Debit Card,31.0
ORD11537,2025-10-30,EAST, electronics ,Laptop,210.28,5.0,0.0,Cash,25.0
ORD11044,2025-03-06,SOUTH,Toys,RC Car,122.13,1.0,20.0,Online Wallet,31.0
ORD12973,2024-11-20,SOUTH,Electronics,Laptop,167.4,4.0,5.0,Online Wallet,30.0
ORD14363,2025-11-09,North,Toys,RC Car,469.83,4.0,0.0,Debit Card,37.0
ORD14486,2025-05-13,South,GROCERIES,Coffee,441.19,8.0,0.0,Cash,22.0
ORD10299,2025-01-18,East,Electronics,Laptop,483.84,9.0,0.0,CREDIT CARD,21.0
ORD12633,2025-10-20,West,Furniture,Desk,363.3,9.0,0.0,Cash,55.0
ORD11042,2024-07-12,West,GROCERIES,Pasta,325.81,8.0,0.0,Cash,
ORD13644,2025-06-06,South,Toys,RC Car,153.71,6.0,0.0,Debit Card,50.0
ORD14579,2024-07-07,East, groceries ,Pasta,421.43,4.0,0.0,Online Wallet,45.0
ORD12048,2024-09-15,North,ELECTRONICS,Smartwatch,20.29,6.0,0.0,Online Wallet,20.0
ORD11520,2024-02-07,South,Electronics,Headphones,226.8,4.0,0.0,Online Wallet,38.0
ORD13353,2025-07-31,South,Clothing,Cap,355.74,8.0,5.0, credit card ,27.0
ORD13125,2025-12-17,EAST,Toys,Puzzle,478.3,8.0,0.0,Online Wallet,43.0
ORD10567,2024-07-08,WEST,Groceries,Cereal,82.36,2.0,0.0,Debit Card,25.0
ORD10248,2025-04-27,West,Electronics,Smartwatch,202.34,9.0,0.0,Debit Card,25.0
ORD14513,2025-02-26,South,FURNITURE,Bed Frame,178.97,3.0,0.0,Debit Card,49.0
ORD11247,2025-06-04,North,Toys,RC Car,212.66,4.0,5.0,Online Wallet,54.0
ORD14219,2025-06-03,WEST,Clothing,Jacket,149.35,2.0,0.0,Debit Card,58.0
ORD13840,2024-06-23,East,CLOTHING,T-Shirt,325.81,9.0,5.0,ONLINE WALLET,42.0
ORD10718,2025-12-21,West,Electronics,Laptop,100.61,2.0,0.0,Cash,53.0
ORD14930,2025-12-05,WEST,Toys,Action Figure,267.18,7.0,,CASH,25.0
ORD10033,2024-10-09,South,Toys,Board Game,220.03,5.0,0.0,Online Wallet,64.0
ORD14838,2025-02-23,North,Groceries,Coffee,409.98,9.0,0.0,Online Wallet,66.0
ORD12227,2024-08-28,EAST, groceries ,Pasta,33.78,5.0,10.0,Online Wallet,27.0
ORD10840,2025-03-30,East,Furniture,Office Chair,115.43,4.0,0.0,Online Wallet,49.0
ORD11685,2025-04-19,West,Clothing,Jeans,203.45,4.0,0.0,Credit Card,46.0
ORD12701,2025-09-06,EAST,Toys,Action Figure,184.85,9.0,0.0,Online Wallet,35.0
ORD12697,2024-05-02,West,Toys,Board Game,310.93,4.0,0.0,Cash,42.0
ORD10552,2024-12-29,West,Electronics,Laptop,367.84,4.0,0.0,Credit Card,45.0
ORD14482,2024-01-06, west ,Groceries,Snacks,,2.0,0.0,Debit Card,63.0
ORD12097,2025-04-29,North,Electronics,Tablet,284.07,2.0,0.0,Online Wallet,40.0
ORD12588,2025-05-12,North,Clothing,Cap,63.86,2.0,20.0,Online Wallet,69.0
ORD13463,2025-02-22,North,GROCERIES,Cereal,352.86,2.0,0.0,Cash,61.0
ORD12115,2025-11-18,East,Electronics,Smartphone,219.21,2.0,0.0,Online Wallet,67.0
ORD13476,2025-12-15,South,Clothing,Sneakers,154.98,5.0,0.0,Credit Card,61.0
ORD10555,2025-07-24,North,TOYS,RC Car,299.45,1.0,,Cash,47.0
ORD10344,2024-03-24,West,Clothing,Sneakers,450.66,3.0,0.0,Cash,19.0
ORD10891,2025-11-23,South,Toys,Lego Set,249.03,2.0,0.0,Debit Card,50.0
ORD13272,2024-03-15,North,Groceries,Pasta,253.61,,10.0,Cash,30.0
ORD11916,2025-06-09,North,Toys,RC Car,265.19,3.0,0.0,Credit Card,65.0
ORD10636,2025-01-12,East,Groceries,Cereal,223.37,2.0,0.0,Debit Card,46.0
ORD12991,2025-07-17,WEST,GROCERIES,Juice,385.74,5.0,0.0, credit card ,64.0
ORD13691,2025-02-23,West,ELECTRONICS,Smartphone,16.99,9.0,10.0,Cash,44.0
ORD14689,2024-11-20,South, electronics ,Headphones,246.33,3.0,10.0,Credit Card,65.0
ORD14789,2024-07-17,East,Electronics,Tablet,160.73,9.0,10.0,Credit Card,57.0
ORD10881,2024-04-10,South,Clothing,Jacket,412.22,5.0,20.0,Credit Card,46.0
ORD12914,2024-12-28,East,Electronics,Smartphone,451.19,3.0,0.0,Debit Card,53.0
ORD13846,2024-04-26,East,Electronics,Laptop,81.23,4.0,0.0,Cash,40.0
ORD10200,2025-07-06,North,Furniture,Bed Frame,127.38,8.0,0.0,Online Wallet,19.0
ORD12860,2025-08-25,North,Electronics,Tablet,98.07,4.0,0.0,Cash,58.0
ORD12245,2024-12-14,West,Clothing,T-Shirt,,8.0,0.0,Cash,40.0
ORD11837,2025-10-29,East,Toys,Puzzle,335.1,6.0,0.0,Cash,55.0
ORD12174,2025-03-18,East,Toys,Board Game,202.7,9.0,5.0,Debit Card,38.0
ORD11626,2025-05-02, north ,Toys,Lego Set,385.87,3.0,0.0,Online Wallet,66.0
ORD11973,2025-06-01,South,Groceries,Juice,100.09,8.0,, cash ,67.0
ORD12247,2024-07-11,East,CLOTHING,Jeans,43.99,6.0,0.0,Online Wallet,41.0
ORD11528,2024-12-24,South,Groceries,Cereal,226.87,4.0,5.0,Credit Card,58.0
ORD11098,2025-05-11,North,Groceries,Coffee,418.04,3.0,,Credit Card,50.0
ORD13772,2024-04-20,East,FURNITURE,Desk,120.1,8.0,0.0,Cash,47.0
ORD13423,2024-02-05,North,Clothing,Sneakers,291.07,9.0,0.0,Cash,52.0
ORD10141,2024-01-11,West,Toys,Board Game,181.06,1.0,5.0,Online Wallet,52.0
ORD12816,2024-02-12,North,ELECTRONICS,Smartphone,24.74,6.0,20.0,Online Wallet,21.0
ORD10359,2024-12-30,South,Electronics,Smartwatch,382.14,7.0,0.0,Debit Card,51.0
ORD12487,2024-08-28,East,Groceries,Snacks,191.86,8.0,20.0, online wallet ,69.0
ORD11821,2024-08-16,East, groceries ,Coffee,349.01,2.0,,Online Wallet,32.0
ORD13757,2025-04-25,South,Groceries,Snacks,261.41,8.0,0.0,Credit Card,68.0
ORD12010,2024-06-18,North,Clothing,Jacket,97.05,4.0,0.0,Cash,47.0
ORD13508,2024-12-01,North,Toys,Lego Set,487.12,3.0,5.0,ONLINE WALLET,20.0
ORD11559,2024-08-31,South,Toys,RC Car,479.92,9.0,15.0,CASH,58.0
ORD11959,2024-12-16,South,Toys,Action Figure,168.53,6.0,0.0,Online Wallet,62.0
ORD11653,2025-11-14,West,Toys,Action Figure,333.86,7.0,0.0,Credit Card,52.0
ORD12594,2025-07-15, south ,Electronics,Tablet,420.1,7.0,0.0,DEBIT CARD,50.0
ORD12864,2024-05-15,East,Clothing,Jacket,190.72,7.0,0.0,Debit Card,29.0
ORD12461,2025-10-09,East,Electronics,Laptop,39.98,4.0,0.0,Debit Card,46.0
ORD12453,2025-10-17,South,Toys,RC Car,79.75,3.0,0.0,Online Wallet,55.0
ORD13816,2024-06-13,South,GROCERIES,Coffee,288.45,9.0,10.0,Debit Card,27.0
ORD13672,2025-04-02,South,Clothing,T-Shirt,146.4,6.0,20.0,Debit Card,62.0
ORD14491,2025-10-24,West,Electronics,Smartphone,67.95,8.0,0.0,Credit Card,
ORD14666,2024-06-25,EAST,Furniture,Desk,478.94,1.0,0.0,Cash,31.0
ORD12595,2025-03-03,North,Toys,Board Game,242.69,1.0,0.0,Cash,
ORD13669,2025-01-06,West,Groceries,Juice,270.15,3.0,0.0,Credit Card,56.0
ORD13511,2025-06-17,East,Furniture,Bed Frame,438.28,9.0,10.0,Online Wallet,37.0
ORD12355,2025-01-24,South,Toys,RC Car,324.52,8.0,0.0,Debit Card,45.0
ORD14398,2025-07-31,WEST,Clothing,T-Shirt,287.97,9.0,0.0,DEBIT CARD,35.0
ORD11773,2025-03-19,East,Furniture,Bookshelf,148.19,1.0,0.0,Debit Card,18.0
ORD14406,2025-07-13,West,TOYS,Lego Set,384.17,8.0,10.0,Credit Card,53.0
ORD13675,2025-11-20, east ,Toys,Board Game,445.57,3.0,15.0,Credit Card,52.0
ORD12159,2025-07-29,East,Toys,Board Game,495.74,3.0,0.0,Online Wallet,34.0
ORD12256,2025-07-01,East,CLOTHING,Jacket,203.22,2.0,0.0,Debit Card,36.0
ORD12982,2025-10-20,East,Toys,Board Game,383.9,2.0,0.0, credit card ,20.0
ORD10899,2024-07-05,North,Toys,Board Game,462.03,2.0,0.0,Credit Card,43.0
ORD14255,2024-07-09,South,Clothing,Jeans,369.1,1.0,0.0,Debit Card,23.0
ORD10804,2025-12-23,North,ELECTRONICS,Laptop,73.96,6.0,20.0,Cash,52.0
ORD13924,2024-04-15, north ,Toys,Action Figure,86.86,7.0,10.0,Debit Card,35.0
ORD11373,2025-12-23,South,Furniture,Office Chair,275.61,5.0,0.0,Online Wallet,36.0
ORD11710,2025-09-05,South,Toys,Lego Set,289.26,4.0,20.0,Cash,31.0
ORD14682,2025-07-25,South,Furniture,Bookshelf,375.74,6.0,0.0,Cash,22.0
ORD12397,2025-07-06, north ,Electronics,Laptop,266.98,2.0,0.0,Online Wallet,31.0
ORD11833,2025-11-15,West,Toys,Lego Set,43.95,5.0,0.0,Online Wallet,49.0
ORD14374,2024-07-25,South,Furniture,Sofa,389.41,3.0,0.0,Cash,28.0
ORD10079,2025-03-24,South,Toys,Lego Set,337.49,2.0,0.0,Online Wallet,56.0
ORD12543,2024-10-04,NORTH,Furniture,Office Chair,242.58,6.0,0.0,ONLINE WALLET,45.0
ORD13692,2025-01-23,North,Electronics,Smartwatch,144.9,5.0,0.0,Cash,26.0
ORD11822,2025-08-30,South,Groceries,Pasta,282.08,4.0,0.0,Cash,67.0
ORD11933,2025-02-11,West,Furniture,Office Chair,120.87,4.0,0.0,Debit Card,29.0
ORD11242,2025-07-10,North,Groceries,Cereal,,9.0,0.0,Online Wallet,63.0
ORD11296,2025-06-28,North,Clothing,Sneakers,356.11,5.0,5.0,Cash,49.0
ORD11045,2024-10-02,South,Groceries,Snacks,159.81,7.0,0.0,Debit Card,27.0
ORD12472,2025-03-28,South,Furniture,Sofa,399.29,6.0,0.0,Online Wallet,60.0
ORD14402,2025-10-25,SOUTH,Furniture,Bed Frame,436.77,4.0,0.0,Online Wallet,30.0
ORD11742,2024-04-15,South,Groceries,Coffee,201.99,5.0,0.0, cash ,42.0
ORD12539,2024-02-21,SOUTH,Furniture,Sofa,81.77,1.0,0.0,DEBIT CARD,54.0
ORD12936,2024-06-16,East,Electronics,Laptop,393.8,8.0,0.0,Credit Card,58.0
ORD12054,2024-06-18,East,Toys,Puzzle,99.43,9.0,0.0,Debit Card,26.0
ORD14021,2024-04-10,East,FURNITURE,Bed Frame,422.19,9.0,0.0,Online Wallet,51.0
ORD13631,2024-10-19,South,FURNITURE,Bed Frame,386.31,1.0,0.0,Credit Card,48.0
ORD10560,2025-08-24,South,Electronics,Headphones,,6.0,0.0,Debit Card,
ORD13304,2025-05-23,North, electronics ,Smartwatch,470.51,5.0,0.0,Cash,67.0
ORD11586,2024-07-10, west ,Toys,RC Car,217.72,2.0,0.0,CASH,21.0
ORD10280,2024-01-14,North,Furniture,Sofa,376.03,5.0,0.0,Cash,33.0
ORD12735,2025-09-29,East,Groceries,Cereal,112.08,6.0,0.0,Cash,39.0
ORD11074,2025-07-14,North,Groceries,Juice,25.09,4.0,0.0,Cash,67.0
ORD12657,2024-06-22, south ,GROCERIES,Cereal,158.11,4.0,,Credit Card,26.0
ORD14840,2024-01-24, west ,Electronics,Tablet,141.03,4.0,15.0,CASH,55.0
ORD12157,2025-03-25,NORTH,TOYS,RC Car,79.76,7.0,,Online Wallet,49.0
ORD13330,2025-01-11,South,Furniture,Bed Frame,151.68,3.0,0.0,Cash,39.0
ORD12851,2025-02-24,NORTH,Electronics,Smartphone,342.68,7.0,0.0, credit card ,30.0
ORD13158,2025-06-20,East,Furniture,Office Chair,180.94,5.0,5.0,Online Wallet,64.0
ORD10285,2024-11-14,East,Groceries,Juice,43.14,6.0,0.0,Online Wallet,47.0
ORD14316,2025-06-23,East,Clothing,T-Shirt,61.67,8.0,20.0,Credit Card,24.0
ORD14806,2024-05-09,West,Groceries,Snacks,469.1,4.0,10.0,Credit Card,44.0
ORD10839,2024-09-15,East,FURNITURE,Bookshelf,133.19,1.0,10.0,CREDIT CARD,65.0
ORD13578,2024-07-25,West,Furniture,Bookshelf,128.91,8.0,0.0,Cash,26.0
ORD13134,2024-08-25,North,Clothing,Jeans,416.62,3.0,0.0,Credit Card,53.0
ORD11508,2025-11-25,East,Furniture,Desk,,4.0,0.0,Credit Card,42.0
ORD11524,2025-02-05,North,Toys,Puzzle,237.92,4.0,10.0,Cash,58.0
ORD10871,2024-07-28,East,Electronics,Laptop,483.09,4.0,20.0, cash ,
ORD11380,2024-11-04,West,Electronics,Smartwatch,300.33,9.0,5.0, online wallet ,66.0
ORD10573,2024-04-05,North,Clothing,Jacket,483.04,4.0,0.0,Cash,22.0
ORD10005,2024-12-11,North,Furniture,Desk,53.35,4.0,0.0,Online Wallet,24.0
ORD12183,2025-02-21,East,Furniture,Bed Frame,392.01,1.0,5.0,Online Wallet,37.0
ORD11453,2024-11-05,North, clothing ,Jeans,317.11,4.0,0.0,Cash,34.0
ORD10407,2024-08-10, south ,Furniture,Desk,26.73,6.0,0.0,Online Wallet,62.0
ORD12403,2024-01-27,East,Toys,Puzzle,383.59,9.0,5.0,Cash,23.0
ORD12142,2025-02-20,North,Groceries,Cereal,33.02,9.0,0.0,Online Wallet,66.0
ORD14477,2025-03-07,West,Toys,Puzzle,414.07,2.0,0.0,Online Wallet,56.0
ORD10440,2025-06-02,North,Furniture,Bookshelf,159.87,7.0,0.0,ONLINE WALLET,36.0
ORD12023,2025-10-17,North, electronics ,Tablet,201.59,8.0,0.0,Cash,63.0
ORD12150,2024-03-15,SOUTH,Furniture,Bookshelf,59.57,7.0,0.0,Debit Card,53.0
ORD10823,2024-03-16,South,Toys,Action Figure,201.99,5.0,0.0,Debit Card,65.0
ORD12279,2024-01-13,East,Toys,Board Game,87.65,1.0,0.0,Cash,26.0
ORD12172,2025-04-22,WEST,Groceries,Pasta,258.81,3.0,0.0,Online Wallet,20.0
ORD13514,2024-03-04,SOUTH,Electronics,Headphones,135.4,1.0,0.0,Online Wallet,32.0
ORD12253,2024-06-23,South,Toys,Action Figure,146.53,9.0,0.0,Debit Card,44.0
ORD12634,2025-01-29,West,Electronics,Laptop,163.81,,,Cash,33.0
ORD11379,2025-08-25,East,Clothing,Jeans,421.55,1.0,0.0,Credit Card,39.0
ORD13978,2024-11-26,West,CLOTHING,Jacket,350.11,5.0,0.0,Debit Card,
ORD14857,2025-12-20,East,Toys,RC Car,110.97,1.0,0.0,Credit Card,48.0
ORD11420,2024-01-03,North,Groceries,Juice,228.04,2.0,0.0,Cash,20.0
ORD10457,2024-07-30,South,Electronics,Headphones,105.99,7.0,0.0,Cash,64.0
ORD10169,2024-01-31,North,Toys,Board Game,,5.0,5.0,Cash,35.0
ORD11736,2024-05-13,East,Clothing,Sneakers,160.55,8.0,0.0,Online Wallet,64.0
ORD11600,2025-03-14,North, toys ,RC Car,7.83,8.0,0.0,Debit Card,35.0
ORD13430,2024-09-25,North,Groceries,Cereal,324.43,5.0,0.0,Online Wallet,49.0
ORD14133,2024-11-06,South,Clothing,Jacket,171.43,9.0,0.0,Online Wallet,20.0
ORD12682,2024-07-20, south ,Electronics,Smartphone,365.04,6.0,5.0,Debit Card,24.0
ORD14484,2025-10-31,North,Electronics,Tablet,140.5,1.0,0.0,Cash,60.0
ORD12068,2025-05-09,East,Clothing,Cap,71.03,4.0,5.0,Debit Card,42.0
ORD11750,2024-02-21,South,Toys,RC Car,188.18,9.0,0.0,Credit Card,31.0
ORD14377,2025-04-15,SOUTH,Clothing,Jacket,372.58,1.0,0.0,Debit Card,34.0
ORD14002,2024-01-29,West,Groceries,Pasta,363.58,9.0,0.0,Debit Card,31.0
ORD12943,2024-12-11,West,Toys,Board Game,86.79,8.0,0.0, credit card ,42.0
ORD11330,2025-12-04,WEST,Clothing,Cap,372.21,8.0,0.0, debit card ,30.0
ORD11792,2025-04-28,South,Furniture,Sofa,52.06,9.0,0.0,Credit Card,23.0
ORD14900,2025-08-15,South,Furniture,Sofa,43.65,1.0,0.0,Debit Card,55.0
ORD11126,2025-09-03,East,Toys,Puzzle,244.34,4.0,0.0,Online Wallet,67.0
ORD13831,2024-03-27,South,Groceries,Coffee,498.71,8.0,10.0,Cash,59.0
ORD13289,2024-02-02,South, electronics ,Tablet,229.3,9.0,5.0,Online Wallet,52.0
ORD14437,2025-01-20,West,Electronics,Headphones,355.72,6.0,0.0,CASH,66.0
ORD10325,2025-09-13,East,Furniture,Office Chair,455.83,3.0,10.0,Online Wallet,62.0
ORD11534,2024-07-09,North,Electronics,Smartwatch,255.0,5.0,20.0,Cash,57.0
ORD14323,2025-03-03,East,Furniture,Desk,489.33,7.0,10.0,Credit Card,51.0
ORD12946,2024-05-26, north ,Clothing,Jeans,473.89,8.0,,Cash,40.0
ORD11748,2025-12-21,North,FURNITURE,Bookshelf,408.71,8.0,0.0,Debit Card,44.0
ORD11123,2025-07-15, south ,ELECTRONICS,Headphones,189.57,9.0,0.0,Debit Card,46.0
ORD11777,2025-07-31,SOUTH,Groceries,Coffee,61.21,6.0,0.0, debit card ,45.0
ORD12827,2024-01-27,East,Furniture,Bookshelf,79.81,7.0,0.0,Cash,27.0
ORD11417,2025-03-01,South,ELECTRONICS,Headphones,28.52,1.0,5.0, credit card ,36.0
ORD14096,2024-07-28,West,Electronics,Smartphone,289.81,8.0,0.0,ONLINE WALLET,22.0
ORD10694,2025-10-21,North,Electronics,Smartwatch,5.81,3.0,0.0, online wallet ,26.0
ORD12190,2025-03-09,South,Clothing,Sneakers,254.09,8.0,0.0,Cash,45.0
ORD12313,2024-05-27,North,Clothing,T-Shirt,249.52,9.0,0.0,Debit Card,60.0
ORD14488,2025-04-06, south ,Furniture,Bed Frame,355.32,9.0,5.0, online wallet ,31.0
ORD11448,2024-10-14,SOUTH, electronics ,Laptop,90.07,7.0,0.0,Debit Card,28.0
ORD13812,2025-11-03,West,Furniture,Desk,143.49,2.0,0.0,Online Wallet,44.0
ORD10795,2025-05-22,South,FURNITURE,Sofa,231.66,9.0,10.0,Debit Card,25.0
ORD13697,2025-08-12,West,Furniture,Sofa,486.14,6.0,20.0,Debit Card,61.0
ORD12343,2024-11-18, north ,Clothing,Sneakers,5.16,2.0,0.0,Online Wallet,48.0
ORD13099,2024-11-22,WEST,ELECTRONICS,Smartwatch,22.29,1.0,10.0,Cash,19.0
ORD14851,2025-07-10,North,Electronics,Headphones,21.25,2.0,0.0,Credit Card,38.0
ORD14568,2025-09-09,North,Clothing,Cap,22.59,4.0,0.0,Cash,58.0
ORD10645,2025-11-30,North,Groceries,Coffee,66.03,9.0,0.0,Cash,60.0
ORD13942,2025-06-07,North,Furniture,Bookshelf,430.13,5.0,0.0,Cash,26.0
ORD14583,2025-06-12,East,Groceries,Coffee,86.97,7.0,0.0,Online Wallet,43.0
ORD14762,2024-04-04,East,FURNITURE,Bed Frame,260.8,1.0,0.0,Debit Card,29.0
ORD11915,2024-02-18,East,GROCERIES,Pasta,357.73,1.0,0.0,Cash,68.0
ORD12520,2024-01-14,West,Electronics,Smartphone,283.12,7.0,,Cash,32.0
ORD11565,2024-03-21,West,Electronics,Laptop,94.85,8.0,5.0,Cash,
ORD14614,2025-05-06,East,Toys,Board Game,401.87,2.0,0.0,Cash,57.0
ORD12441,2024-06-19,West,Furniture,Office Chair,492.31,7.0,10.0,Credit Card,28.0
ORD10592,2024-11-11,South,Furniture,Desk,,7.0,15.0,Cash,41.0
ORD11424,2025-06-13,South,Furniture,Bed Frame,112.86,1.0,0.0,Online Wallet,30.0
ORD12039,2025-11-01,West,Toys,Lego Set,297.77,,10.0,Cash,19.0
ORD10724,2024-03-13,North,Toys,Action Figure,445.67,4.0,20.0,Online Wallet,64.0
ORD11724,2024-12-30,West,Furniture,Office Chair,41.83,3.0,0.0,CREDIT CARD,33.0
ORD10996,2025-03-01, west , groceries ,Cereal,12.44,2.0,0.0,Cash,35.0
ORD14536,2025-01-02,North,Clothing,Jeans,221.48,4.0,0.0,Debit Card,38.0
ORD11579,2024-07-22,North,Electronics,Smartwatch,444.93,6.0,0.0,Credit Card,
ORD13287,2024-10-20,South,Electronics,Smartwatch,472.34,3.0,0.0,Debit Card,27.0
ORD13590,2025-08-12,East, groceries ,Snacks,21.89,9.0,0.0,Debit Card,66.0
ORD12181,2025-04-21,West,Groceries,Juice,177.24,1.0,,Online Wallet,51.0
ORD10123,2024-05-27,NORTH,Groceries,Coffee,210.24,8.0,0.0,Credit Card,49.0
ORD12779,2024-04-05,East,Groceries,Cereal,441.18,8.0,15.0,Online Wallet,55.0
ORD11560,2024-08-08,North,Groceries,Cereal,245.1,9.0,15.0,Online Wallet,39.0
ORD10792,2024-03-16,North,Clothing,Jacket,354.22,5.0,0.0,CREDIT CARD,27.0
ORD11939,2024-01-31,West, furniture ,Office Chair,127.96,3.0,0.0,Credit Card,27.0
ORD10349,2024-04-16,South,Groceries,Pasta,,3.0,0.0, credit card ,55.0
ORD13902,2024-09-29,East,Toys,Lego Set,141.31,2.0,0.0,Online Wallet,32.0
ORD10566,2024-12-20,North,CLOTHING,Jeans,180.67,6.0,0.0,Debit Card,54.0
ORD11571,2024-03-22,West,Electronics,Tablet,340.99,1.0,0.0,ONLINE WALLET,27.0
ORD13404,2025-03-09,East,Furniture,Office Chair,402.92,4.0,,Cash,36.0
ORD12948,2024-10-09,EAST,Electronics,Smartphone,153.59,8.0,0.0,Online Wallet,47.0
ORD10703,2024-08-28,South,Clothing,T-Shirt,72.83,7.0,0.0,Cash,52.0
ORD12060,2025-03-24,East,Clothing,T-Shirt,109.27,8.0,0.0,Cash,19.0
ORD13869,2025-09-08,West,Clothing,Cap,397.14,7.0,0.0,Credit Card,44.0
ORD14447,2025-01-01, south ,Electronics,Smartphone,56.68,3.0,0.0,Credit Card,35.0
ORD12340,2024-05-29,West, toys ,RC Car,92.92,1.0,0.0,Credit Card,40.0
ORD11309,2024-05-19,West,Clothing,Cap,,2.0,5.0,Online Wallet,31.0
ORD13090,2025-01-30,East,Toys,Puzzle,235.64,5.0,0.0,Debit Card,67.0
ORD14867,2024-10-14,West,Clothing,Sneakers,327.96,3.0,0.0,Cash,21.0
ORD12290,2024-01-18,West,Groceries,Coffee,210.8,1.0,15.0,Cash,42.0
ORD12073,2024-03-13,East,GROCERIES,Snacks,440.89,3.0,0.0,Cash,36.0
ORD12754,2024-08-18,West,Furniture,Desk,366.53,6.0,0.0,Credit Card,19.0
ORD10834,2025-06-19,East,Toys,Lego Set,146.64,1.0,0.0,Cash,18.0
ORD10098,2024-08-10,WEST, clothing ,Cap,448.82,4.0,20.0,ONLINE WALLET,32.0
ORD10503,2025-01-17,North,Groceries,Pasta,367.84,2.0,5.0,Cash,42.0
ORD10643,2024-11-22,North,Toys,RC Car,53.51,,10.0,Debit Card,41.0
ORD14230,2024-02-18,North,Toys,Board Game,482.83,8.0,0.0,CREDIT CARD,44.0
ORD12204,2024-09-08,East,Clothing,Sneakers,46.57,3.0,0.0, debit card ,21.0
ORD10501,2024-06-14,South,Toys,Board Game,13.49,,0.0,Online Wallet,53.0
ORD14773,2024-10-04,West,Furniture,Bed Frame,184.11,9.0,0.0,Debit Card,61.0
ORD13035,2024-03-02,South,Electronics,Laptop,72.14,7.0,0.0,Cash,55.0
ORD14232,2024-12-19, west ,Furniture,Bookshelf,308.83,2.0,0.0,Cash,57.0
ORD14713,2025-05-27,North,Electronics,Smartwatch,129.91,4.0,0.0,Credit Card,41.0
ORD10219,2024-03-25,East,Furniture,Office Chair,432.35,2.0,0.0,Credit Card,46.0
ORD12999,2025-04-17,South,Clothing,T-Shirt,231.49,5.0,0.0,Online Wallet,55.0
ORD10678,2024-04-20,West,Electronics,Headphones,137.37,3.0,0.0,Online Wallet,33.0
ORD14878,2024-11-16,East,Furniture,Bookshelf,367.74,6.0,0.0,Cash,31.0
ORD11913,2024-11-29,South,Electronics,Tablet,487.93,3.0,15.0,Online Wallet,19.0
ORD12040,2024-02-09,East,Electronics,Smartphone,341.14,9.0,0.0,Credit Card,35.0
ORD13169,2024-06-01,South,TOYS,Puzzle,415.19,3.0,0.0,Debit Card,43.0
ORD14034,2024-07-27,South,Furniture,Sofa,23.0,7.0,0.0,Online Wallet,64.0
ORD11921,2025-04-26,SOUTH, clothing ,Sneakers,472.44,9.0,0.0,Online Wallet,66.0
ORD13503,2024-06-06,West,Groceries,Cereal,362.63,1.0,5.0,Credit Card,64.0
ORD12831,2024-09-06,West,Furniture,Bookshelf,425.93,6.0,20.0,Online Wallet,20.0
ORD10778,2024-05-07,West,Furniture,Bookshelf,29.84,8.0,0.0, credit card ,56.0
ORD14699,2025-03-13,East,Electronics,Smartphone,,6.0,10.0,Online Wallet,40.0
ORD12079,2024-06-19,West, furniture ,Desk,355.65,3.0,0.0,Online Wallet,31.0
ORD11858,2024-03-21,South,Toys,Action Figure,390.35,1.0,0.0,Online Wallet,43.0
ORD13657,2025-09-25,North,Clothing,T-Shirt,341.33,7.0,0.0,Online Wallet,59.0
ORD12964,2024-09-03,West,Furniture,Sofa,144.75,2.0,0.0, debit card ,37.0
ORD14828,2025-06-02,East,Electronics,Laptop,105.2,2.0,0.0,Online Wallet,26.0
ORD12921,2025-06-01,South,Furniture,Bookshelf,127.37,6.0,0.0,Debit Card,63.0
ORD11723,2025-03-30,North,Toys,Lego Set,468.26,2.0,0.0,Cash,23.0
ORD12922,2025-11-05,East,FURNITURE,Desk,412.36,3.0,0.0,Credit Card,69.0
ORD12320,2024-07-04,NORTH,Furniture,Office Chair,280.4,1.0,0.0,Cash,58.0
ORD12318,2025-02-18,East,Toys,Board Game,451.28,7.0,15.0,Cash,68.0
ORD13340,2025-01-26,North,Clothing,T-Shirt,226.39,4.0,10.0,Credit Card,62.0
ORD11657,2025-07-19,East,Electronics,Headphones,110.96,4.0,0.0,Online Wallet,19.0
ORD13948,2025-11-23,South,Furniture,Sofa,181.79,9.0,0.0,Online Wallet,53.0
ORD14193,2024-01-03,East,Toys,Puzzle,349.34,7.0,5.0,Credit Card,37.0
ORD12803,2024-08-31,North,Toys,Action Figure,155.97,3.0,0.0,Credit Card,65.0
ORD13060,2024-06-27,North,Furniture,Sofa,470.21,9.0,0.0, debit card ,18.0
ORD10763,2025-01-02,NORTH,Toys,Action Figure,407.47,6.0,0.0,CREDIT CARD,24.0
ORD14102,2025-04-16,East, clothing ,Jeans,388.13,1.0,5.0,Credit Card,24.0
ORD13390,2024-03-15,North,Toys,Lego Set,106.63,,0.0,Online Wallet,63.0
ORD13901,2024-01-06,North, electronics ,Headphones,253.43,4.0,10.0,Online Wallet,25.0
ORD11030,2024-03-23,East, electronics ,Smartwatch,178.57,3.0,10.0,Cash,29.0
ORD11810,2024-12-06,North,Toys,Board Game,286.13,9.0,5.0,Debit Card,69.0
ORD12794,2024-02-28,West,Furniture,Bookshelf,324.02,1.0,0.0,Cash,63.0
ORD13415,2024-03-05, east ,Clothing,T-Shirt,243.22,6.0,0.0,Credit Card,57.0
ORD14582,2024-11-07,South,Electronics,Headphones,333.19,3.0,5.0,Cash,23.0
ORD13492,2024-09-20,EAST,Electronics,Smartwatch,96.32,3.0,0.0,Debit Card,43.0
ORD14525,2025-04-04,North, clothing ,Sneakers,83.84,,0.0,CASH,59.0
ORD11881,2024-04-06,NORTH,Clothing,T-Shirt,89.79,5.0,0.0,ONLINE WALLET,34.0
ORD11169,2025-05-11, north ,Electronics,Headphones,452.67,7.0,0.0,DEBIT CARD,53.0
ORD12538,2025-05-24,North,Furniture,Sofa,186.23,4.0,0.0,Credit Card,64.0
ORD13282,2024-07-13, south ,Groceries,Cereal,208.77,5.0,0.0,Debit Card,52.0
ORD13172,2024-02-22,South,Toys,RC Car,424.4,3.0,0.0,Credit Card,28.0
ORD13698,2024-06-01, north , electronics ,Smartphone,202.36,4.0,0.0,Online Wallet,22.0
ORD12133,2024-08-21,West,Electronics,Smartwatch,380.53,9.0,0.0,Online Wallet,51.0
ORD10206,2024-01-01,South,Toys,Lego Set,65.44,6.0,0.0, cash ,22.0
ORD10684,2024-08-24,South,Clothing,Jacket,31.55,1.0,0.0,Debit Card,24.0
ORD11683,2024-08-07,West, clothing ,Jeans,499.29,4.0,0.0,Credit Card,24.0
ORD11513,2024-04-17,West,Clothing,Jeans,44.77,1.0,0.0,Debit Card,66.0
ORD11355,2024-06-24,East,Groceries,Juice,32.56,8.0,0.0, debit card ,37.0
ORD11206,2024-08-03, west ,Toys,RC Car,285.67,6.0,0.0,Credit Card,35.0
ORD14201,2024-12-05,West,Toys,Board Game,,5.0,5.0,Cash,45.0
ORD11225,2025-03-12, east ,Toys,RC Car,67.34,5.0,10.0,Cash,64.0
ORD11739,2025-06-25,South,Groceries,Pasta,,3.0,0.0,DEBIT CARD,57.0
ORD10867,2025-03-21,South,Electronics,Tablet,126.68,6.0,10.0,Debit Card,23.0
ORD13225,2024-04-10,West,Groceries,Juice,400.89,7.0,5.0,Credit Card,37.0
ORD13704,2025-07-29,West,Electronics,Smartwatch,50.98,6.0,5.0, online wallet ,43.0
ORD12748,2025-09-17,North,Toys,RC Car,169.33,1.0,15.0, credit card ,42.0
ORD14933,2025-05-21, east ,Electronics,Smartwatch,85.14,9.0,0.0,Cash,64.0
ORD10729,2024-05-08,SOUTH,GROCERIES,Pasta,30.38,6.0,0.0, debit card ,25.0
ORD13335,2025-12-22,North,Clothing,Sneakers,209.61,9.0,15.0, debit card ,60.0
ORD11333,2025-12-05,East,Toys,Action Figure,223.35,5.0,0.0,Debit Card,22.0
ORD13420,2024-08-08,East,TOYS,Action Figure,289.12,9.0,5.0,CASH,50.0
ORD10556,2025-08-24,West,Clothing,Sneakers,395.8,8.0,0.0,Credit Card,45.0
ORD14442,2024-10-16,North,Toys,Lego Set,434.44,9.0,0.0,Debit Card,69.0
ORD13484,2024-03-22, south , furniture ,Desk,49.33,3.0,0.0,DEBIT CARD,47.0
ORD12346,2025-11-20,East, furniture ,Office Chair,352.84,6.0,0.0,Online Wallet,22.0
ORD14364,2024-02-22,North, clothing ,Cap,432.8,6.0,0.0,Debit Card,61.0
ORD11938,2025-04-23,West,Groceries,Snacks,97.27,8.0,0.0,Cash,25.0
ORD14181,2025-04-16,West, electronics ,Laptop,196.26,1.0,0.0, credit card ,47.0
ORD13005,2025-06-07,West,Electronics,Tablet,56.94,2.0,0.0,Online Wallet,65.0
ORD13167,2024-09-05,North,Electronics,Smartphone,150.78,3.0,0.0,Cash,67.0
ORD14067,2025-06-30,East,Groceries,Cereal,459.86,1.0,,Cash,22.0
ORD14663,2025-01-27,East,GROCERIES,Coffee,343.94,7.0,15.0,Online Wallet,
ORD12379,2024-09-02, west ,Furniture,Office Chair,12.09,,0.0,Cash,26.0
ORD12098,2025-09-03,East,Clothing,Sneakers,358.4,8.0,0.0,Online Wallet,63.0
ORD10447,2025-11-19,EAST,Electronics,Headphones,201.82,3.0,0.0,Credit Card,52.0
ORD10057,2025-11-25,NORTH,Toys,Lego Set,376.68,-9.0,0.0,Debit Card,34.0
ORD14908,2025-02-15,East,Clothing,Jeans,119.99,7.0,5.0,Credit Card,68.0
ORD11050,2024-09-25,North,Clothing,T-Shirt,388.25,3.0,0.0,Online Wallet,48.0
ORD13411,2025-01-10,East,GROCERIES,Coffee,473.52,3.0,0.0,Cash,67.0
ORD14302,2025-02-13,EAST,Clothing,Jeans,93.15,4.0,0.0,Debit Card,63.0
ORD12529,2024-12-31,South,Groceries,Juice,313.83,7.0,5.0,DEBIT CARD,25.0
ORD14853,2025-10-11,North,Furniture,Bookshelf,137.8,3.0,0.0,Debit Card,51.0
ORD10496,2025-11-05, west ,Toys,RC Car,413.04,8.0,10.0,Online Wallet,23.0
ORD14522,2024-07-06, west ,Toys,RC Car,265.53,6.0,0.0,Cash,45.0
ORD13638,2024-09-17, west ,Toys,RC Car,179.44,3.0,0.0,Credit Card,25.0
ORD11165,2024-12-14,East,Furniture,Bed Frame,208.43,1.0,0.0,Cash,49.0
ORD12383,2025-04-06,West,Clothing,Jacket,319.32,8.0,15.0,Cash,38.0
ORD11216,2024-08-20,West,Groceries,Pasta,349.54,6.0,10.0,Cash,24.0
ORD10796,2025-01-23,South,CLOTHING,Jacket,259.41,4.0,10.0,Online Wallet,42.0
ORD10428,2025-12-02,South,Furniture,Desk,409.92,3.0,0.0,Debit Card,65.0
ORD14676,2024-09-23,West,Toys,Board Game,494.76,3.0,10.0,Online Wallet,58.0
ORD11519,2025-02-25,West,TOYS,Action Figure,318.72,,0.0,Cash,57.0
ORD13510,2024-12-30, east ,TOYS,Action Figure,329.53,9.0,0.0,Credit Card,45.0
ORD14304,2025-05-05,West, toys ,Board Game,6.62,3.0,0.0,Credit Card,35.0
ORD13583,2025-06-09,North,CLOTHING,Sneakers,455.94,5.0,0.0,Debit Card,58.0
ORD13826,2025-02-20,East,Toys,Lego Set,290.97,1.0,0.0, credit card ,66.0
ORD10906,2024-06-19, north ,Clothing,T-Shirt,497.83,6.0,0.0,Online Wallet,61.0
ORD11953,2024-11-03,East,Toys,Board Game,55.69,9.0,0.0,Credit Card,24.0
ORD13835,2024-02-18,East,CLOTHING,Cap,474.11,9.0,5.0,Cash,53.0
ORD12217,2024-06-14,WEST,Electronics,Smartwatch,34.52,5.0,5.0,Cash,59.0
ORD11542,2025-12-10,West,Toys,Puzzle,371.2,8.0,0.0,Cash,55.0
ORD11463,2024-06-10,East,Groceries,Snacks,415.94,7.0,0.0, online wallet ,37.0
ORD10203,2024-12-26,West,Toys,Action Figure,218.29,4.0,0.0,Online Wallet,18.0
ORD11535,2025-06-14,WEST,Clothing,T-Shirt,264.4,2.0,0.0,Debit Card,36.0
ORD12679,2025-07-10,East,Toys,Board Game,415.18,4.0,0.0,Credit Card,38.0
ORD12908,2024-09-06, south ,Toys,RC Car,124.31,7.0,0.0,Cash,36.0
ORD13761,2024-04-04,East,Toys,Action Figure,167.32,8.0,0.0, online wallet ,46.0
ORD11847,2024-08-03,North,Furniture,Office Chair,208.89,9.0,0.0,Debit Card,19.0
ORD12045,2025-04-10,North,Clothing,Cap,106.11,6.0,5.0,Online Wallet,35.0
ORD13604,2024-03-03,North, furniture ,Desk,280.56,6.0,5.0,Cash,45.0
ORD12645,2024-02-09,East,Electronics,Smartphone,460.75,5.0,5.0,Credit Card,65.0
ORD12146,2024-11-29,North,Groceries,Pasta,340.65,4.0,0.0,Cash,61.0
ORD13818,2025-07-29,West,Clothing,T-Shirt,186.81,4.0,10.0,Debit Card,19.0
ORD10901,2024-08-22,East,Toys,Lego Set,499.73,1.0,5.0,Online Wallet,47.0
ORD11499,2024-01-02,North,Toys,RC Car,354.86,2.0,0.0,Online Wallet,37.0
ORD12703,2024-04-01,North,Toys,RC Car,227.73,6.0,0.0,Online Wallet,22.0
ORD14478,2024-10-17,South,Toys,Board Game,490.7,3.0,0.0,Credit Card,
ORD11882,2025-05-30,West,Furniture,Desk,253.28,9.0,5.0, credit card ,19.0
ORD12084,2025-06-29,East,Electronics,Laptop,9.34,9.0,5.0,Online Wallet,44.0
ORD12345,2024-04-14,North,Electronics,Headphones,397.05,6.0,0.0,Online Wallet,49.0
ORD10958,2024-01-29,East,Furniture,Sofa,397.31,7.0,0.0,Credit Card,
ORD13366,2024-11-20, west ,Toys,Lego Set,221.95,8.0,5.0,Online Wallet,54.0
ORD10181,2025-08-13,West,Toys,RC Car,229.58,2.0,5.0, cash ,46.0
ORD12704,2025-06-18,East,Toys,Lego Set,353.02,5.0,0.0,Debit Card,45.0
ORD10275,2025-08-29,South, groceries ,Cereal,,7.0,10.0,Credit Card,39.0
ORD11652,2024-02-05, east ,Clothing,Sneakers,447.98,5.0,15.0,Debit Card,56.0
ORD11023,2024-03-03,North,Clothing,Cap,190.67,1.0,0.0,Credit Card,47.0
ORD12479,2025-04-13,South, furniture ,Bookshelf,314.19,5.0,5.0,Online Wallet,31.0
ORD13810,2025-10-03,WEST,Clothing,Sneakers,21.77,1.0,0.0,Cash,50.0
ORD12567,2024-01-15,North,Electronics,Laptop,183.82,6.0,20.0,CREDIT CARD,55.0
ORD12316,2025-02-21,West,Furniture,Bookshelf,326.83,6.0,0.0,Online Wallet,53.0
ORD13988,2025-02-19,East,Clothing,Jeans,225.46,7.0,15.0,Cash,22.0
ORD14542,2025-12-25,East,Clothing,Jeans,239.29,4.0,0.0,Credit Card,60.0
ORD11456,2024-01-01,East,GROCERIES,Snacks,418.44,4.0,10.0,Credit Card,56.0
ORD10858,2024-01-26,East,Clothing,Cap,319.29,8.0,0.0,Cash,66.0
ORD11156,2025-08-14,EAST,Clothing,Jeans,12.18,8.0,0.0,Debit Card,45.0
ORD14523,2025-01-22,North,Electronics,Smartphone,262.18,8.0,0.0,CASH,33.0
ORD14257,2025-11-13,West,Electronics,Laptop,215.78,6.0,20.0, credit card ,44.0
ORD12389,2024-11-24,WEST,Clothing,Sneakers,491.51,7.0,5.0, cash ,53.0
ORD14224,2024-03-28,East,Electronics,Headphones,422.95,6.0,0.0,Cash,56.0
ORD10799,2025-10-19,East,Groceries,Juice,390.79,1.0,0.0,Debit Card,58.0
ORD10600,2025-11-18,South,Furniture,Office Chair,18.79,2.0,0.0,Online Wallet,53.0
ORD14889,2025-10-12,North,Clothing,T-Shirt,165.38,,10.0,Online Wallet,48.0
ORD14207,2024-07-01, north ,Furniture,Bookshelf,205.92,3.0,0.0,Credit Card,38.0
ORD11752,2024-12-17,West,Toys,Action Figure,183.27,5.0,10.0,Cash,50.0
ORD10758,2025-09-30,West,Furniture,Desk,336.53,3.0,0.0,Online Wallet,53.0
ORD11271,2024-04-07,North,Toys,Puzzle,156.47,7.0,0.0,Debit Card,29.0
ORD10574,2024-05-29,West,Clothing,T-Shirt,392.73,3.0,20.0,Online Wallet,40.0
ORD11272,2025-11-28,West,Toys,Board Game,117.75,,0.0,Credit Card,21.0
ORD14677,2025-12-12,West,Furniture,Bookshelf,224.37,8.0,0.0,Cash,59.0
ORD11993,2024-07-02,West, electronics ,Laptop,,2.0,0.0,Online Wallet,29.0
ORD14378,2024-10-11,West, furniture ,Bed Frame,258.66,8.0,0.0,Cash,57.0
ORD11419,2025-02-07, east ,Groceries,Cereal,167.82,7.0,5.0,Online Wallet,31.0
ORD11621,2025-05-10,South,Electronics,Smartwatch,494.16,4.0,0.0, online wallet ,
ORD13162,2024-01-16,North,Groceries,Coffee,491.22,2.0,0.0,Online Wallet,60.0
ORD14401,2024-01-30,West,FURNITURE,Bookshelf,343.91,5.0,0.0,Credit Card,26.0
ORD13773,2025-07-15,North,Clothing,Jeans,303.6,6.0,10.0, debit card ,57.0
ORD12755,2025-03-23,North,Groceries,Pasta,40.16,6.0,0.0,Cash,39.0
ORD12289,2025-12-23,West,Groceries,Juice,418.05,7.0,10.0, online wallet ,65.0
ORD11990,2024-11-13,East,Clothing,Sneakers,486.43,7.0,0.0,Online Wallet,23.0
ORD12517,2025-10-19, west ,Furniture,Bed Frame,212.17,3.0,20.0,Credit Card,54.0
ORD14155,2024-04-11,East,TOYS,Action Figure,393.83,3.0,0.0,Online Wallet,36.0
ORD11155,2025-12-06,North,Clothing,Jacket,287.64,7.0,0.0,Credit Card,60.0
ORD13251,2024-06-28,West,Electronics,Headphones,465.72,6.0,0.0,Cash,43.0
ORD11946,2024-09-09,North,Clothing,Sneakers,341.03,5.0,0.0,Online Wallet,18.0
ORD10689,2025-05-02,South,Toys,Puzzle,,4.0,0.0, credit card ,51.0
ORD14805,2024-07-15,East,Clothing,T-Shirt,175.27,7.0,0.0,Online Wallet,21.0
ORD11697,2025-05-06,North,Furniture,Bookshelf,98.13,5.0,10.0,Cash,24.0
ORD12442,2025-04-07,East,Clothing,Sneakers,187.83,1.0,5.0,Online Wallet,29.0
ORD13402,2024-05-10, north ,Electronics,Smartwatch,166.91,2.0,0.0,Cash,38.0
ORD10783,2025-06-13,West,GROCERIES,Pasta,165.54,9.0,0.0,Online Wallet,50.0
ORD10687,2025-02-18,North,Groceries,Pasta,75.29,8.0,0.0,Debit Card,67.0
ORD14926,2025-09-11,West,Electronics,Smartwatch,,2.0,0.0,Online Wallet,45.0
ORD11899,2024-09-13,West,Clothing,T-Shirt,470.42,8.0,0.0, online wallet ,30.0
ORD12731,2025-02-23,South,Clothing,Jeans,247.65,8.0,0.0,Cash,48.0
ORD10987,2024-05-29, west ,Electronics,Headphones,113.05,7.0,0.0,Cash,65.0
ORD13536,2024-06-18,South,Toys,Action Figure,140.99,7.0,0.0,CASH,29.0
ORD13892,2024-05-01,South,Furniture,Bed Frame,247.37,3.0,0.0,Cash,19.0
ORD11793,2024-08-19,East,Electronics,Headphones,,3.0,5.0,CASH,38.0
ORD12861,2024-05-22,West,Groceries,Cereal,370.28,8.0,, credit card ,64.0
ORD13064,2025-07-11,East,Groceries,Cereal,231.65,5.0,5.0,Online Wallet,59.0
ORD11051,2024-06-11,WEST,Groceries,Snacks,314.92,6.0,,Credit Card,50.0
ORD13073,2024-06-27,West, groceries ,Juice,283.74,6.0,0.0,Credit Card,58.0
ORD11498,2024-06-09,North, toys ,RC Car,354.16,7.0,0.0,Credit Card,46.0
ORD14405,2024-05-22,East,Groceries,Coffee,212.46,1.0,0.0,Online Wallet,22.0
ORD14247,2024-07-02, west ,Groceries,Coffee,496.15,6.0,,Credit Card,27.0
ORD12295,2025-12-15, north ,Electronics,Headphones,154.58,2.0,10.0,Online Wallet,65.0
ORD12722,2025-11-13,South,Toys,Puzzle,351.69,7.0,0.0,Online Wallet,67.0
ORD13878,2024-07-16,South,TOYS,Puzzle,478.98,8.0,0.0,Debit Card,26.0
ORD14545,2024-03-20,North,CLOTHING,Cap,,8.0,20.0, credit card ,28.0
ORD14051,2025-02-02,West,FURNITURE,Desk,318.37,2.0,0.0,Cash,44.0
ORD12354,2025-02-23,North,Electronics,Laptop,280.56,5.0,20.0,Online Wallet,54.0
ORD10021,2024-04-22,East, electronics ,Headphones,488.42,6.0,0.0,Online Wallet,50.0
ORD10448,2025-08-08,WEST,Furniture,Sofa,346.44,7.0,0.0,Credit Card,64.0
ORD10453,2024-10-10,North,Furniture,Office Chair,,4.0,15.0,Credit Card,53.0
ORD11328,2024-01-26,East,Groceries,Coffee,261.13,4.0,20.0,Online Wallet,27.0
ORD10012,2024-02-17,North,Groceries,Snacks,188.56,8.0,0.0,Online Wallet,57.0
ORD14673,2024-02-29,West,Groceries,Snacks,369.63,8.0,0.0,Credit Card,20.0
ORD11392,2025-03-28,South,Groceries,Cereal,294.03,6.0,0.0,Cash,38.0
ORD10943,2024-04-12,West,Furniture,Sofa,382.16,6.0,20.0,Cash,69.0
ORD10870,2024-07-04,East,Toys,Action Figure,212.37,6.0,0.0,Debit Card,23.0
ORD10544,2024-12-20, west ,Clothing,Jeans,75.42,8.0,0.0,CREDIT CARD,59.0
ORD10372,2025-05-02,North,Furniture,Desk,150.84,7.0,0.0,Online Wallet,42.0
ORD14664,2025-10-18,West,Toys,Lego Set,175.86,4.0,0.0,Cash,42.0
ORD10625,2024-10-04,East,Electronics,Smartphone,72.0,1.0,0.0,Debit Card,24.0
ORD13628,2024-04-30, west ,Clothing,Jacket,93.7,1.0,0.0,Online Wallet,65.0
ORD13553,2024-06-27,South,Electronics,Smartwatch,134.41,7.0,0.0,ONLINE WALLET,39.0
ORD12089,2024-09-08,South,Groceries,Juice,142.38,8.0,0.0,Cash,
ORD10998,2024-11-12, east ,Electronics,Smartphone,169.81,4.0,0.0,Credit Card,22.0
ORD10192,2024-01-12,South,Groceries,Snacks,127.32,9.0,10.0,Debit Card,36.0
ORD10062,2025-08-10,East,Clothing,Jeans,345.57,1.0,0.0,Cash,63.0
ORD12223,2024-03-06,North,Groceries,Snacks,48.44,2.0,0.0,Cash,20.0
ORD10104,2025-04-03,West,Furniture,Bed Frame,469.48,3.0,0.0,Online Wallet,39.0
ORD11918,2024-11-24,South, furniture ,Bookshelf,253.27,7.0,0.0,Cash,35.0
ORD12997,2025-06-13,East,Clothing,Jeans,112.82,1.0,0.0,Debit Card,63.0
ORD10126,2025-10-05,East,FURNITURE,Bookshelf,95.05,7.0,15.0,Online Wallet,
ORD10244,2024-05-22,South,Furniture,Bookshelf,496.12,5.0,0.0,Online Wallet,64.0
ORD11246,2025-12-04,West,Furniture,Sofa,437.26,6.0,0.0,Credit Card,56.0
ORD12889,2024-01-21,South,Furniture,Bed Frame,167.95,3.0,10.0,CREDIT CARD,37.0
ORD10516,2025-06-06,South,Toys,Board Game,395.76,7.0,0.0, debit card ,37.0
ORD10147,2025-12-27,North,Clothing,Cap,,6.0,20.0, debit card ,42.0
ORD11299,2024-11-13,South,Groceries,Cereal,391.08,7.0,0.0,Credit Card,57.0
ORD10517,2025-07-17,West, furniture ,Desk,222.04,4.0,20.0,Debit Card,57.0
ORD12928,2025-01-22,West, toys ,RC Car,223.83,9.0,0.0, cash ,32.0
ORD11377,2025-10-11,North,Groceries,Cereal,172.87,5.0,15.0,Credit Card,48.0
ORD12015,2024-05-14,West,Toys,RC Car,197.41,1.0,10.0,Debit Card,20.0
ORD14885,2025-08-21,North,Groceries,Snacks,196.22,1.0,0.0,Online Wallet,49.0
ORD14767,2025-05-17,East,CLOTHING,Sneakers,339.02,8.0,0.0,Debit Card,44.0
ORD13484,2024-03-22, south , furniture ,Desk,49.33,3.0,0.0,DEBIT CARD,47.0
ORD14854,2025-02-26,West,Furniture,Sofa,379.42,4.0,0.0,Online Wallet,27.0
ORD13601,2024-09-22,East,Toys,RC Car,115.5,5.0,0.0,Debit Card,57.0
ORD11406,2025-11-10,South,Toys,Action Figure,116.21,2.0,0.0,Credit Card,40.0
ORD14650,2024-01-02,West,Toys,Action Figure,153.48,4.0,0.0,Cash,43.0
ORD12018,2024-03-29,East,Electronics,Headphones,46.96,1.0,5.0,Credit Card,27.0
ORD10957,2025-03-30,SOUTH,Electronics,Tablet,49.98,2.0,0.0,Credit Card,28.0
ORD13347,2024-10-29,North,Clothing,Jeans,281.34,5.0,0.0,Debit Card,65.0
ORD11438,2024-08-04,South,Groceries,Snacks,282.14,3.0,5.0,Debit Card,30.0
ORD10222,2025-12-15,East,Toys,Lego Set,193.14,4.0,15.0,Debit Card,36.0
ORD10165,2024-02-06,South,Furniture,Desk,113.99,5.0,20.0, debit card ,57.0
ORD11432,2024-11-26,EAST,Groceries,Coffee,111.21,7.0,0.0, credit card ,37.0
ORD10394,2024-02-22,EAST,Toys,Lego Set,345.58,5.0,15.0,Debit Card,39.0
ORD12404,2024-07-28,West,Electronics,Headphones,43.62,4.0,0.0,Cash,50.0
ORD10827,2025-04-30,East,Electronics,Smartwatch,55.43,3.0,0.0,Credit Card,37.0
ORD11297,2025-12-26,West,Clothing,Cap,154.24,8.0,0.0, debit card ,55.0
ORD11615,2024-06-26,South,Furniture,Bed Frame,200.65,7.0,10.0,Cash,69.0
ORD12090,2025-07-14,WEST, clothing ,Jeans,366.19,7.0,0.0,Cash,44.0
ORD13836,2025-07-14,West,Furniture,Bed Frame,450.47,6.0,0.0,Cash,68.0
ORD12385,2025-06-27, west , furniture ,Bed Frame,166.19,1.0,15.0,Cash,26.0
ORD12031,2024-02-21,North, clothing ,Cap,260.45,8.0,20.0,Online Wallet,68.0
ORD12229,2025-08-12,West,Groceries,Juice,177.69,3.0,0.0,Cash,49.0
ORD12257,2025-04-05,South,ELECTRONICS,Smartphone,50.46,2.0,0.0,ONLINE WALLET,41.0
ORD14408,2024-12-17,SOUTH,Toys,RC Car,475.63,5.0,0.0, credit card ,58.0
ORD11807,2024-08-29,WEST,Toys,Puzzle,329.79,1.0,0.0,Credit Card,59.0
ORD13306,2024-12-23,West,Groceries,Pasta,364.84,3.0,0.0,Debit Card,38.0
ORD14425,2025-10-07, south , electronics ,Smartwatch,283.62,3.0,0.0,Cash,28.0
ORD11038,2025-08-28,South,Clothing,T-Shirt,64.27,1.0,0.0,Debit Card,18.0
ORD14714,2025-01-22,East,Groceries,Pasta,,3.0,10.0,Debit Card,
ORD10037,2025-07-19,South,Furniture,Office Chair,349.53,8.0,0.0,Debit Card,49.0
ORD10276,2024-12-18,North, clothing ,Cap,256.64,6.0,0.0,Credit Card,47.0
ORD11552,2024-02-21,North,ELECTRONICS,Smartphone,267.24,1.0,0.0,Cash,64.0
ORD12847,2024-02-23,North,Clothing,T-Shirt,141.9,4.0,0.0,Online Wallet,58.0
ORD12838,2025-08-01,West,Toys,Board Game,372.57,4.0,0.0,Cash,60.0
ORD13228,2024-08-12,North,Clothing,Sneakers,484.32,4.0,0.0,Credit Card,66.0
ORD12387,2025-07-22,North,Furniture,Desk,316.2,3.0,0.0,Debit Card,47.0
ORD10161,2025-05-04,North,Furniture,Office Chair,260.05,2.0,0.0,Online Wallet,20.0
ORD13544,2024-04-28,West,Clothing,T-Shirt,400.25,8.0,0.0,Credit Card,34.0
ORD10322,2025-02-04,West,Groceries,Juice,384.2,3.0,0.0,Cash,35.0
ORD10011,2025-05-04,NORTH,Electronics,Laptop,182.44,9.0,15.0,Credit Card,25.0
ORD11264,2024-07-11,North,Clothing,Jacket,,6.0,0.0,Cash,43.0
ORD13720,2024-01-22,South,Clothing,Sneakers,321.65,4.0,0.0,Online Wallet,23.0
ORD11026,2024-03-28,West,Toys,Puzzle,24.21,2.0,0.0,Credit Card,25.0
ORD14665,2024-08-17,East, furniture ,Sofa,410.02,6.0,0.0, debit card ,21.0
ORD14957,2025-01-17,West,Toys,RC Car,392.96,1.0,0.0, online wallet ,64.0
ORD11064,2024-02-15,North,FURNITURE,Sofa,174.87,1.0,0.0,Online Wallet,27.0
ORD11573,2025-02-10,South,ELECTRONICS,Smartwatch,307.2,9.0,10.0,Credit Card,41.0
ORD11070,2024-02-29, south ,Furniture,Desk,382.98,1.0,0.0,Debit Card,42.0
ORD13970,2024-03-12,West,Furniture,Desk,326.81,3.0,0.0,Online Wallet,64.0
ORD13709,2024-05-06,North,Clothing,Jacket,393.71,9.0,0.0,CREDIT CARD,35.0
ORD12537,2025-09-30,East,Toys,Puzzle,361.43,5.0,0.0,Credit Card,66.0
ORD13732,2024-11-19,North,Groceries,Juice,5.72,4.0,0.0,Online Wallet,
ORD10019,2025-11-07,South,Clothing,T-Shirt,347.76,8.0,15.0,Debit Card,49.0
ORD11404,2024-07-04,East,Electronics,Smartphone,476.69,6.0,0.0,Cash,38.0
ORD10895,2024-01-21,North,Groceries,Cereal,482.93,4.0,0.0,Online Wallet,58.0
ORD11802,2024-03-19,West,Furniture,Bed Frame,11.13,7.0,0.0,Credit Card,40.0
ORD14250,2024-08-26, west ,Furniture,Office Chair,,2.0,0.0,Cash,66.0
ORD14668,2025-07-29,North,FURNITURE,Office Chair,226.38,5.0,0.0,Debit Card,24.0
ORD12796,2025-01-19,East,Groceries,Juice,23.18,3.0,10.0,CREDIT CARD,59.0
ORD11232,2024-08-29,East,Electronics,Smartphone,197.13,8.0,0.0,Online Wallet,68.0
ORD11386,2024-02-29,North,Clothing,Sneakers,338.24,5.0,0.0,Credit Card,48.0
ORD13767,2024-04-10,West,Clothing,Jeans,,1.0,0.0,Credit Card,20.0
ORD12480,2025-09-15,South,Furniture,Sofa,410.93,9.0,20.0,Cash,
ORD11291,2025-08-07,NORTH,TOYS,Action Figure,142.89,4.0,0.0,Credit Card,62.0
ORD11011,2024-08-17,West,Clothing,T-Shirt,99.6,8.0,5.0,Credit Card,58.0
ORD13127,2024-03-08,South, clothing ,Cap,294.95,5.0,15.0,Debit Card,31.0
ORD10931,2025-11-19,West,Clothing,Jacket,23.6,6.0,0.0,Credit Card,43.0
ORD11634,2024-05-30,East,Furniture,Desk,62.62,5.0,0.0,Credit Card,51.0
ORD12360,2024-10-02,West,Groceries,Juice,270.72,1.0,15.0,Debit Card,27.0
ORD11759,2024-12-27,North,Clothing,T-Shirt,435.56,5.0,5.0,Credit Card,60.0
ORD11988,2024-12-23,South,Clothing,Jacket,337.71,8.0,10.0, debit card ,51.0
ORD14548,2024-09-26,West,Furniture,Desk,289.69,1.0,20.0,Debit Card,43.0
ORD10644,2024-01-01,WEST,Electronics,Smartwatch,168.54,8.0,0.0,Credit Card,67.0
ORD13204,2025-10-07,East,Electronics,Smartwatch,459.42,2.0,0.0,Online Wallet,41.0
ORD12733,2025-11-09,EAST,Toys,RC Car,99.84,-4.0,0.0,Credit Card,28.0
ORD11081,2025-09-16,North,Clothing,Jacket,11.69,5.0,0.0,Online Wallet,36.0
ORD14656,2025-12-08,North,Toys,RC Car,30.34,8.0,5.0,Cash,54.0
ORD13401,2024-01-08,WEST,Groceries,Coffee,118.0,7.0,0.0,CREDIT CARD,53.0
ORD10324,2025-12-02,West,Groceries,Pasta,193.3,4.0,0.0,Online Wallet,41.0
ORD12505,2024-05-26, north ,FURNITURE,Bookshelf,202.19,3.0,0.0,Online Wallet,46.0
ORD10086,2025-11-26,West,CLOTHING,Sneakers,208.77,3.0,0.0,Online Wallet,67.0
ORD13419,2025-05-05,North, furniture ,Sofa,227.1,8.0,10.0,Debit Card,43.0
ORD10090,2024-09-13,South,Toys,Puzzle,46.84,3.0,0.0,Cash,64.0
ORD13294,2024-08-01,South,Groceries,Juice,406.99,9.0,0.0,Debit Card,24.0
ORD14265,2024-09-06,North,Groceries,Snacks,439.55,7.0,0.0,Cash,29.0
ORD10094,2024-07-30,North,Electronics,Headphones,239.62,3.0,0.0,Debit Card,64.0
ORD14228,2024-02-10,NORTH,Clothing,Jacket,276.1,2.0,0.0, online wallet ,65.0
ORD12775,2024-10-18,North,Groceries,Cereal,,6.0,0.0,Debit Card,27.0
ORD10157,2024-05-19,West,Electronics,Headphones,478.43,5.0,5.0,Cash,23.0
ORD12582,2025-10-03,South, toys ,RC Car,428.06,3.0,10.0,Cash,65.0
ORD14913,2024-12-28,West,Electronics,Tablet,62.91,5.0,0.0,Cash,34.0
ORD11751,2025-04-10, south ,Groceries,Pasta,343.52,3.0,10.0,CASH,21.0
ORD11721,2025-12-23,West,Toys,Puzzle,297.87,6.0,20.0,Credit Card,57.0
ORD14977,2025-09-03,NORTH,Electronics,Smartphone,,7.0,0.0, debit card ,21.0
ORD13255,2024-05-07,West,TOYS,Board Game,263.79,5.0,0.0,Credit Card,46.0
ORD12947,2024-08-20,SOUTH,Furniture,Sofa,315.05,2.0,10.0,CREDIT CARD,53.0
ORD14148,2024-10-24, north ,Electronics,Headphones,307.02,3.0,0.0,Online Wallet,26.0
ORD10301,2025-11-11,East,Groceries,Snacks,396.89,1.0,,DEBIT CARD,63.0
ORD13936,2025-05-12, west ,Electronics,Smartwatch,445.01,2.0,0.0,Online Wallet,34.0
ORD14015,2024-01-17,South,Electronics,Laptop,49.28,6.0,10.0,Online Wallet,52.0
ORD14586,2025-10-18,South,Electronics,Tablet,96.52,3.0,0.0,Debit Card,24.0
ORD12959,2025-06-15, east ,Groceries,Pasta,486.3,2.0,10.0,CASH,58.0
ORD13873,2025-12-02,North,Toys,Puzzle,184.43,7.0,0.0, credit card ,50.0
ORD12037,2025-01-22,South,Electronics,Smartwatch,170.66,5.0,15.0,Online Wallet,48.0
ORD12118,2024-12-31,North,Groceries,Snacks,26.18,6.0,0.0,Credit Card,24.0
ORD10230,2025-11-03,South,Clothing,Sneakers,112.29,1.0,0.0,Credit Card,32.0
ORD12854,2025-07-08,EAST,Electronics,Smartphone,20.99,9.0,0.0,Credit Card,25.0
ORD12164,2024-06-13,East,Furniture,Bookshelf,440.38,8.0,0.0,DEBIT CARD,50.0
ORD14896,2024-09-14,South,Groceries,Snacks,352.31,8.0,0.0,Cash,42.0
ORD13866,2025-06-11,North,Furniture,Bookshelf,306.95,7.0,0.0,Cash,56.0
ORD11387,2025-02-08,South,Furniture,Desk,226.87,4.0,0.0,ONLINE WALLET,66.0
ORD13749,2024-02-13,EAST,Toys,Puzzle,306.48,,5.0,Online Wallet,36.0
ORD14290,2024-02-25,South,Electronics,Tablet,268.64,5.0,0.0,Debit Card,43.0
ORD11675,2025-01-12,East,Clothing,T-Shirt,148.98,3.0,5.0,Debit Card,50.0
ORD12377,2025-11-27,EAST,Furniture,Desk,154.87,5.0,5.0,Debit Card,39.0
ORD14435,2024-12-23,North,Electronics,Tablet,468.74,6.0,5.0,Online Wallet,50.0
ORD11256,2025-04-30,North,Electronics,Tablet,403.11,8.0,0.0,Debit Card,33.0
ORD13584,2025-08-16,South,FURNITURE,Bookshelf,185.41,9.0,0.0,Online Wallet,62.0
ORD13817,2024-04-10,North,Toys,Board Game,489.59,7.0,0.0,Cash,41.0
ORD12881,2025-01-26,South,Clothing,Jacket,237.99,7.0,5.0,ONLINE WALLET,69.0
ORD12362,2025-02-04,South,Clothing,Cap,176.93,3.0,20.0,Online Wallet,49.0
ORD12025,2025-02-10, south ,Electronics,Headphones,,9.0,5.0,Online Wallet,20.0
ORD13397,2025-03-26,East, electronics ,Headphones,37.79,2.0,0.0,Credit Card,56.0
ORD11521,2025-11-11,South,Groceries,Coffee,95.55,3.0,0.0,Cash,31.0
ORD13499,2024-11-06,South,Clothing,Jeans,227.08,7.0,0.0,CASH,33.0
ORD10250,2024-05-09,SOUTH,Toys,Board Game,326.85,3.0,0.0,Credit Card,36.0
ORD11625,2025-12-11,North,Groceries,Cereal,70.01,3.0,0.0,Debit Card,26.0
ORD10402,2025-08-30,West,Electronics,Smartwatch,327.22,6.0,0.0,Cash,43.0
ORD10329,2025-09-13,North,Furniture,Office Chair,173.5,8.0,0.0,Cash,33.0
ORD13759,2025-01-29,West,Groceries,Snacks,145.3,7.0,0.0,Online Wallet,32.0
ORD12741,2025-07-29,West,Clothing,Cap,491.83,-5.0,0.0,Debit Card,27.0
ORD10393,2024-08-22,West,Groceries,Pasta,187.05,9.0,10.0,Debit Card,27.0
ORD10610,2025-08-30, west ,Electronics,Headphones,92.56,6.0,0.0,Credit Card,43.0
ORD12665,2024-08-26,North,Furniture,Office Chair,289.48,9.0,0.0,Cash,61.0
ORD13665,2025-04-13,South,Furniture,Bed Frame,468.91,8.0,0.0,Online Wallet,62.0
ORD14146,2025-05-04,South,Clothing,Cap,56.39,1.0,0.0,Online Wallet,33.0
ORD13069,2025-02-25,South,Clothing,Jeans,496.93,1.0,10.0,Debit Card,58.0
ORD13201,2025-05-06,North,Electronics,Smartwatch,235.18,8.0,5.0,CASH,62.0
ORD14837,2025-05-09,North,Clothing,T-Shirt,459.45,7.0,0.0,Debit Card,52.0
ORD12675,2024-03-29,West,Toys,Puzzle,92.09,5.0,0.0,Cash,49.0
ORD13540,2025-09-17,South,Clothing,Jacket,401.48,1.0,0.0, credit card ,54.0
ORD13266,2025-01-18,South,Clothing,T-Shirt,286.03,4.0,5.0,Debit Card,59.0
ORD14186,2025-09-15,East,Clothing,Jeans,51.55,6.0,0.0,Credit Card,58.0
ORD10205,2025-12-19,East,Groceries,Juice,281.28,4.0,0.0, debit card ,26.0
ORD14268,2025-05-30,South, electronics ,Laptop,182.01,1.0,10.0,Credit Card,57.0
ORD11213,2024-10-19,NORTH,Toys,Board Game,297.48,3.0,5.0,ONLINE WALLET,45.0
ORD13080,2024-08-14,North,Groceries,Coffee,447.46,9.0,10.0,Cash,23.0
ORD13382,2024-09-02,SOUTH,Furniture,Desk,7.45,2.0,5.0,Online Wallet,47.0
ORD12036,2024-07-08,North,Furniture,Bookshelf,293.19,7.0,0.0,Credit Card,52.0
ORD14203,2025-04-25,North,Furniture,Sofa,,7.0,0.0,Credit Card,26.0
ORD12458,2024-03-03,West,Electronics,Tablet,343.33,8.0,5.0,Online Wallet,47.0
ORD13048,2025-11-27, north ,Toys,Lego Set,296.68,9.0,5.0,Debit Card,52.0
ORD14960,2025-04-28,North,Toys,Action Figure,177.76,5.0,0.0,Cash,48.0
ORD13900,2025-08-08,East,ELECTRONICS,Headphones,476.26,8.0,5.0,Cash,34.0
ORD10642,2025-07-10,East,Clothing,Cap,278.88,3.0,10.0,Online Wallet,31.0
ORD13213,2024-06-23,West,Toys,RC Car,42.28,1.0,5.0,Cash,59.0
ORD13814,2025-03-30, south ,Groceries,Coffee,56.5,8.0,0.0,Debit Card,31.0
ORD11650,2024-08-20,East,Electronics,Laptop,449.03,8.0,0.0,Cash,
ORD13118,2024-12-04,South,CLOTHING,Cap,357.3,5.0,0.0,Cash,54.0
ORD11596,2024-10-20,EAST,Furniture,Bed Frame,302.1,8.0,0.0,Cash,36.0
ORD12061,2025-09-14,North, toys ,Action Figure,168.46,9.0,0.0,Cash,35.0
ORD11177,2024-07-30, south ,Groceries,Coffee,369.04,2.0,0.0,Credit Card,34.0
ORD11891,2025-07-12,North,Toys,Lego Set,399.55,9.0,5.0,Cash,61.0
ORD14829,2024-02-03,South,Electronics,Tablet,307.0,2.0,0.0,Debit Card,54.0
ORD11962,2025-04-13,North,Groceries,Cereal,320.45,4.0,0.0, credit card ,23.0
ORD11236,2024-06-18,South,Toys,RC Car,425.74,7.0,10.0,Debit Card,24.0
ORD10659,2024-04-18,North,Clothing,T-Shirt,209.14,5.0,5.0,Online Wallet,62.0
ORD11630,2024-05-19,East,Electronics,Tablet,286.91,8.0,15.0,Online Wallet,33.0
ORD10771,2024-09-03,West,FURNITURE,Office Chair,399.71,8.0,0.0,Cash,51.0
ORD13359,2025-06-21,North,TOYS,RC Car,97.59,6.0,10.0,Credit Card,52.0
ORD10044,2025-09-27,South,Groceries,Pasta,358.72,3.0,5.0,Cash,36.0
ORD12158,2024-10-03,North,Furniture,Desk,463.0,4.0,,ONLINE WALLET,64.0
ORD10196,2024-12-29,West,Groceries,Pasta,385.02,8.0,0.0,Cash,49.0
ORD12019,2025-07-22,West,Groceries,Coffee,382.27,,0.0,Debit Card,31.0
ORD14376,2024-10-10,North,Clothing,Cap,69.16,,0.0,Online Wallet,40.0
ORD10102,2024-01-13,South,FURNITURE,Sofa,343.86,4.0,0.0,Credit Card,26.0
ORD12762,2025-12-02,West,Groceries,Pasta,34.02,6.0,5.0,Online Wallet,41.0
ORD13032,2024-04-04,West,Electronics,Tablet,141.12,5.0,10.0,Debit Card,18.0
ORD10218,2024-04-11,EAST,Electronics,Headphones,41.23,3.0,0.0,Debit Card,27.0
ORD14183,2025-02-12,North, clothing ,Cap,289.55,4.0,0.0,Credit Card,39.0
ORD12249,2025-05-09,South,Clothing,T-Shirt,228.38,3.0,0.0,Credit Card,52.0
ORD14761,2024-08-13,South, toys ,RC Car,486.25,5.0,0.0,Debit Card,36.0
ORD11414,2025-01-09,North,GROCERIES,Snacks,392.29,1.0,20.0,Credit Card,54.0
ORD12228,2025-01-15, south ,Groceries,Snacks,321.32,9.0,20.0,Cash,43.0
ORD10863,2024-08-16,North,Groceries,Coffee,367.45,7.0,0.0,Online Wallet,29.0
ORD10136,2024-01-04,South,Electronics,Laptop,,2.0,0.0, cash ,23.0
ORD14089,2024-02-07,East,Electronics,Headphones,355.23,,0.0,Cash,48.0
ORD13375,2025-11-09,North, toys ,Lego Set,49.4,,5.0,Credit Card,18.0
ORD11273,2024-04-18,West,Groceries,Snacks,245.14,,0.0,Cash,69.0
ORD10133,2024-09-12, north ,Groceries,Pasta,278.26,2.0,10.0,Cash,
ORD11536,2024-03-21, south ,Clothing,Jacket,166.74,3.0,0.0,Online Wallet,36.0
ORD13179,2025-01-31,North,Clothing,Jeans,72.13,8.0,20.0,Cash,59.0
ORD10757,2025-01-31,West,Groceries,Coffee,326.1,4.0,0.0,Credit Card,63.0
ORD11412,2025-07-10,East,Furniture,Desk,146.66,3.0,10.0,Debit Card,30.0
ORD11160,2024-07-25,West,Toys,Board Game,200.07,5.0,0.0,Online Wallet,66.0
ORD10462,2025-07-21,NORTH,Electronics,Smartwatch,394.75,2.0,0.0,Cash,55.0
ORD12981,2025-10-14,North, groceries ,Cereal,262.68,-4.0,5.0,Debit Card,
ORD10933,2025-07-23, west ,Toys,Board Game,356.32,7.0,,ONLINE WALLET,56.0
ORD14450,2024-09-15,EAST,Electronics,Tablet,400.67,3.0,15.0, credit card ,27.0
ORD12233,2024-12-19,South,Toys,RC Car,,2.0,10.0,Cash,53.0
ORD13608,2024-04-19,East,Furniture,Bed Frame,172.23,3.0,0.0,Debit Card,33.0
ORD11301,2025-06-14,North,Groceries,Snacks,258.45,9.0,0.0,Debit Card,54.0
ORD10082,2024-04-12,East,Furniture,Bookshelf,72.5,2.0,0.0,Debit Card,35.0
ORD12445,2025-04-04,SOUTH,Electronics,Smartphone,294.8,8.0,0.0,Cash,65.0
ORD12910,2025-06-02,West,Clothing,Jeans,452.01,5.0,5.0,Debit Card,25.0
ORD11540,2025-07-22,West,Clothing,T-Shirt,268.25,9.0,0.0,Credit Card,63.0
ORD11702,2025-01-13,East,Toys,Puzzle,403.79,4.0,5.0,Credit Card,68.0
ORD11720,2025-04-13,North,Groceries,Pasta,452.56,3.0,5.0,Debit Card,69.0
ORD12318,2025-02-18,East,Toys,Board Game,451.28,7.0,15.0,Cash,68.0
ORD14855,2025-07-19,West, electronics ,Smartwatch,314.33,2.0,0.0,Credit Card,18.0
ORD10190,2025-12-16,South,Electronics,Headphones,436.13,,0.0,Online Wallet,64.0
ORD13014,2024-01-10,West,Furniture,Sofa,,7.0,0.0,Online Wallet,58.0
ORD13685,2025-03-04,East,Electronics,Tablet,45.21,9.0,0.0,CASH,50.0
ORD13435,2024-07-20,WEST,Clothing,T-Shirt,388.05,1.0,10.0,Cash,56.0
ORD10927,2025-07-14,East,Clothing,Jacket,85.99,8.0,0.0,CASH,45.0
ORD13323,2024-05-12,East,Toys,Board Game,143.27,1.0,5.0,Online Wallet,57.0
ORD11427,2024-05-23,South,Electronics,Smartphone,67.2,3.0,10.0, online wallet ,54.0
ORD11016,2025-11-07,West,Electronics,Smartwatch,33.82,4.0,0.0,Cash,63.0
ORD10587,2024-02-03, east ,Toys,Board Game,100.75,6.0,0.0,Debit Card,69.0
ORD10100,2025-12-24,South,Toys,Action Figure,256.27,1.0,0.0,Credit Card,
ORD11477,2025-11-04, east , groceries ,Cereal,223.87,3.0,0.0,Debit Card,59.0
ORD13652,2024-06-24,East,ELECTRONICS,Tablet,351.81,5.0,0.0,Credit Card,39.0
ORD10366,2025-08-04,West,GROCERIES,Juice,296.42,4.0,0.0,Credit Card,41.0
ORD10593,2024-12-06,East,ELECTRONICS,Laptop,390.86,2.0,0.0,Credit Card,50.0
ORD10486,2024-11-12,South,GROCERIES,Juice,56.32,9.0,0.0,Credit Card,54.0
ORD12694,2024-10-19,East,Groceries,Pasta,252.15,6.0,0.0, credit card ,38.0
ORD11897,2024-08-02,West,Furniture,Bookshelf,51.16,8.0,10.0,CASH,55.0
ORD12930,2024-02-20,North,Groceries,Coffee,424.17,1.0,15.0,Debit Card,42.0
ORD14520,2024-10-16,West,Furniture,Sofa,55.04,6.0,0.0,Debit Card,53.0
ORD14180,2025-06-22,West,Toys,Action Figure,327.84,3.0,20.0,Online Wallet,26.0
ORD13218,2024-07-24,North,Furniture,Bed Frame,42.22,4.0,20.0,Debit Card,56.0
ORD13865,2025-08-29,West,Electronics,Laptop,470.44,3.0,0.0,Online Wallet,22.0
ORD10757,2025-01-31,West,Groceries,Coffee,326.1,4.0,0.0,Credit Card,63.0
ORD11179,2025-08-12,North, clothing ,Jeans,226.84,4.0,0.0,Debit Card,25.0
ORD10599,2025-04-18,West, electronics ,Smartphone,299.1,8.0,0.0,DEBIT CARD,26.0
ORD13938,2024-12-08,North,Furniture,Bookshelf,45.25,9.0,,Debit Card,65.0
ORD11457,2025-04-15,East,Furniture,Sofa,58.76,9.0,0.0,Cash,65.0
ORD11230,2024-05-13,West,Electronics,Tablet,314.96,4.0,5.0,Debit Card,58.0
ORD10358,2025-09-29,East, toys ,Board Game,197.79,6.0,0.0,Credit Card,58.0
ORD13509,2025-06-23, north ,Clothing,T-Shirt,175.27,8.0,0.0,Credit Card,21.0
ORD11343,2024-03-08,North,Furniture,Sofa,88.71,5.0,0.0,Online Wallet,54.0
ORD14587,2025-07-22,East,Groceries,Juice,157.19,9.0,,Debit Card,68.0
ORD14929,2024-05-26, south ,Groceries,Pasta,259.6,7.0,0.0,Credit Card,32.0
ORD14312,2024-02-14,South,Furniture,Sofa,232.56,4.0,10.0,Credit Card,44.0
ORD11549,2024-07-04,East, groceries ,Cereal,470.77,6.0,0.0,Credit Card,69.0
ORD10941,2024-01-20,South,Clothing,Cap,480.31,3.0,0.0,Online Wallet,55.0
ORD14963,2024-02-21,East,Toys,RC Car,274.77,4.0,0.0,Cash,65.0
ORD10557,2025-11-28,East,Furniture,Office Chair,218.46,2.0,0.0,Online Wallet,42.0
ORD12872,2025-11-07,South,Toys,Puzzle,364.49,7.0,0.0, credit card ,25.0
ORD11729,2025-06-06,EAST,Clothing,Jacket,241.01,4.0,5.0,Online Wallet,47.0
ORD12706,2025-11-11,West,Furniture,Office Chair,189.52,9.0,5.0,Online Wallet,28.0
ORD11523,2024-01-15,North,Electronics,Laptop,,5.0,20.0,Online Wallet,61.0
ORD14693,2025-07-01,South,Groceries,Coffee,215.09,5.0,0.0,Online Wallet,68.0
ORD10191,2024-07-26,West,Clothing,Jacket,276.06,6.0,0.0,CASH,58.0
ORD13862,2024-10-30,North,Furniture,Bookshelf,112.26,,0.0,Cash,66.0
ORD12349,2025-06-06,East,Clothing,Jacket,285.64,4.0,20.0,Debit Card,55.0
ORD12064,2024-09-24,East,Groceries,Cereal,352.46,8.0,0.0,Online Wallet,19.0
ORD14427,2025-05-18,North,Furniture,Desk,332.78,7.0,0.0,Online Wallet,68.0
ORD11248,2025-01-12,South,TOYS,Puzzle,94.7,4.0,5.0,Credit Card,57.0
ORD13283,2025-04-27,South,Toys,Board Game,28.15,8.0,15.0,Credit Card,38.0
ORD10197,2024-04-26,South,Electronics,Tablet,200.78,4.0,10.0,Debit Card,53.0
ORD14942,2024-10-13,East,Groceries,Juice,351.82,5.0,0.0,DEBIT CARD,47.0
ORD11635,2024-01-22, east ,Electronics,Tablet,392.13,9.0,0.0,Online Wallet,60.0
ORD11159,2024-06-14,South,Electronics,Tablet,374.6,1.0,0.0,Cash,48.0
ORD10256,2025-08-13, south ,Clothing,Cap,293.16,7.0,0.0,Cash,22.0
ORD13625,2024-05-11, north ,Groceries,Cereal,320.69,5.0,0.0,Credit Card,24.0
ORD14455,2025-12-12,South,Clothing,T-Shirt,468.67,3.0,0.0,DEBIT CARD,20.0
ORD12093,2024-01-01,East,Groceries,Cereal,74.04,8.0,0.0,Online Wallet,32.0
ORD13639,2025-05-12,South, toys ,Lego Set,74.04,8.0,0.0,Online Wallet,32.0
ORD10119,2024-11-04, east ,Clothing,Cap,170.92,4.0,5.0,Debit Card,58.0
ORD14426,2024-02-17, north ,Toys,Board Game,73.53,2.0,0.0,Online Wallet,43.0
ORD10246,2024-03-13,South,Clothing,Sneakers,164.65,3.0,0.0,Debit Card,52.0
ORD10808,2025-03-19, east ,Clothing,Jacket,225.93,8.0,,Cash,56.0
ORD11078,2025-02-18,South, clothing ,Sneakers,111.55,9.0,0.0,CASH,63.0
ORD14824,2025-11-29,North,Furniture,Sofa,189.7,2.0,0.0,Credit Card,40.0
ORD10951,2025-01-13,South,Furniture,Bookshelf,275.8,2.0,5.0,Credit Card,57.0
ORD11102,2024-11-22,West,Clothing,Cap,59.13,6.0,0.0,Cash,47.0
ORD10013,2025-09-04,North,Clothing,Jacket,486.0,3.0,5.0,Debit Card,31.0
ORD12038,2024-05-22,North,CLOTHING,Jeans,,6.0,0.0,Online Wallet,48.0
ORD10759,2024-01-11,West,Toys,Puzzle,349.42,5.0,20.0,Credit Card,65.0
ORD13998,2024-06-23,West,Groceries,Juice,449.67,4.0,0.0,Credit Card,19.0
ORD13949,2024-03-21,West,Furniture,Desk,292.19,8.0,0.0,Credit Card,21.0
ORD10343,2025-10-19,East,Toys,Puzzle,61.67,,0.0,DEBIT CARD,54.0
ORD10646,2025-06-13,North, toys ,Board Game,464.39,2.0,0.0,Cash,45.0
ORD12459,2024-02-08,West,Toys,Action Figure,43.0,2.0,15.0,Debit Card,34.0
ORD12819,2024-10-31,East,Clothing,Sneakers,13.73,7.0,10.0,Debit Card,69.0
ORD13178,2024-07-16,West,Toys,Puzzle,412.72,5.0,0.0,Debit Card,21.0
ORD13746,2024-01-04,West, toys ,Action Figure,408.1,5.0,0.0,Debit Card,63.0
ORD12753,2025-02-05,South,Furniture,Office Chair,99.47,,0.0,Cash,31.0
ORD12640,2025-03-29,South,Toys,Action Figure,339.32,4.0,0.0,Credit Card,19.0
ORD14043,2024-10-31,East, electronics ,Tablet,162.68,3.0,15.0,CREDIT CARD,32.0
ORD10273,2025-10-22,North,Furniture,Bed Frame,489.31,8.0,0.0,CASH,61.0
ORD10045,2024-12-11,East,Groceries,Snacks,,5.0,0.0,Cash,26.0
ORD13921,2024-09-15, east , electronics ,Laptop,264.59,2.0,0.0,Online Wallet,61.0
ORD11356,2024-10-03,EAST,Clothing,Sneakers,210.17,2.0,0.0,Cash,64.0
ORD11147,2024-11-03,East,Furniture,Bookshelf,105.69,6.0,10.0,Credit Card,61.0
ORD13706,2025-12-24,West,Furniture,Bed Frame,341.58,,0.0,Credit Card,64.0
ORD13872,2025-06-13,North,Toys,Board Game,330.44,6.0,10.0,Credit Card,38.0
ORD11852,2024-10-20,West,Toys,Action Figure,193.1,4.0,0.0, online wallet ,52.0
ORD10099,2025-03-16,South,Electronics,Laptop,360.64,8.0,0.0,Credit Card,61.0
ORD10756,2024-09-14,South,Toys,RC Car,10.22,7.0,15.0,Online Wallet,29.0
ORD13206,2024-11-04,South,Toys,Board Game,342.65,1.0,0.0,Cash,21.0
ORD13607,2024-10-23,East,Electronics,Tablet,268.11,9.0,0.0,Cash,44.0
ORD10335,2024-06-10, west , groceries ,Snacks,239.08,9.0,0.0,Cash,55.0
ORD14185,2025-12-12,East,Toys,Lego Set,48.26,5.0,10.0,Cash,21.0
ORD14479,2024-07-12, south ,Clothing,Jeans,79.9,9.0,15.0,Credit Card,28.0
ORD14099,2025-08-22, north ,Groceries,Snacks,163.37,7.0,0.0,ONLINE WALLET,62.0
ORD10040,2024-01-20,North,Electronics,Tablet,326.73,,0.0,Online Wallet,51.0
ORD13960,2024-03-31,NORTH,Furniture,Desk,483.72,7.0,20.0,Debit Card,22.0
ORD13755,2025-02-11,North,Toys,Lego Set,322.82,3.0,0.0,Cash,46.0
ORD14457,2024-02-20,East,Electronics,Headphones,291.55,4.0,0.0,Debit Card,64.0
ORD12270,2024-09-21,East,Electronics,Headphones,22.19,1.0,,Online Wallet,27.0
ORD13828,2024-10-09,NORTH,CLOTHING,Sneakers,33.09,3.0,0.0,Cash,34.0
ORD12358,2024-08-21,West,Clothing,Jacket,118.81,4.0,0.0,Online Wallet,42.0
ORD11745,2024-06-06,West,Groceries,Pasta,210.31,5.0,5.0,Credit Card,65.0
ORD14678,2024-03-19,East,Furniture,Desk,126.55,7.0,0.0,Online Wallet,69.0
ORD13910,2024-01-14,South,Furniture,Sofa,331.06,9.0,15.0,DEBIT CARD,22.0
ORD14414,2025-12-07,West,Electronics,Tablet,399.46,1.0,0.0,Online Wallet,56.0
ORD14835,2025-10-29,West, toys ,Action Figure,65.93,2.0,0.0,Cash,37.0
ORD12778,2025-07-08,South,Toys,RC Car,459.78,4.0,20.0,Online Wallet,40.0
ORD13603,2024-08-06,North,Toys,RC Car,34.53,9.0,0.0,Cash,22.0
ORD12338,2024-09-09,South,Furniture,Desk,335.44,5.0,5.0,Credit Card,19.0
ORD10306,2024-09-10,NORTH,Electronics,Smartphone,175.11,1.0,0.0,Cash,23.0
ORD11385,2024-10-29,North,Furniture,Sofa,302.65,2.0,0.0,Online Wallet,53.0
ORD13973,2025-01-24,East, groceries ,Cereal,145.46,2.0,0.0,Credit Card,18.0
ORD11928,2025-03-23,North,Clothing,Jacket,201.48,6.0,0.0, online wallet ,69.0
ORD13856,2024-04-26,North,Furniture,Desk,121.54,8.0,0.0, debit card ,26.0
ORD11060,2025-10-11,East,Clothing,Jeans,45.96,1.0,15.0,Debit Card,22.0
ORD10994,2025-08-04,West,Electronics,Laptop,36.93,2.0,5.0,Credit Card,31.0
ORD13257,2025-12-17,North,Clothing,Jeans,129.51,9.0,0.0,Cash,61.0
ORD11132,2025-04-30, north ,Clothing,Jacket,360.9,9.0,0.0,Cash,53.0
ORD12366,2025-01-18,West,Furniture,Desk,29.93,5.0,0.0,Debit Card,30.0
ORD10553,2024-08-29,WEST,Clothing,Jacket,282.49,4.0,0.0,Cash,28.0
ORD11854,2024-02-01, south , electronics ,Tablet,,3.0,0.0,Debit Card,55.0
ORD13391,2025-04-05,East,Groceries,Juice,114.78,8.0,20.0,CREDIT CARD,40.0
ORD14719,2024-04-24,North,Furniture,Bookshelf,321.36,2.0,0.0,Cash,22.0
ORD12833,2024-08-27,West,Electronics,Headphones,369.45,7.0,0.0,Debit Card,22.0
ORD10017,2024-11-26,South,Groceries,Juice,165.55,7.0,10.0,Cash,50.0
ORD11956,2025-05-28,West,Toys,Action Figure,13.69,2.0,,Debit Card,32.0
ORD14424,2025-01-21,East,Furniture,Sofa,423.37,6.0,0.0,Online Wallet,
ORD10188,2024-04-12,South,Groceries,Snacks,70.69,7.0,0.0,DEBIT CARD,67.0
ORD10988,2025-07-02,East,Toys,Puzzle,444.98,6.0,0.0,Credit Card,43.0
ORD13227,2024-10-20,South,Electronics,Headphones,402.24,7.0,0.0,Debit Card,26.0
ORD10313,2025-07-24,East,Groceries,Snacks,85.31,5.0,0.0,Credit Card,21.0
ORD10494,2025-03-12,East,Groceries,Snacks,408.4,4.0,0.0,Cash,23.0
ORD13819,2025-12-15,NORTH,Electronics,Headphones,488.79,6.0,5.0,Online Wallet,48.0
ORD10685,2024-10-24,East, groceries ,Coffee,276.71,2.0,,Credit Card,58.0
ORD13483,2025-06-07,West,Clothing,Jeans,457.56,7.0,20.0,Online Wallet,62.0
ORD13926,2024-11-22,South,Furniture,Bookshelf,399.96,5.0,0.0,Online Wallet,37.0
ORD14774,2024-08-16,West,Groceries,Cereal,19.58,7.0,15.0,Debit Card,52.0
ORD13896,2024-03-24, west ,Groceries,Juice,,6.0,0.0,Credit Card,45.0
ORD12197,2025-08-21,West,Toys,Lego Set,113.57,3.0,0.0,DEBIT CARD,18.0
ORD14360,2024-07-08,South,Clothing,Cap,375.95,,0.0,Online Wallet,18.0
ORD14389,2025-11-07,West,Toys,Lego Set,170.74,1.0,0.0,Cash,69.0
ORD14607,2024-12-06,East,Toys,Puzzle,217.89,3.0,0.0,Debit Card,37.0
ORD13354,2025-03-15,South,Toys,Action Figure,490.34,3.0,0.0,Debit Card,19.0
ORD10761,2024-10-26,North,Toys,Action Figure,225.68,,0.0,Credit Card,45.0
ORD12846,2025-08-16,West,Electronics,Tablet,69.76,5.0,5.0,ONLINE WALLET,43.0
ORD13147,2025-05-31, south ,Furniture,Bookshelf,162.57,8.0,0.0,Online Wallet,34.0
ORD11021,2024-12-17,East,Toys,Lego Set,148.73,8.0,0.0,CREDIT CARD,64.0
ORD13016,2025-07-06, east ,Toys,RC Car,392.55,6.0,0.0,CASH,69.0
ORD10420,2025-08-02,West,Electronics,Smartphone,292.9,8.0,0.0,Cash,29.0
ORD14107,2025-08-19,South,Clothing,Sneakers,117.0,2.0,0.0,Debit Card,61.0
ORD13971,2024-02-22,East,Clothing,T-Shirt,205.22,6.0,15.0,Credit Card,45.0
ORD14744,2025-08-26,West,Groceries,Cereal,394.04,6.0,0.0,Credit Card,19.0
ORD10589,2025-09-29,North,Furniture,Desk,269.9,6.0,0.0,Credit Card,61.0
ORD11351,2025-09-13,North, clothing ,T-Shirt,253.05,6.0,5.0,Online Wallet,22.0
ORD12618,2024-10-10,West,CLOTHING,Jeans,162.4,7.0,5.0,Online Wallet,41.0
ORD12117,2024-03-05,North,Clothing,T-Shirt,239.24,7.0,10.0,Online Wallet,38.0
ORD13498,2024-12-17,West,Clothing,Cap,38.6,5.0,0.0,Cash,61.0
ORD11344,2025-02-05,SOUTH, furniture ,Office Chair,466.99,8.0,0.0,Cash,46.0
ORD11034,2025-10-25,North,GROCERIES,Juice,80.35,9.0,0.0,Online Wallet,58.0
ORD10316,2025-12-28,North,Groceries,Coffee,249.64,3.0,10.0,Debit Card,43.0
ORD14943,2025-01-05,West,Electronics,Headphones,148.55,5.0,0.0,Credit Card,59.0
ORD10331,2025-11-14,East,Groceries,Pasta,61.89,9.0,15.0,ONLINE WALLET,52.0
ORD12536,2024-05-17,West,CLOTHING,Jeans,99.22,7.0,0.0, online wallet ,61.0
ORD14169,2024-08-07,WEST,GROCERIES,Coffee,,5.0,0.0,ONLINE WALLET,47.0
ORD11321,2024-06-16,North,Toys,RC Car,58.42,5.0,0.0, online wallet ,66.0
ORD11941,2025-09-27, south , clothing ,Jeans,213.56,6.0,5.0,Credit Card,43.0
ORD13579,2025-11-19,North,Clothing,Jeans,284.19,3.0,0.0,Cash,59.0
ORD11010,2025-11-11,East,Groceries,Pasta,,5.0,0.0,Debit Card,
ORD13137,2024-01-24,East,Toys,RC Car,,6.0,5.0,Debit Card,18.0
ORD13370,2024-08-14,South,Furniture,Sofa,368.83,6.0,0.0,Credit Card,30.0
ORD12624,2024-12-20, north ,Electronics,Headphones,187.01,1.0,0.0,Cash,64.0
ORD10330,2025-10-31,West,Toys,Puzzle,217.45,2.0,0.0,Credit Card,22.0
ORD14533,2025-10-28,South,Groceries,Juice,305.06,5.0,5.0,ONLINE WALLET,48.0
ORD11435,2024-02-19,West,Toys,Puzzle,385.36,4.0,0.0,ONLINE WALLET,49.0
ORD12179,2025-01-27,West,TOYS,Lego Set,471.01,7.0,0.0,Cash,69.0
ORD12242,2024-03-15,SOUTH,Electronics,Headphones,295.12,7.0,0.0,Debit Card,66.0
ORD11004,2025-12-16,West,Furniture,Desk,481.29,8.0,15.0,Credit Card,32.0
ORD14621,2025-10-09,SOUTH,Electronics,Tablet,475.72,5.0,0.0, credit card ,25.0
ORD10032,2024-02-02,WEST,Clothing,T-Shirt,273.56,,0.0,Debit Card,63.0
ORD12078,2025-02-23,West,Groceries,Cereal,151.6,1.0,0.0,Cash,66.0
ORD13549,2024-01-31,North,Toys,Action Figure,38.94,3.0,0.0,Debit Card,39.0
ORD10789,2025-12-09,South,Toys,Lego Set,33.58,4.0,0.0,Credit Card,21.0
ORD11857,2025-07-24,East, clothing ,Jeans,306.9,,0.0,Cash,
ORD13144,2024-10-31,East,Toys,Board Game,256.13,9.0,5.0,Cash,22.0
ORD14407,2024-07-15,West,Toys,RC Car,405.68,3.0,0.0,Debit Card,51.0
ORD13066,2024-03-11,West,Groceries,Pasta,461.35,2.0,0.0,Credit Card,32.0
ORD11785,2025-12-16,North,Electronics,Headphones,426.75,8.0,10.0, cash ,54.0
ORD11122,2024-09-25,North,Toys,Board Game,431.21,5.0,0.0,Cash,52.0
ORD11909,2025-10-25,West,FURNITURE,Bed Frame,487.1,,0.0,Cash,23.0
ORD12107,2024-02-18,South,Toys,Puzzle,332.14,8.0,0.0,Cash,59.0
ORD13015,2024-12-05, west ,Toys,Board Game,282.97,1.0,0.0,Cash,29.0
ORD14108,2025-07-21,East,Electronics,Laptop,405.82,3.0,10.0,Debit Card,21.0
ORD13899,2025-11-26, east ,Furniture,Office Chair,9.71,3.0,0.0,DEBIT CARD,20.0
ORD14859,2025-08-28,WEST,Toys,Action Figure,463.8,9.0,0.0,Debit Card,57.0
ORD11125,2025-07-19,North,Furniture,Bed Frame,447.52,9.0,0.0,Online Wallet,54.0
ORD14756,2025-01-19,West,Clothing,T-Shirt,156.11,1.0,0.0,Online Wallet,63.0
ORD10221,2025-03-02,West,Clothing,Jeans,14.03,7.0,0.0, online wallet ,64.0
ORD11533,2024-12-10,East,Clothing,Cap,166.99,2.0,0.0,Debit Card,46.0
ORD11398,2024-06-12,North,Electronics,Laptop,176.25,7.0,5.0,Debit Card,35.0
ORD12641,2024-01-22,WEST,ELECTRONICS,Laptop,244.0,7.0,5.0,Credit Card,63.0
ORD11995,2025-09-03,West,Clothing,Jeans,303.07,7.0,5.0,Debit Card,43.0
ORD13528,2024-09-14,East,Clothing,Jeans,133.12,6.0,0.0,CREDIT CARD,28.0
ORD14370,2025-10-10,North,Toys,Board Game,488.93,3.0,0.0,Debit Card,57.0
ORD12883,2024-07-16,North,Toys,Puzzle,270.94,4.0,20.0,Online Wallet,65.0
ORD11922,2024-01-17,West,Clothing,Sneakers,178.57,6.0,0.0,Debit Card,23.0
ORD11056,2024-08-25,West,Furniture,Bed Frame,386.37,4.0,0.0,Credit Card,21.0
ORD13668,2024-10-20,North,Electronics,Tablet,364.01,7.0,0.0,Online Wallet,24.0
ORD13486,2025-01-28,SOUTH,Groceries,Coffee,362.31,4.0,10.0, credit card ,68.0
ORD14065,2024-01-07,South,Groceries,Juice,177.46,7.0,20.0,Credit Card,34.0
ORD12739,2025-06-12,South,Groceries,Cereal,183.08,,10.0,CREDIT CARD,43.0
ORD13710,2025-11-18,West,Groceries,Pasta,75.89,8.0,0.0,CREDIT CARD,57.0
ORD11233,2025-04-16,North,Furniture,Bed Frame,333.14,1.0,0.0,ONLINE WALLET,39.0
ORD10932,2024-06-28,North,Electronics,Tablet,327.23,7.0,0.0,Online Wallet,24.0
ORD14797,2024-09-25,West, electronics ,Smartphone,43.66,3.0,0.0,Debit Card,57.0
ORD11577,2024-09-29,North,Clothing,Cap,97.09,5.0,0.0,Online Wallet,62.0
ORD13446,2025-08-03,East,Toys,Lego Set,203.4,6.0,20.0, cash ,34.0
ORD12429,2025-09-02,West,Clothing,Sneakers,493.79,9.0,0.0,CREDIT CARD,40.0
ORD14873,2025-12-28,West,Toys,Lego Set,149.34,7.0,0.0,Online Wallet,37.0
ORD13091,2024-07-27,East,Toys,Lego Set,9.95,3.0,0.0,Debit Card,21.0
ORD10058,2025-12-29,West,Electronics,Tablet,163.42,3.0,0.0,Online Wallet,58.0
ORD12905,2025-01-06,NORTH,Toys,Board Game,401.53,5.0,0.0,Online Wallet,24.0
ORD14609,2024-02-29,East,Toys,Puzzle,176.05,2.0,0.0,Online Wallet,30.0
ORD13085,2025-01-24,West,Toys,Lego Set,487.32,7.0,0.0, credit card ,30.0
ORD13876,2024-12-15, south , toys ,Action Figure,181.77,4.0,10.0,Credit Card,19.0
ORD10116,2024-12-21,West,Groceries,Cereal,459.78,5.0,15.0,Online Wallet,59.0
ORD12856,2025-04-29,West,Groceries,Cereal,486.06,8.0,0.0,Cash,35.0
ORD14369,2025-05-25,North,CLOTHING,T-Shirt,56.67,7.0,0.0,Online Wallet,56.0
ORD14167,2024-07-23,North,Electronics,Smartphone,,9.0,15.0,Debit Card,37.0
ORD14470,2024-01-17,East,Furniture,Desk,212.39,2.0,0.0,Debit Card,34.0
ORD12275,2024-08-19,West, electronics ,Smartphone,88.45,7.0,0.0,Cash,32.0
ORD10965,2025-05-14,South,Groceries,Juice,62.76,6.0,0.0, credit card ,43.0
ORD12855,2025-03-17,West,Furniture,Office Chair,434.0,9.0,0.0,Debit Card,69.0
ORD11277,2024-11-01,South,Clothing,T-Shirt,294.82,4.0,0.0,Cash,54.0
ORD12586,2024-06-01,West,Toys,Puzzle,273.75,1.0,5.0,Credit Card,69.0
ORD12925,2025-06-21,SOUTH,Toys,RC Car,44.93,6.0,15.0,Credit Card,27.0
ORD10662,2025-05-17,West,Clothing,Jeans,289.06,,0.0,Debit Card,66.0
ORD10772,2024-03-20,South,ELECTRONICS,Tablet,270.4,4.0,15.0,Debit Card,61.0
ORD10582,2024-05-20,West,Clothing,Sneakers,417.02,1.0,0.0,Credit Card,53.0
ORD13072,2024-12-04,East,Furniture,Sofa,347.59,4.0,20.0,ONLINE WALLET,63.0
ORD13100,2025-12-13,West,Furniture,Office Chair,21.65,7.0,0.0,Credit Card,32.0
ORD13133,2025-10-30,North,GROCERIES,Cereal,197.25,2.0,0.0,Credit Card,39.0
ORD14127,2024-12-27,South,Groceries,Cereal,151.35,1.0,0.0,Online Wallet,42.0
ORD13635,2024-07-06,North,Electronics,Headphones,32.69,3.0,0.0,Cash,44.0
ORD10854,2025-10-04,North,Furniture,Sofa,105.86,9.0,0.0,Debit Card,20.0
ORD12655,2025-06-02,North,Groceries,Juice,497.5,4.0,10.0, debit card ,57.0
ORD11217,2025-11-18,NORTH,TOYS,Action Figure,85.96,8.0,0.0,CREDIT CARD,62.0
ORD14242,2024-08-15,North,Furniture,Desk,254.18,8.0,0.0,Debit Card,21.0
ORD12921,2025-06-01,South,Furniture,Bookshelf,127.37,6.0,0.0,Debit Card,63.0
ORD13690,2025-01-06,North,Groceries,Cereal,255.42,9.0,0.0, credit card ,48.0
ORD10874,2025-10-16,West,Toys,Board Game,208.51,9.0,,Debit Card,66.0
ORD14176,2024-04-17, north ,Groceries,Cereal,56.26,4.0,0.0,Online Wallet,24.0
ORD13886,2025-10-30,North,Electronics,Headphones,,2.0,5.0,Debit Card,46.0
ORD14940,2025-08-16,WEST,Furniture,Desk,24.73,1.0,0.0,Debit Card,53.0
ORD13546,2025-06-22,South,FURNITURE,Bed Frame,334.37,6.0,0.0,ONLINE WALLET,68.0
ORD10579,2024-04-30,WEST,Electronics,Smartphone,212.72,6.0,0.0,Online Wallet,66.0
ORD14794,2025-04-26,South,Toys,RC Car,314.2,5.0,0.0, cash ,38.0
ORD10749,2024-02-26,East, furniture ,Office Chair,31.11,7.0,0.0,Online Wallet,24.0
ORD13851,2024-06-14,East,Clothing,Cap,117.2,4.0,0.0,Cash,
ORD12478,2024-12-07,West,Electronics,Headphones,24.87,2.0,0.0, credit card ,63.0
ORD14503,2025-05-11,South,Electronics,Smartwatch,149.47,4.0,5.0,Credit Card,35.0
ORD14311,2025-09-01,West,Furniture,Office Chair,79.61,4.0,0.0,Cash,23.0
ORD13612,2025-11-08,NORTH,FURNITURE,Bed Frame,441.81,9.0,0.0,Debit Card,20.0
ORD14251,2025-04-26,East,Toys,Lego Set,378.04,2.0,10.0,Credit Card,39.0
ORD10128,2025-03-18, north ,Toys,Puzzle,255.23,8.0,0.0,Cash,54.0
ORD11235,2025-01-05,West,Clothing,Jacket,395.14,4.0,0.0,Cash,46.0
ORD10885,2025-02-18,West,Groceries,Pasta,107.23,8.0,5.0,Online Wallet,41.0
ORD10134,2025-08-15,West,Furniture,Sofa,434.89,8.0,20.0,Cash,49.0
ORD12575,2025-04-20,West,Toys,Puzzle,95.41,5.0,10.0,Debit Card,52.0
ORD14652,2025-04-29,West,Furniture,Office Chair,153.97,2.0,20.0,Cash,32.0
ORD12878,2025-08-25,North,Furniture,Desk,117.47,2.0,0.0, online wallet ,22.0
ORD11823,2025-08-25, east ,Clothing,Cap,382.3,8.0,0.0,Cash,24.0
ORD13493,2024-03-08,East,Clothing,Sneakers,162.93,6.0,0.0,Online Wallet,68.0
ORD14009,2025-11-13, north ,CLOTHING,Jeans,212.18,,20.0,Credit Card,49.0
ORD14095,2024-04-28,North,Electronics,Smartphone,158.53,5.0,0.0,Online Wallet,66.0
ORD14532,2024-07-28,North,Electronics,Headphones,209.93,8.0,0.0,Credit Card,57.0
ORD10111,2025-09-26,NORTH,Furniture,Desk,378.54,6.0,10.0,Cash,64.0
ORD13042,2024-03-05,North,ELECTRONICS,Laptop,372.6,8.0,0.0,CASH,18.0
ORD14555,2024-04-04,East,Groceries,Cereal,37.78,9.0,0.0,Cash,45.0
ORD11041,2024-11-16,North,Toys,Action Figure,33.85,1.0,0.0,Credit Card,56.0
ORD12490,2025-02-03,East,GROCERIES,Snacks,184.39,4.0,5.0,Online Wallet,
ORD11410,2025-07-04,West,Furniture,Office Chair,214.42,3.0,, credit card ,54.0
ORD14549,2024-07-29,West,Furniture,Desk,114.66,8.0,5.0,Cash,62.0
ORD14030,2025-11-01,North,Electronics,Smartwatch,209.55,4.0,0.0, debit card ,
ORD14544,2025-10-16, west ,Toys,Board Game,363.77,5.0,0.0,Online Wallet,54.0
ORD14919,2025-02-26,West, toys ,Lego Set,225.57,3.0,0.0,Cash,25.0
ORD13771,2025-12-07,North,Electronics,Smartwatch,128.5,9.0,0.0, debit card ,59.0
ORD14139,2024-08-02,East,Toys,Action Figure,178.68,2.0,0.0,Debit Card,33.0
ORD13713,2024-08-03,South,Toys,Board Game,110.29,3.0,0.0, credit card ,39.0
ORD13237,2024-08-20,South, furniture ,Office Chair,134.39,4.0,0.0,Credit Card,33.0
ORD10748,2024-12-17,South,Electronics,Laptop,423.61,9.0,5.0,Online Wallet,59.0
ORD14460,2025-09-02,North, furniture ,Desk,387.48,4.0,,Online Wallet,23.0
ORD14468,2025-02-28,SOUTH,Groceries,Snacks,130.11,5.0,0.0,Debit Card,57.0
ORD10910,2025-03-03,South,Electronics,Tablet,124.33,6.0,0.0,Debit Card,44.0
ORD11926,2025-12-18,West,Toys,RC Car,51.14,6.0,0.0,Online Wallet,
ORD10304,2025-07-14,East,Clothing,Jacket,104.68,7.0,10.0,Debit Card,21.0
ORD11252,2024-06-18,West,Furniture,Bookshelf,28.96,9.0,0.0, cash ,37.0
ORD11832,2025-03-28,WEST,Toys,Puzzle,328.37,4.0,0.0,Credit Card,57.0
ORD12156,2025-10-26,South, toys ,Lego Set,262.57,2.0,0.0,Debit Card,51.0
ORD12625,2025-10-11,South, electronics ,Smartwatch,410.77,2.0,0.0,Online Wallet,68.0
ORD14564,2025-10-18,West, clothing ,T-Shirt,452.78,1.0,0.0,Credit Card,38.0
ORD13186,2025-05-27,EAST,Toys,RC Car,492.11,4.0,0.0,DEBIT CARD,20.0
ORD12606,2025-08-12,West, electronics ,Smartphone,354.96,1.0,0.0, debit card ,29.0
ORD14388,2025-04-04,North,Clothing,Cap,132.41,6.0,0.0,CREDIT CARD,30.0
ORD10107,2024-01-23,South,Clothing,Cap,222.18,1.0,0.0,Credit Card,64.0
ORD14746,2025-01-08,West,Groceries,Cereal,284.49,5.0,0.0,ONLINE WALLET,61.0
ORD10120,2025-08-24,North,Clothing,Sneakers,460.33,2.0,0.0,Cash,51.0
ORD12523,2025-06-25,South,Toys,Puzzle,203.14,3.0,0.0,Cash,56.0
ORD13927,2024-03-06,South,Groceries,Snacks,129.36,1.0,0.0,Debit Card,56.0
ORD10364,2025-11-15,East,Toys,Action Figure,231.94,6.0,0.0,Cash,56.0
ORD11426,2024-02-19,South,Toys,RC Car,390.64,8.0,0.0,Debit Card,41.0
ORD13413,2025-01-01,East,Furniture,Sofa,350.8,8.0,0.0,Debit Card,69.0
ORD10872,2024-05-08,NORTH,ELECTRONICS,Tablet,338.34,,0.0,Credit Card,19.0
ORD10898,2025-09-09,East,Furniture,Bookshelf,137.43,,0.0,Debit Card,65.0
ORD14375,2025-07-21, south ,Clothing,Sneakers,94.56,4.0,10.0,Credit Card,64.0
ORD14627,2024-01-06,West,Furniture,Bookshelf,319.88,5.0,0.0,Cash,39.0
ORD13067,2025-03-09,NORTH,Groceries,Pasta,255.91,9.0,0.0,Debit Card,33.0
ORD14747,2024-06-06,West,Electronics,Smartphone,427.56,,0.0, debit card ,19.0
ORD13917,2024-11-29,South,GROCERIES,Coffee,41.87,5.0,5.0,ONLINE WALLET,42.0
ORD11113,2024-06-21,East,ELECTRONICS,Headphones,120.36,8.0,0.0,Credit Card,49.0
ORD11416,2025-03-26,East,Toys,Lego Set,409.54,5.0,0.0,Online Wallet,20.0
ORD13589,2025-11-20,WEST,Clothing,T-Shirt,430.44,1.0,0.0,Debit Card,26.0
ORD10791,2024-11-30,North, clothing ,T-Shirt,19.33,9.0,5.0,Online Wallet,52.0
ORD13624,2025-03-29,South,Furniture,Sofa,67.1,9.0,20.0,Online Wallet,55.0
ORD10700,2025-12-08,South,Furniture,Desk,494.48,8.0,0.0, cash ,57.0
ORD12933,2024-05-15,West,Clothing,Jacket,119.02,2.0,0.0,Debit Card,20.0
ORD13031,2024-01-27,South,GROCERIES,Coffee,205.39,7.0,0.0,Online Wallet,51.0
ORD11875,2025-04-11,North,Furniture,Sofa,189.79,4.0,0.0,Cash,31.0
ORD13273,2024-10-20,NORTH,Furniture,Office Chair,138.5,8.0,10.0,Credit Card,67.0
ORD13398,2024-04-06,North,Clothing,Jeans,463.21,8.0,0.0,Debit Card,58.0
ORD11121,2025-07-03,West,Toys,Puzzle,239.08,4.0,0.0,Online Wallet,34.0
ORD10770,2024-10-20,South,Furniture,Office Chair,398.85,4.0,5.0,Credit Card,21.0
ORD13705,2025-01-30,West,Groceries,Cereal,390.71,5.0,0.0,Credit Card,56.0
ORD11525,2024-02-13,South,Electronics,Headphones,306.3,3.0,0.0,Debit Card,28.0
ORD10055,2025-05-07,South,FURNITURE,Bed Frame,468.64,8.0,5.0,Credit Card,53.0
ORD10115,2024-08-05,West, furniture ,Bookshelf,295.18,2.0,0.0,Cash,57.0
ORD13202,2024-06-29,South,Groceries,Juice,267.09,5.0,0.0,ONLINE WALLET,25.0
ORD12032,2024-01-08,East,Groceries,Juice,130.49,6.0,0.0,Credit Card,55.0
ORD13242,2024-05-16,North,Electronics,Headphones,281.77,9.0,0.0,Online Wallet,32.0
ORD12912,2024-09-28,East,Clothing,T-Shirt,8.16,4.0,0.0,DEBIT CARD,38.0
ORD11512,2025-08-16,West,Toys,Action Figure,144.22,5.0,0.0,Credit Card,57.0
ORD12106,2025-11-08,East,Clothing,Cap,462.5,2.0,5.0,Cash,37.0
ORD13925,2024-05-17,East,FURNITURE,Sofa,277.42,5.0,0.0,Online Wallet,22.0
ORD14918,2025-01-01,SOUTH,Clothing,Sneakers,225.25,2.0,10.0,Credit Card,28.0
ORD10921,2024-01-22,South,Furniture,Bookshelf,82.52,9.0,0.0,ONLINE WALLET,19.0
ORD11504,2024-11-07,South,GROCERIES,Coffee,447.79,7.0,0.0,Online Wallet,30.0
ORD11300,2025-09-19,North,Toys,Puzzle,152.98,4.0,0.0,CREDIT CARD,19.0
ORD10187,2024-01-02,West,Furniture,Desk,269.45,9.0,0.0,Credit Card,30.0
ORD14168,2024-06-19,North,Clothing,Sneakers,286.63,9.0,0.0,Debit Card,21.0
ORD12319,2025-03-22,NORTH,Groceries,Pasta,304.1,7.0,,Cash,60.0
ORD12361,2024-09-25, west ,Clothing,T-Shirt,33.19,7.0,0.0,CREDIT CARD,31.0
ORD11620,2025-11-07,North,Furniture,Office Chair,196.28,8.0,5.0,Credit Card,46.0
ORD12030,2025-05-20,North,Toys,RC Car,132.27,6.0,0.0,Credit Card,18.0
ORD11403,2024-03-05,East, electronics ,Laptop,30.41,6.0,, debit card ,64.0
ORD11185,2024-01-01,West,Groceries,Pasta,182.39,8.0,0.0,Credit Card,39.0
ORD14048,2025-06-13,East,Electronics,Smartphone,34.62,1.0,0.0,Online Wallet,57.0
ORD12424,2025-01-29, north ,Furniture,Bookshelf,56.65,6.0,0.0,Debit Card,41.0
ORD11791,2024-12-10,South,Groceries,Pasta,239.18,4.0,5.0, debit card ,34.0
ORD13708,2024-06-24,South,GROCERIES,Coffee,,3.0,15.0,Cash,40.0
ORD11989,2025-05-28,South,Groceries,Snacks,15.59,2.0,15.0,Online Wallet,28.0
ORD11885,2025-06-10,North,Groceries,Snacks,139.38,8.0,15.0,Cash,22.0
ORD10236,2024-02-27,NORTH,Clothing,Sneakers,169.84,6.0,,Online Wallet,19.0
ORD11381,2025-06-24,EAST, electronics ,Smartphone,448.8,3.0,5.0,Debit Card,55.0
ORD13740,2024-06-11,West,Groceries,Juice,172.41,5.0,0.0,Debit Card,50.0
ORD10311,2024-09-16,NORTH,Groceries,Cereal,400.3,6.0,10.0,Credit Card,29.0
ORD11162,2025-06-16,East,Electronics,Tablet,443.04,1.0,0.0,Cash,40.0
ORD12711,2024-03-01,West,Clothing,Cap,205.71,9.0,0.0,Credit Card,37.0
ORD11447,2025-07-02,South,Electronics,Smartwatch,,8.0,5.0,Debit Card,35.0
ORD10607,2025-01-06,North,Furniture,Bed Frame,324.23,1.0,0.0,Cash,34.0
ORD10846,2024-08-25,West,Furniture,Sofa,236.17,1.0,20.0,CASH,64.0
ORD14643,2024-05-04,North,Furniture,Bookshelf,,5.0,0.0, debit card ,37.0
ORD11413,2024-06-26,West,Furniture,Bookshelf,396.89,8.0,0.0,Debit Card,19.0
ORD14277,2024-11-24,South,Clothing,T-Shirt,60.72,6.0,0.0,Cash,37.0
ORD12937,2024-03-02,North, electronics ,Laptop,121.7,6.0,0.0,Online Wallet,18.0
ORD10563,2025-12-10,South,Furniture,Sofa,328.81,2.0,20.0,Credit Card,31.0
ORD10418,2024-03-22,East,Groceries,Pasta,330.03,2.0,15.0,Debit Card,62.0
ORD14759,2025-09-03,East, furniture ,Sofa,484.0,4.0,0.0,Credit Card,47.0
ORD11563,2024-12-11,South,Toys,Action Figure,358.83,1.0,10.0,Debit Card,65.0
ORD12756,2025-01-19,North, toys ,Lego Set,142.89,4.0,10.0,Debit Card,46.0
ORD14073,2024-09-12, east ,Toys,Puzzle,427.32,3.0,10.0,Credit Card,55.0
ORD14416,2024-11-04,East,Furniture,Bookshelf,324.9,5.0,0.0,Debit Card,30.0
ORD13619,2025-01-26,SOUTH, groceries ,Coffee,285.63,5.0,10.0,Debit Card,55.0
ORD10437,2025-12-28,East,Furniture,Bed Frame,353.91,3.0,5.0,Credit Card,66.0
ORD10518,2024-07-10,South,Groceries,Cereal,153.19,8.0,0.0,CASH,45.0
ORD14269,2025-12-01, east ,Furniture,Office Chair,21.82,1.0,0.0,Cash,63.0
ORD11020,2024-09-01,West,Toys,Action Figure,194.45,6.0,0.0,CREDIT CARD,50.0
ORD10993,2025-09-08,North,Electronics,Tablet,92.89,2.0,20.0, online wallet ,66.0
ORD14198,2024-09-19, west ,TOYS,Lego Set,339.37,9.0,0.0,Cash,23.0
ORD14640,2025-03-01,South,Electronics,Laptop,385.65,7.0,0.0, cash ,47.0
ORD11937,2024-11-23,West,Clothing,Sneakers,495.59,2.0,0.0, online wallet ,32.0
ORD13126,2025-07-02,SOUTH,Toys,RC Car,331.18,9.0,0.0,Cash,48.0
ORD14923,2025-03-10,West,FURNITURE,Desk,452.84,8.0,0.0,CREDIT CARD,56.0
ORD12610,2025-10-14,West,Clothing,Sneakers,238.46,6.0,0.0,Credit Card,39.0
ORD12388,2025-03-10,South,TOYS,RC Car,250.35,3.0,20.0,Debit Card,50.0
ORD13022,2024-04-05, south , furniture ,Bookshelf,202.08,1.0,0.0,ONLINE WALLET,54.0
ORD10534,2024-10-12,East,Furniture,Desk,499.78,2.0,0.0,DEBIT CARD,35.0
ORD13422,2024-03-10,East,Toys,Lego Set,77.57,9.0,0.0,Credit Card,50.0
ORD11488,2025-12-08,West,Clothing,T-Shirt,242.73,7.0,0.0,Debit Card,65.0
ORD14267,2025-03-22,West,Clothing,Sneakers,188.45,4.0,15.0,Cash,67.0
ORD11335,2025-11-30,West,Toys,Puzzle,455.89,7.0,0.0,Debit Card,23.0
ORD13121,2024-05-28,East,Electronics,Laptop,254.35,8.0,5.0,Online Wallet,28.0
ORD11422,2025-11-21, east ,Toys,Action Figure,,4.0,0.0,Credit Card,57.0
ORD14190,2025-11-03,South,Clothing,T-Shirt,475.21,5.0,0.0, cash ,38.0
ORD10175,2024-08-14,WEST,Toys,Lego Set,299.23,7.0,0.0,Credit Card,23.0
ORD14140,2024-09-14, west ,Furniture,Desk,189.25,5.0,10.0,Cash,50.0
ORD13466,2024-02-02,East,Toys,RC Car,225.3,5.0,0.0,Online Wallet,68.0
ORD13715,2024-09-27,West,Groceries,Coffee,,1.0,5.0,Cash,24.0
ORD12652,2024-05-25,South,Toys,Lego Set,255.37,1.0,,Debit Card,66.0
ORD14595,2024-03-31,North, clothing ,Jeans,250.53,5.0,10.0,Cash,59.0
ORD10946,2025-10-10,North,Clothing,Sneakers,477.44,6.0,0.0,Online Wallet,25.0
ORD12821,2024-12-23,North,Groceries,Snacks,218.73,9.0,0.0,Credit Card,26.0
ORD11548,2024-01-27,East,GROCERIES,Juice,356.46,1.0,0.0,Online Wallet,67.0
ORD14616,2024-05-08,East,Furniture,Office Chair,223.28,,10.0,Debit Card,
ORD11554,2024-09-14,West,GROCERIES,Juice,33.07,8.0,0.0,Debit Card,26.0
ORD10616,2024-10-25,East,Clothing,Jeans,142.53,9.0,0.0,CASH,65.0
ORD13747,2024-02-03,North,Groceries,Snacks,281.31,8.0,,Credit Card,18.0
ORD10955,2024-11-22,South, electronics ,Smartwatch,44.63,8.0,0.0,Online Wallet,52.0
ORD10194,2024-11-07,WEST,Clothing,Cap,487.52,3.0,0.0,CASH,
ORD10909,2025-09-03,West,FURNITURE,Bookshelf,287.98,2.0,0.0,Cash,46.0
ORD13445,2025-05-11,South,Furniture,Bed Frame,186.65,2.0,0.0,CREDIT CARD,48.0
ORD12000,2025-06-02,East, furniture ,Bookshelf,128.59,4.0,0.0,Debit Card,27.0
ORD14655,2024-11-24,North, clothing ,Jacket,427.92,1.0,0.0,Debit Card,37.0
ORD11686,2024-04-21,North,Electronics,Smartphone,72.63,9.0,0.0, credit card ,68.0
ORD14216,2025-05-21, north ,Groceries,Pasta,453.97,4.0,0.0,DEBIT CARD,46.0
ORD10368,2024-12-30,East, groceries ,Cereal,240.86,9.0,0.0,Credit Card,34.0
ORD12984,2024-01-01,East, furniture ,Office Chair,77.12,-3.0,0.0,DEBIT CARD,69.0
ORD14297,2024-07-18, west ,Electronics,Headphones,59.41,5.0,0.0,Online Wallet,38.0
ORD13570,2024-02-11,East,Electronics,Laptop,489.32,9.0,0.0,Debit Card,41.0
ORD14036,2024-04-30,West,Toys,RC Car,15.93,8.0,15.0,CREDIT CARD,65.0
ORD13211,2024-08-28,North,Clothing,Sneakers,295.21,5.0,0.0,CASH,44.0
ORD14978,2025-09-25,South,Groceries,Pasta,171.91,9.0,0.0,Cash,63.0
ORD13642,2024-01-24,South,Electronics,Laptop,246.24,2.0,10.0,ONLINE WALLET,54.0
ORD12304,2024-04-04,South,Toys,RC Car,474.85,4.0,5.0,Cash,31.0
ORD10216,2024-12-30,East,Toys,Puzzle,409.83,8.0,0.0,Cash,42.0
ORD11375,2024-10-08,West,Toys,Lego Set,284.24,3.0,0.0,Debit Card,62.0
ORD14380,2024-09-29, west ,Electronics,Laptop,454.2,1.0,0.0,Cash,24.0
ORD14722,2025-01-23,West,FURNITURE,Bed Frame,10.08,1.0,0.0,Credit Card,61.0
ORD13517,2025-04-15,East,TOYS,Action Figure,227.9,1.0,0.0,Online Wallet,
ORD11055,2024-09-09,West,Groceries,Snacks,244.09,3.0,0.0,Cash,36.0
ORD13079,2025-07-10,North,Groceries,Cereal,344.16,8.0,15.0,Credit Card,23.0
ORD11342,2024-05-04,North,Clothing,T-Shirt,417.9,7.0,0.0,ONLINE WALLET,51.0
ORD14394,2024-09-22,South,Clothing,Jacket,235.11,9.0,0.0,Cash,59.0
ORD14449,2025-01-06, east ,Electronics,Tablet,63.53,7.0,10.0,CASH,49.0
ORD13687,2025-02-05,East,Electronics,Smartphone,17.5,9.0,5.0,Cash,44.0
ORD11884,2024-11-06,South,Clothing,T-Shirt,358.98,2.0,0.0,Credit Card,20.0
ORD10460,2025-08-11,EAST,Groceries,Cereal,394.45,3.0,0.0,CREDIT CARD,44.0
ORD12065,2025-10-04,West,Toys,Action Figure,363.86,7.0,0.0,Cash,27.0
ORD12565,2025-01-29,EAST,Groceries,Snacks,452.47,5.0,15.0, credit card ,21.0
ORD11135,2024-08-10,East,Groceries,Cereal,50.53,7.0,0.0,DEBIT CARD,27.0
ORD10267,2025-10-09,EAST,Groceries,Coffee,385.77,9.0,20.0,Cash,67.0
ORD11370,2025-07-21,West,Furniture,Bookshelf,273.05,9.0,0.0,Cash,43.0
ORD12070,2024-12-01,NORTH,Furniture,Desk,79.98,6.0,0.0,Online Wallet,52.0
ORD12632,2025-02-10,West,Clothing,Cap,82.7,9.0,0.0,Credit Card,57.0
ORD12717,2024-04-22,WEST,Electronics,Smartphone,469.51,6.0,0.0,Online Wallet,54.0
ORD14194,2024-01-10,South,Clothing,Jacket,269.39,3.0,0.0,CASH,66.0
ORD10817,2024-07-07,West,Toys,RC Car,42.26,7.0,0.0,Credit Card,55.0
ORD10769,2024-09-07,West,Furniture,Office Chair,33.41,3.0,0.0,Debit Card,56.0
ORD13003,2025-01-02,West,Groceries,Juice,59.59,5.0,15.0,Debit Card,61.0
ORD11304,2025-05-25,East,Toys,RC Car,71.32,2.0,,CASH,28.0
ORD12822,2025-05-25,West,Clothing,T-Shirt,498.51,8.0,0.0,Online Wallet,42.0
ORD14517,2025-08-02,North,Groceries,Snacks,304.26,9.0,5.0,Credit Card,52.0
ORD13357,2024-05-13,East,Groceries,Snacks,303.21,4.0,0.0, credit card ,55.0
ORD10234,2025-11-06,NORTH,Groceries,Pasta,99.97,8.0,0.0, debit card ,58.0
ORD12818,2025-10-24,West,GROCERIES,Pasta,243.54,4.0,0.0,DEBIT CARD,33.0
ORD10001,2025-01-07,West,Clothing,Jacket,302.55,,0.0, credit card ,19.0
ORD12378,2024-02-14,East,Groceries,Coffee,27.73,6.0,0.0,Credit Card,22.0
ORD13239,2025-05-05,South,Clothing,T-Shirt,449.29,8.0,0.0,Credit Card,59.0
ORD12650,2025-04-23,West, groceries ,Pasta,492.0,1.0,0.0,CREDIT CARD,41.0
ORD12139,2025-03-16,West, clothing ,T-Shirt,49.06,1.0,5.0, online wallet ,65.0
ORD12842,2025-06-26,South,Electronics,Tablet,,9.0,0.0,Cash,63.0
ORD10210,2025-10-30,North,Furniture,Bed Frame,224.66,5.0,20.0,Cash,51.0
ORD10671,2025-04-29,East,Toys,Board Game,73.37,4.0,0.0,Online Wallet,54.0
ORD13458,2024-09-06, west ,Toys,Lego Set,173.3,6.0,0.0,Online Wallet,55.0
ORD13565,2025-09-17,West,Toys,RC Car,217.95,4.0,0.0,Debit Card,58.0
ORD10438,2025-03-28,North,Clothing,Cap,360.63,6.0,0.0,Online Wallet,52.0
ORD13670,2024-10-29,North,Groceries,Pasta,55.19,8.0,0.0, online wallet ,57.0
ORD11399,2025-01-09,EAST,Groceries,Pasta,21.55,8.0,0.0,CREDIT CARD,20.0
ORD13745,2025-12-05, south ,Electronics,Tablet,187.05,2.0,0.0,Credit Card,19.0
ORD12234,2025-10-06,West,Toys,Lego Set,235.67,9.0,0.0,Debit Card,31.0
ORD10880,2024-08-07,EAST,Electronics,Smartwatch,270.55,7.0,0.0,ONLINE WALLET,58.0
ORD12888,2024-03-16,EAST,Toys,Lego Set,235.8,4.0,5.0,ONLINE WALLET,24.0
ORD13770,2025-04-16,North,Groceries,Pasta,27.81,3.0,0.0,Online Wallet,29.0
ORD13611,2025-12-18,North,Clothing,T-Shirt,235.95,9.0,0.0,Credit Card,32.0
ORD11008,2025-02-17,East,Electronics,Smartwatch,496.08,7.0,0.0,Debit Card,42.0
ORD14592,2025-12-04,North,Clothing,T-Shirt,199.96,3.0,10.0,Cash,34.0
ORD14844,2025-10-14, south ,Clothing,Cap,58.42,6.0,0.0,Debit Card,45.0
ORD14757,2025-06-08,East,Furniture,Bed Frame,54.01,3.0,0.0,Cash,22.0
ORD11977,2024-09-10,South,Furniture,Bed Frame,399.19,6.0,0.0,Debit Card,35.0
ORD14038,2025-10-12,North,ELECTRONICS,Tablet,346.55,6.0,15.0,Online Wallet,61.0
ORD10385,2025-03-27,West,Clothing,Jeans,,3.0,0.0,Credit Card,23.0
ORD11637,2024-07-20,WEST, groceries ,Cereal,167.9,6.0,0.0,Credit Card,38.0
ORD14856,2025-02-11,South,Groceries,Juice,299.44,2.0,0.0, cash ,34.0
ORD11743,2024-07-06,North,Electronics,Headphones,232.96,4.0,10.0,Online Wallet,24.0
ORD13941,2024-09-06,North,Toys,Board Game,393.8,1.0,0.0,Debit Card,54.0
ORD12644,2025-03-26,South,Groceries,Pasta,215.64,7.0,0.0,Cash,21.0
ORD13501,2025-04-17,East,ELECTRONICS,Smartphone,157.59,9.0,0.0,Online Wallet,43.0
ORD14670,2025-04-17,South,Toys,RC Car,259.11,8.0,0.0,Online Wallet,50.0
ORD13196,2024-08-14,West,Furniture,Desk,77.97,4.0,0.0,Debit Card,54.0
ORD12764,2025-04-28,East,ELECTRONICS,Tablet,158.44,9.0,0.0,Online Wallet,35.0
ORD13116,2024-03-17,East,Toys,Board Game,63.75,2.0,0.0,Debit Card,68.0
ORD13997,2024-09-03,West,Groceries,Juice,411.84,-2.0,0.0,Online Wallet,42.0
ORD12527,2025-04-08, west ,Groceries,Cereal,295.43,4.0,0.0,Debit Card,19.0
ORD14847,2024-06-28,West,Furniture,Bookshelf,253.86,4.0,0.0, online wallet ,34.0
ORD14075,2025-06-01,South,CLOTHING,Jacket,342.76,8.0,0.0,Online Wallet,64.0
ORD14732,2025-04-15, west ,Electronics,Tablet,327.16,1.0,20.0,Online Wallet,39.0
ORD13138,2024-02-05,East,Toys,Puzzle,109.24,6.0,0.0,Cash,46.0
ORD11814,2025-06-30,NORTH, furniture ,Bed Frame,320.63,2.0,0.0,Cash,36.0
ORD12365,2024-03-08,South,Furniture,Office Chair,302.83,9.0,0.0,Credit Card,44.0
ORD13721,2024-02-11,West,Electronics,Smartphone,183.41,6.0,0.0,Cash,46.0
ORD11734,2025-11-09,South,FURNITURE,Desk,371.15,7.0,0.0,Credit Card,63.0
ORD10396,2025-02-12,East,Groceries,Pasta,481.93,6.0,5.0,Cash,45.0
ORD12126,2025-01-01,East,CLOTHING,T-Shirt,467.41,6.0,0.0,Debit Card,69.0
ORD13695,2025-02-07,East,Clothing,T-Shirt,149.71,2.0,5.0, online wallet ,58.0
ORD11906,2025-06-25,North,Clothing,Sneakers,,,15.0,Credit Card,32.0
ORD11495,2024-06-29, west ,Toys,Board Game,492.97,3.0,0.0,Debit Card,68.0
ORD12226,2024-12-26,WEST,Toys,Board Game,398.8,5.0,0.0,Credit Card,42.0
ORD12730,2025-02-18,South, furniture ,Bed Frame,417.27,8.0,0.0,Debit Card,57.0
ORD12263,2025-06-08,East,Groceries,Coffee,321.07,7.0,0.0,Credit Card,34.0
ORD14147,2025-09-01,North, toys ,Action Figure,109.05,2.0,5.0,Cash,21.0
ORD12471,2025-05-05,West,GROCERIES,Cereal,379.52,,0.0,Cash,43.0
ORD11352,2025-01-31,North,Furniture,Office Chair,6.87,3.0,0.0,Online Wallet,55.0
ORD10613,2024-07-22,West,Toys,Board Game,288.46,4.0,5.0,Online Wallet,68.0
ORD10290,2025-07-16,East,Toys,Puzzle,470.64,3.0,0.0,CASH,22.0
ORD12698,2025-10-18,West,Groceries,Juice,455.23,5.0,10.0,Debit Card,49.0
ORD14444,2025-05-13,NORTH, groceries ,Pasta,50.97,4.0,0.0,Debit Card,34.0
ORD10990,2025-08-11,West,Groceries,Pasta,472.17,2.0,10.0,Online Wallet,19.0
ORD12680,2024-10-12,West, electronics ,Smartwatch,45.5,,20.0,Cash,
ORD13793,2024-08-12,South,Groceries,Juice,445.85,1.0,0.0,CASH,54.0
ORD14130,2025-02-02, north ,Electronics,Smartphone,262.06,6.0,0.0,Online Wallet,42.0
ORD14874,2025-08-03,North, electronics ,Laptop,23.63,8.0,0.0,Credit Card,52.0
ORD11660,2025-09-07,NORTH,Toys,Board Game,303.44,2.0,0.0, online wallet ,54.0
ORD13203,2024-02-21,East, electronics ,Tablet,142.7,5.0,0.0,Online Wallet,67.0
ORD13474,2024-08-24,East, groceries ,Snacks,470.79,2.0,15.0,Credit Card,20.0
ORD10650,2025-08-10,East, toys ,Action Figure,41.0,2.0,0.0,Cash,28.0
ORD14231,2024-09-29,East,Clothing,Sneakers,168.92,8.0,0.0,Online Wallet,45.0
ORD12769,2024-06-21,South, groceries ,Snacks,218.24,6.0,0.0,Cash,
ORD11642,2024-09-17,East,Groceries,Pasta,246.59,2.0,0.0, credit card ,22.0
ORD11546,2025-04-12,North, clothing ,Sneakers,159.0,3.0,0.0,Credit Card,40.0
ORD10730,2024-05-27,South,Toys,Lego Set,97.28,9.0,0.0,Debit Card,43.0
ORD11783,2025-12-26,South,Groceries,Pasta,277.24,5.0,0.0,Cash,18.0
ORD10345,2025-03-25,South,Toys,Puzzle,444.58,2.0,0.0,Credit Card,56.0
ORD11714,2024-11-27,North,Furniture,Office Chair,433.06,4.0,0.0, cash ,46.0
ORD12305,2024-01-09,North,Toys,Board Game,35.0,,0.0,Online Wallet,53.0
ORD13277,2025-02-05,North,Furniture,Office Chair,480.02,1.0,5.0,Credit Card,33.0
ORD14070,2024-05-30,South, furniture ,Bookshelf,136.41,3.0,0.0,Online Wallet,19.0
ORD13909,2025-03-21,West,Toys,Puzzle,124.59,7.0,0.0,Debit Card,31.0
ORD13807,2025-06-17,North,Electronics,Laptop,422.56,6.0,0.0,Online Wallet,61.0
ORD13972,2024-11-02,South,Groceries,Coffee,100.86,9.0,5.0,Debit Card,23.0
ORD11518,2024-02-24,North,Furniture,Sofa,145.91,8.0,0.0,CREDIT CARD,20.0
ORD12907,2025-10-17,WEST,Toys,Lego Set,112.48,2.0,0.0,Debit Card,36.0
ORD10913,2025-11-05,South,Furniture,Bookshelf,384.8,2.0,0.0,Online Wallet,41.0
ORD13095,2025-09-29,East,Electronics,Smartphone,417.08,2.0,5.0, online wallet ,60.0
ORD10794,2025-11-09,East,Groceries,Snacks,436.9,2.0,10.0,Debit Card,48.0
ORD10960,2025-09-06,East,Toys,Action Figure,434.64,7.0,5.0, online wallet ,23.0
ORD10392,2024-01-28, east ,Groceries,Snacks,487.42,5.0,0.0,Debit Card,18.0
ORD14850,2024-01-25,South,Electronics,Headphones,192.03,7.0,0.0,ONLINE WALLET,66.0
ORD10268,2025-01-16,West, clothing ,T-Shirt,134.05,9.0,0.0,Debit Card,67.0
ORD10342,2024-10-27,West,GROCERIES,Pasta,360.62,5.0,0.0, cash ,63.0
ORD12408,2024-02-21,South,Groceries,Juice,453.8,,0.0,Cash,32.0
ORD11409,2025-09-10,East,Toys,Lego Set,486.1,2.0,10.0,Debit Card,55.0
ORD14018,2025-03-01,North,Electronics,Smartphone,369.95,2.0,0.0,Credit Card,22.0
ORD14631,2024-01-07,North,Groceries,Juice,100.0,,0.0,Debit Card,47.0
ORD13185,2024-12-14,East,Clothing,Sneakers,287.2,6.0,0.0,Credit Card,25.0
ORD11584,2025-09-11,EAST,Furniture,Sofa,153.97,3.0,0.0,Credit Card,28.0
ORD13958,2025-03-31,South,Electronics,Headphones,465.97,2.0,0.0,Online Wallet,36.0
ORD11441,2024-04-25,North,Toys,Board Game,441.67,9.0,5.0, online wallet ,19.0
ORD12043,2025-04-13,East,Electronics,Headphones,171.07,9.0,0.0,Cash,28.0
ORD10893,2025-12-08, north ,Furniture,Sofa,489.27,8.0,15.0,Cash,33.0
ORD10695,2024-09-21,North, toys ,Action Figure,279.14,6.0,10.0,Debit Card,51.0
ORD13244,2025-07-31,South,Furniture,Bookshelf,90.59,7.0,0.0,Cash,52.0
ORD12615,2024-03-01,South,Clothing,Sneakers,321.65,5.0,0.0,Cash,58.0
ORD13223,2025-08-20, east , groceries ,Juice,94.75,6.0,5.0, online wallet ,32.0
ORD11395,2024-10-30,North, groceries ,Snacks,141.66,6.0,0.0,Debit Card,30.0
ORD14995,2025-11-12,West,Groceries,Pasta,244.16,8.0,0.0,Cash,46.0
ORD13350,2025-07-14,North,Clothing,Jacket,424.15,8.0,0.0,Online Wallet,51.0
ORD12597,2025-11-08,South,Electronics,Tablet,100.6,1.0,15.0,Debit Card,24.0
ORD10443,2024-02-19,SOUTH,Clothing,T-Shirt,219.22,3.0,0.0, cash ,19.0
ORD12075,2024-10-19,NORTH,Electronics,Laptop,89.36,5.0,0.0,Online Wallet,53.0
ORD11501,2025-09-23,South,Clothing,Cap,416.55,7.0,0.0,Credit Card,48.0
ORD11715,2025-05-05,East,Clothing,Sneakers,485.24,5.0,0.0,Credit Card,24.0
ORD13020,2025-06-16,North,Groceries,Coffee,482.19,9.0,0.0,Cash,52.0
ORD14911,2024-12-05,West,Furniture,Sofa,176.59,1.0,10.0,Cash,42.0
ORD14093,2025-03-23, west ,Electronics,Headphones,271.17,4.0,0.0,Cash,55.0
ORD11195,2025-01-07,East,Electronics,Smartphone,341.18,,0.0,CREDIT CARD,49.0
ORD13298,2024-09-21,NORTH, toys ,Board Game,,9.0,0.0,Cash,43.0
ORD12273,2025-07-02,West,Groceries,Coffee,106.69,6.0,0.0,Credit Card,24.0
ORD10495,2024-12-05,North,Groceries,Snacks,187.33,8.0,0.0,Cash,39.0
ORD12036,2024-07-08,North,Furniture,Bookshelf,293.19,7.0,0.0,Credit Card,52.0
ORD12328,2025-06-13,South, clothing ,Sneakers,136.14,2.0,0.0,Credit Card,49.0
ORD12646,2024-07-11,North,Clothing,Sneakers,416.24,4.0,10.0,Debit Card,26.0
ORD11125,2025-07-19,North,Furniture,Bed Frame,447.52,9.0,0.0,Online Wallet,54.0
ORD12857,2024-01-08, west ,Electronics,Smartphone,286.94,2.0,0.0,Debit Card,64.0
ORD14385,2024-09-10,East,Toys,Puzzle,125.52,9.0,0.0,Cash,66.0
ORD11268,2025-10-19,EAST,Groceries,Coffee,15.1,2.0,5.0,Credit Card,43.0
ORD14055,2025-10-17,West,Electronics,Smartphone,226.34,9.0,5.0,Debit Card,46.0
ORD14842,2025-08-21,South,Furniture,Bed Frame,22.46,4.0,0.0,Online Wallet,43.0
ORD12076,2025-04-18,West, clothing ,T-Shirt,438.77,9.0,0.0,Online Wallet,24.0
ORD10054,2025-08-27,West, electronics ,Smartphone,423.21,2.0,0.0, cash ,21.0
ORD12132,2025-07-28,North,Electronics,Smartphone,491.91,2.0,0.0,Debit Card,65.0
ORD12488,2024-09-18, south ,Furniture,Bookshelf,445.09,7.0,10.0,Online Wallet,53.0
ORD12051,2024-04-20,North,Clothing,Jeans,369.77,6.0,0.0, cash ,26.0
ORD14594,2024-03-22,North, clothing ,Sneakers,468.17,9.0,0.0,Online Wallet,47.0
ORD13986,2024-01-12,South,Furniture,Bed Frame,314.12,3.0,5.0,Debit Card,25.0
ORD13456,2024-11-23,North,Electronics,Headphones,52.5,2.0,,Online Wallet,69.0
ORD11865,2025-08-03,North,Groceries,Cereal,308.58,4.0,0.0,Online Wallet,69.0
ORD10632,2025-08-04,SOUTH,Furniture,Bed Frame,303.65,8.0,0.0,Credit Card,35.0
ORD10577,2025-05-04,South,Electronics,Smartphone,46.64,7.0,10.0,Credit Card,31.0
ORD12514,2025-08-04,South,Furniture,Bookshelf,233.46,6.0,0.0,Online Wallet,52.0
ORD11892,2024-02-03,North,Electronics,Laptop,111.88,8.0,0.0,Online Wallet,23.0
ORD11444,2025-10-01,North,Toys,Puzzle,313.37,9.0,0.0,Cash,26.0
ORD10787,2024-11-24,East,Furniture,Desk,12.03,2.0,0.0, online wallet ,36.0
ORD11080,2025-09-22,South,Groceries,Juice,247.21,3.0,0.0,Debit Card,60.0
ORD12945,2025-05-17, east ,Toys,Action Figure,354.92,2.0,5.0,Online Wallet,45.0
ORD10233,2025-06-14,South,Clothing,Sneakers,303.59,6.0,0.0,Cash,62.0
ORD14938,2024-12-19,EAST,Groceries,Cereal,15.7,4.0,0.0,Online Wallet,56.0
ORD14317,2024-02-05,East,Electronics,Headphones,477.25,9.0,0.0, cash ,44.0
ORD13210,2024-08-18,East,Groceries,Pasta,226.43,8.0,0.0,Online Wallet,33.0
ORD13267,2024-02-05,WEST,Toys,Lego Set,131.19,1.0,0.0,Debit Card,65.0
ORD14698,2025-05-01,North,Groceries,Juice,280.56,7.0,20.0,Credit Card,68.0
ORD11893,2024-08-28,West,Toys,Lego Set,213.28,8.0,5.0,Cash,69.0
ORD10784,2025-03-01,East,Electronics,Smartwatch,291.38,9.0,0.0,Credit Card,62.0
ORD14144,2025-07-26,East,Toys,Action Figure,192.46,7.0,0.0, online wallet ,56.0
ORD13378,2025-11-13,South,Furniture,Bookshelf,285.75,4.0,0.0,Credit Card,57.0
ORD13986,2024-01-12,South,Furniture,Bed Frame,314.12,3.0,5.0,Debit Card,25.0
ORD10785,2025-11-14,West,Toys,Lego Set,48.05,5.0,0.0,Online Wallet,40.0
ORD10524,2024-03-22,South,Electronics,Tablet,238.08,9.0,0.0,Online Wallet,55.0
ORD10714,2024-03-19,East,Toys,Action Figure,316.14,2.0,0.0,Credit Card,40.0
ORD14612,2024-02-08,South,Clothing,Cap,450.47,4.0,0.0,Cash,43.0
ORD13234,2025-05-08,West,Clothing,T-Shirt,291.67,2.0,0.0,Debit Card,29.0
ORD14319,2025-01-15,West,Electronics,Smartwatch,490.25,6.0,0.0,CREDIT CARD,30.0
ORD11859,2025-07-06,North,Groceries,Coffee,90.36,9.0,0.0,Cash,20.0
ORD10500,2025-04-03,West,Electronics,Laptop,183.41,3.0,0.0,Debit Card,65.0
ORD13052,2024-08-06,North,Groceries,Juice,409.23,4.0,15.0, online wallet ,26.0
ORD14498,2024-10-11,South,Toys,RC Car,308.79,4.0,0.0,Debit Card,54.0
ORD10857,2024-11-25,South,Toys,Action Figure,367.28,9.0,5.0,Debit Card,24.0
ORD14314,2024-02-04,North,ELECTRONICS,Laptop,86.98,5.0,0.0,Debit Card,37.0
ORD12692,2025-03-03,East,Furniture,Desk,107.47,1.0,0.0,Credit Card,24.0
ORD10292,2024-11-08,North,Furniture,Bookshelf,8.48,9.0,0.0, online wallet ,61.0
ORD13275,2025-11-28,South,Furniture,Bookshelf,383.44,9.0,15.0,Cash,66.0
ORD10561,2025-05-23,East,CLOTHING,Cap,195.38,1.0,0.0,Online Wallet,52.0
ORD14904,2025-06-11,North,Groceries,Pasta,350.83,1.0,0.0,Cash,62.0
ORD10093,2024-02-08,South,Toys,Lego Set,164.43,7.0,0.0,Debit Card,61.0
ORD10661,2025-05-12,South,Furniture,Office Chair,210.68,9.0,0.0,Debit Card,62.0
ORD13577,2024-05-23,South,CLOTHING,Sneakers,73.5,8.0,10.0,Cash,58.0
ORD11061,2025-04-16,South,Clothing,Sneakers,451.75,7.0,0.0, online wallet ,23.0
ORD13753,2025-03-02, west ,ELECTRONICS,Laptop,53.02,5.0,0.0,Debit Card,57.0
ORD13123,2024-12-20,South,FURNITURE,Bookshelf,354.67,,, debit card ,26.0
ORD14111,2024-05-03,West,Groceries,Coffee,421.01,6.0,0.0, debit card ,51.0
ORD12815,2024-08-14,EAST,Toys,Action Figure,69.13,9.0,0.0,Debit Card,33.0
ORD11828,2024-12-05, north ,Groceries,Snacks,315.18,7.0,0.0,Credit Card,19.0
ORD10657,2025-04-07,SOUTH,Toys,Board Game,84.92,9.0,0.0,Cash,62.0
ORD13699,2025-08-05,North,Furniture,Bed Frame,132.75,3.0,0.0,Credit Card,63.0
ORD11992,2025-12-03, east ,Electronics,Headphones,373.04,5.0,0.0, debit card ,52.0
ORD10145,2025-03-10,WEST,Toys,Lego Set,139.71,2.0,0.0,Credit Card,61.0
ORD14538,2024-05-24,East,Toys,Puzzle,456.32,4.0,0.0,Online Wallet,28.0
ORD14848,2024-12-19,West,Furniture,Sofa,133.61,1.0,0.0,DEBIT CARD,67.0
ORD12577,2024-06-11,North,Groceries,Cereal,27.44,8.0,5.0,Credit Card,62.0
ORD11497,2025-07-14,West,Toys,RC Car,168.95,8.0,10.0,Debit Card,30.0
ORD10389,2024-10-29,EAST,Groceries,Coffee,59.93,3.0,0.0, online wallet ,24.0
ORD10101,2024-09-15,East,Toys,Board Game,30.65,2.0,0.0,Credit Card,40.0
ORD14909,2025-07-22,North,Furniture,Desk,266.3,3.0,0.0,Cash,35.0
ORD12336,2024-09-01,South,Groceries,Pasta,474.38,5.0,0.0,Online Wallet,20.0
ORD13096,2024-08-14,North,Toys,Board Game,325.65,4.0,0.0,Cash,28.0
ORD10938,2025-01-05,East,Toys,Lego Set,127.09,7.0,5.0,Online Wallet,20.0
ORD13848,2025-11-06,West,Toys,Action Figure,218.18,9.0,0.0,Debit Card,46.0
ORD14158,2025-04-04,West,Electronics,Tablet,53.2,9.0,0.0, debit card ,21.0
ORD13327,2024-11-21,North,ELECTRONICS,Laptop,292.1,2.0,0.0,Online Wallet,21.0
ORD10006,2024-02-04,West,Groceries,Pasta,455.11,4.0,0.0,Online Wallet,19.0
ORD11063,2025-01-14,EAST, electronics ,Smartwatch,154.63,6.0,0.0,Credit Card,26.0
ORD11986,2025-09-22,West, toys ,Action Figure,217.38,2.0,0.0,Online Wallet,37.0
ORD13400,2024-09-29,South,Clothing,T-Shirt,452.1,3.0,0.0,Cash,28.0
ORD11103,2024-11-07,West,Groceries,Snacks,303.77,1.0,10.0,Online Wallet,25.0
ORD10224,2025-08-11,North,Furniture,Desk,209.71,9.0,0.0,Cash,48.0
ORD10959,2025-09-05,EAST,Groceries,Juice,182.93,5.0,0.0,Debit Card,28.0
ORD12382,2025-06-08,East,Furniture,Office Chair,139.46,6.0,0.0,Online Wallet,22.0
ORD11227,2024-08-05,North, furniture ,Bed Frame,411.68,7.0,0.0,Credit Card,48.0
ORD10436,2024-02-12,North, groceries ,Snacks,420.3,8.0,5.0,Credit Card,31.0
ORD13920,2025-10-27,North, groceries ,Pasta,248.58,3.0,10.0,Credit Card,48.0
ORD13624,2025-03-29,South,Furniture,Sofa,67.1,9.0,20.0,Online Wallet,55.0
ORD11043,2025-08-07,East,Furniture,Office Chair,462.0,1.0,0.0,Online Wallet,27.0
ORD14309,2025-03-01,South,Electronics,Tablet,45.68,1.0,0.0,Online Wallet,
ORD11494,2025-06-08,NORTH,Groceries,Coffee,317.05,1.0,0.0,Online Wallet,69.0
ORD14210,2025-10-09,West,Furniture,Office Chair,370.69,4.0,0.0,CREDIT CARD,50.0
ORD10602,2025-10-19,South,Toys,Action Figure,68.11,2.0,,Online Wallet,39.0
ORD14623,2025-08-23,West,Electronics,Tablet,204.38,4.0,0.0,Debit Card,48.0
ORD14259,2025-06-09,East, groceries ,Coffee,29.51,7.0,0.0,CREDIT CARD,60.0
ORD14839,2025-09-28,South,Groceries,Cereal,346.75,1.0,0.0,Online Wallet,58.0
ORD11925,2024-02-26,West,Clothing,Cap,113.59,8.0,0.0,Cash,36.0
ORD14550,2025-09-12,South,FURNITURE,Office Chair,257.03,2.0,20.0,Cash,22.0
ORD13724,2024-04-27,South,Groceries,Pasta,467.34,8.0,0.0,Debit Card,22.0
ORD13429,2024-05-21,West,Furniture,Desk,246.58,1.0,0.0,CASH,
ORD13405,2024-12-27,West,Electronics,Tablet,208.21,5.0,20.0,Online Wallet,60.0
ORD11914,2025-01-02,West,Electronics,Smartwatch,168.22,3.0,0.0,Debit Card,19.0
ORD10548,2024-04-14,WEST,Electronics,Laptop,333.44,2.0,10.0,Debit Card,37.0
ORD12684,2025-06-24,East,Toys,Lego Set,122.4,5.0,0.0,Credit Card,62.0
ORD12653,2025-09-01,East,Toys,Board Game,28.03,,0.0,CASH,23.0
ORD14296,2025-10-12,West,Toys,Action Figure,328.48,7.0,15.0,Online Wallet,62.0
ORD13226,2024-08-29,SOUTH,Electronics,Smartwatch,399.62,1.0,20.0,Credit Card,41.0
ORD14852,2025-01-29,South,Furniture,Sofa,391.53,5.0,0.0,Debit Card,32.0
ORD12736,2024-07-31,North, clothing ,Cap,191.38,3.0,0.0,CASH,63.0
ORD12105,2024-08-10,West,Electronics,Laptop,481.23,7.0,20.0,Credit Card,49.0
ORD13643,2024-07-29, east ,Furniture,Office Chair,148.67,6.0,0.0,Debit Card,39.0
ORD11958,2024-01-17,South,Furniture,Desk,157.76,4.0,10.0,Debit Card,44.0
ORD13708,2024-06-24,South,GROCERIES,Coffee,,3.0,15.0,Cash,40.0
ORD14164,2025-07-19,West,CLOTHING,T-Shirt,220.46,2.0,0.0,Debit Card,18.0
ORD14754,2025-12-10, west ,Clothing,Jacket,341.32,8.0,0.0,Debit Card,33.0
ORD10464,2024-08-01,North,Furniture,Office Chair,253.8,6.0,0.0,ONLINE WALLET,32.0
ORD11874,2025-07-06,West,Electronics,Tablet,499.51,6.0,0.0,Debit Card,21.0
ORD13216,2024-12-31, east ,Groceries,Coffee,346.69,4.0,0.0,Debit Card,67.0
ORD10725,2024-07-23,North,Clothing,Sneakers,132.25,5.0,10.0,Debit Card,69.0
ORD13438,2024-07-08,South,Furniture,Bed Frame,403.16,4.0,0.0, credit card ,65.0
ORD10940,2024-08-25,West,Electronics,Smartphone,251.6,8.0,0.0, debit card ,66.0
ORD10395,2024-05-17,South,Electronics,Tablet,,3.0,0.0,Credit Card,29.0
ORD10231,2024-06-08,East,Clothing,Sneakers,320.79,9.0,0.0,CREDIT CARD,42.0
ORD12708,2025-12-23,West,Groceries,Coffee,352.86,5.0,5.0,Debit Card,19.0
ORD14651,2025-02-01,South,Electronics,Smartwatch,445.83,9.0,0.0,Credit Card,69.0
ORD12166,2024-10-25,North,Clothing,Sneakers,487.27,7.0,15.0, cash ,22.0
ORD12243,2024-08-28,South,Groceries,Cereal,278.93,7.0,0.0,Online Wallet,58.0
ORD11143,2025-07-20,West,Electronics,Smartphone,421.0,7.0,0.0,Credit Card,39.0
ORD11035,2025-10-13,East,Toys,Lego Set,458.9,5.0,10.0,Credit Card,29.0
ORD11669,2024-09-29,SOUTH,Groceries,Snacks,193.39,6.0,0.0,CREDIT CARD,18.0
ORD12605,2024-12-12,East,Clothing,Jeans,472.0,6.0,0.0,Debit Card,59.0
ORD11999,2024-06-24,South,Groceries,Pasta,297.37,4.0,0.0,ONLINE WALLET,46.0
ORD12712,2024-10-27,NORTH,Toys,Puzzle,252.58,2.0,15.0,Online Wallet,37.0
ORD12288,2024-02-23,North,Groceries,Juice,488.92,,0.0,CASH,45.0
ORD14463,2024-04-22,North,Groceries,Snacks,260.9,3.0,0.0,Cash,46.0
ORD11603,2025-03-20,West,Clothing,Jacket,20.85,,0.0,Cash,49.0
ORD11796,2024-10-29,South,Electronics,Headphones,307.27,8.0,0.0,Debit Card,43.0
ORD14788,2024-05-25,West,Groceries,Pasta,109.37,6.0,5.0,Cash,20.0
ORD11774,2024-09-19,EAST,Groceries,Juice,448.31,2.0,0.0,Online Wallet,25.0
ORD10773,2025-01-03,South, groceries ,Cereal,46.2,9.0,20.0,ONLINE WALLET,66.0
ORD13523,2024-02-07,East,Clothing,Jeans,196.0,4.0,0.0,Credit Card,65.0
ORD11960,2025-02-04,North,Groceries,Cereal,243.13,7.0,5.0,Online Wallet,32.0
ORD12726,2025-09-18,EAST,Electronics,Tablet,376.13,5.0,0.0,ONLINE WALLET,65.0
ORD12747,2024-10-20,East,Groceries,Juice,263.73,7.0,0.0,Cash,58.0
ORD14157,2025-07-28,North,FURNITURE,Desk,457.62,3.0,,Debit Card,19.0
ORD10201,2024-01-28,North,Electronics,Laptop,132.78,5.0,0.0,Credit Card,57.0
ORD13977,2024-10-31,South,Electronics,Laptop,400.41,5.0,0.0, debit card ,42.0
ORD11227,2024-08-05,North, furniture ,Bed Frame,411.68,7.0,0.0,Credit Card,48.0
ORD11476,2025-07-31,West,Groceries,Pasta,450.43,7.0,15.0,Credit Card,23.0
ORD12192,2024-04-20,East,Groceries,Coffee,379.03,8.0,0.0,Debit Card,45.0
ORD13658,2025-10-02,NORTH,Electronics,Smartphone,430.06,5.0,0.0,Cash,63.0
ORD14383,2024-08-21,North,Clothing,Cap,,5.0,10.0,Debit Card,55.0
ORD10416,2025-11-02,North,Furniture,Bookshelf,258.8,7.0,0.0,ONLINE WALLET,37.0
ORD12605,2024-12-12,East,Clothing,Jeans,472.0,6.0,0.0,Debit Card,59.0
ORD14959,2025-11-06,North,Furniture,Sofa,211.51,8.0,0.0,Debit Card,57.0
ORD14490,2024-06-15,West, clothing ,Jeans,476.8,4.0,0.0,Credit Card,35.0
ORD13944,2025-05-10,East,Toys,Puzzle,369.13,8.0,0.0,Online Wallet,24.0
ORD13801,2024-05-26,North,Groceries,Juice,289.52,1.0,0.0,Online Wallet,32.0
ORD14243,2024-05-05,East,Toys,Board Game,407.51,2.0,20.0,Cash,24.0
ORD10338,2024-05-15,SOUTH,Electronics,Headphones,23.18,1.0,0.0, credit card ,66.0
ORD10260,2025-07-07, north ,Toys,Action Figure,446.58,9.0,0.0,ONLINE WALLET,26.0
ORD13190,2025-10-23,East,Groceries,Juice,186.0,1.0,5.0,Online Wallet,38.0
ORD10719,2025-08-23,East,Furniture,Bed Frame,343.52,6.0,0.0,Debit Card,50.0
ORD11678,2024-02-06,South, furniture ,Sofa,53.94,-6.0,0.0,Debit Card,56.0
ORD10568,2025-07-10,East,Clothing,T-Shirt,419.07,7.0,15.0,CASH,56.0
ORD13056,2025-03-24,West,Furniture,Office Chair,208.6,3.0,20.0,Credit Card,59.0
ORD13393,2025-03-11, west ,Groceries,Cereal,92.66,6.0,0.0,Debit Card,61.0
ORD10376,2024-06-10,East,Furniture,Office Chair,398.29,6.0,0.0,Debit Card,43.0
ORD13516,2024-12-03,East, electronics ,Smartphone,381.41,4.0,0.0,Debit Card,62.0
ORD11771,2024-08-21,South,Toys,Puzzle,425.29,2.0,10.0,CREDIT CARD,42.0
ORD14005,2024-03-10,West,Toys,Puzzle,34.14,9.0,10.0,Online Wallet,34.0
ORD10605,2025-10-22,West,Clothing,Cap,318.69,7.0,0.0, debit card ,29.0
ORD11963,2024-09-01,North,Toys,Action Figure,257.97,5.0,10.0,Cash,64.0
ORD14489,2024-12-14,East,Clothing,Jacket,373.55,1.0,20.0,Debit Card,47.0
ORD11749,2024-02-11,South,Toys,Lego Set,353.67,6.0,0.0,Cash,50.0
ORD13407,2024-03-09,South,Electronics,Smartwatch,129.71,5.0,0.0,Online Wallet,51.0
ORD10302,2025-05-31,South,Furniture,Office Chair,473.12,9.0,0.0,Debit Card,33.0
ORD13919,2024-09-03,East,CLOTHING,Jeans,169.03,,0.0,CREDIT CARD,18.0
ORD14365,2025-09-24,West,CLOTHING,Sneakers,41.79,7.0,0.0,Debit Card,34.0
ORD10232,2025-08-19, east ,Furniture,Bookshelf,339.54,6.0,0.0,Credit Card,66.0
ORD13059,2024-11-01, west ,Electronics,Smartwatch,39.38,5.0,0.0,CASH,54.0
ORD11550,2025-06-27,West,Electronics,Smartwatch,316.85,,0.0,Online Wallet,38.0
ORD10362,2024-04-13,South,Clothing,Sneakers,166.28,8.0,0.0,Credit Card,56.0
ORD12839,2024-02-10,South,Groceries,Snacks,292.61,1.0,0.0,Debit Card,39.0
ORD11666,2024-08-21,East,Clothing,Jeans,217.28,6.0,5.0,Cash,64.0
ORD10125,2025-08-12,North,Clothing,Jeans,358.46,2.0,0.0,Online Wallet,66.0
ORD12723,2024-04-01,WEST,Groceries,Cereal,34.91,5.0,0.0,ONLINE WALLET,32.0
ORD10953,2025-11-13,West,Furniture,Sofa,215.06,1.0,0.0,CREDIT CARD,27.0
ORD10481,2024-07-17,South,Groceries,Cereal,228.39,3.0,10.0,Credit Card,62.0
ORD14827,2025-01-15,East,Toys,Lego Set,326.01,6.0,0.0,Cash,24.0
ORD14110,2024-07-28,West,Furniture,Desk,319.77,3.0,10.0, online wallet ,29.0
ORD12969,2024-09-19, north ,Furniture,Bed Frame,265.25,3.0,0.0,Credit Card,25.0
ORD10710,2025-03-09,South,Clothing,Jeans,158.6,5.0,10.0,Debit Card,49.0
ORD10640,2024-12-13,East,Clothing,Jacket,125.86,3.0,0.0, cash ,55.0
ORD14156,2024-02-25,West, electronics ,Laptop,53.7,6.0,0.0,Online Wallet,25.0
ORD14024,2024-10-21,South,Furniture,Bed Frame,229.1,3.0,0.0, debit card ,45.0
ORD13707,2024-02-04,West,Electronics,Smartwatch,83.74,8.0,10.0,Credit Card,54.0
ORD12707,2024-09-16,West,Toys,Puzzle,453.15,9.0,,Online Wallet,44.0
ORD12007,2024-10-29,South,Electronics,Laptop,393.74,9.0,0.0, debit card ,25.0
ORD10709,2024-06-10,East,Toys,Lego Set,191.64,4.0,5.0,Online Wallet,24.0
ORD13693,2025-02-06,WEST,Electronics,Tablet,320.99,7.0,0.0,Cash,
ORD12101,2024-01-08,South,Electronics,Tablet,231.53,4.0,20.0,Cash,36.0
ORD14109,2025-04-30,North,Toys,Board Game,264.8,6.0,10.0,Debit Card,27.0
ORD14763,2024-03-21,West,Toys,Lego Set,,2.0,5.0, credit card ,
ORD10813,2024-03-10,South,Toys,Board Game,154.39,6.0,0.0, cash ,66.0
ORD10130,2024-06-13,West,Clothing,Sneakers,74.84,7.0,10.0,Cash,27.0
ORD11961,2024-09-06,West,GROCERIES,Juice,284.92,2.0,0.0,Cash,55.0
ORD14524,2024-04-29,North,TOYS,Board Game,245.68,6.0,0.0,Cash,54.0
ORD12603,2025-08-10,South,Toys,Lego Set,60.37,4.0,0.0, online wallet ,31.0
ORD14044,2025-05-11,NORTH,Groceries,Juice,50.09,8.0,15.0,Online Wallet,27.0
ORD10490,2024-02-23,East,Toys,RC Car,196.17,8.0,0.0,Online Wallet,62.0
ORD12498,2024-02-03,North,Toys,Lego Set,37.84,-7.0,0.0,Credit Card,52.0
ORD12678,2024-09-13, west ,Furniture,Desk,257.96,2.0,10.0,Cash,53.0
ORD11526,2024-02-12,South,FURNITURE,Sofa,307.04,9.0,5.0,Online Wallet,30.0
ORD11991,2024-04-02,West,Clothing,Jacket,30.83,3.0,0.0,Credit Card,57.0
ORD10351,2024-04-27,NORTH,Furniture,Bookshelf,,1.0,0.0,DEBIT CARD,45.0
ORD10186,2025-11-02,South,Groceries,Coffee,14.09,6.0,0.0, online wallet ,50.0
ORD13256,2025-02-23, east ,Groceries,Cereal,472.35,1.0,0.0,CASH,51.0
ORD12886,2025-12-28,East,Electronics,Tablet,131.33,2.0,0.0,Cash,39.0
ORD12975,2024-06-25,SOUTH,TOYS,RC Car,404.16,1.0,0.0,Online Wallet,
ORD14384,2024-01-30,South,Groceries,Juice,131.15,5.0,5.0,DEBIT CARD,24.0
ORD10399,2025-10-08,West, clothing ,Cap,440.23,3.0,0.0,Cash,25.0
ORD13269,2025-08-04,East,Clothing,Jacket,50.4,7.0,10.0,Credit Card,33.0
ORD13381,2025-06-26,East,Groceries,Coffee,309.73,5.0,0.0,Cash,58.0
ORD13111,2025-06-24,South,Furniture,Desk,10.31,4.0,0.0,Credit Card,
ORD11049,2025-08-24,East,CLOTHING,Jeans,279.29,7.0,5.0,Debit Card,59.0
ORD13447,2024-01-04,South,Toys,Board Game,287.91,,0.0,Online Wallet,33.0
ORD11100,2024-03-14,West, groceries ,Snacks,274.37,3.0,0.0,Online Wallet,51.0
ORD12451,2024-09-02,East,Clothing,Sneakers,113.03,2.0,10.0,ONLINE WALLET,30.0
ORD14322,2025-02-28,SOUTH,Electronics,Smartwatch,429.57,6.0,0.0, cash ,36.0
ORD11613,2025-10-07,East,Clothing,Cap,296.11,9.0,0.0,Debit Card,36.0
ORD14686,2025-08-27,WEST,Clothing,Cap,389.15,7.0,0.0,Debit Card,60.0
ORD12761,2024-02-06,North,Furniture,Sofa,360.23,4.0,0.0,Online Wallet,62.0
ORD10421,2024-04-18,East,Furniture,Bookshelf,179.76,7.0,15.0,Online Wallet,22.0
ORD11676,2025-09-22,South,Clothing,Sneakers,299.3,4.0,0.0,Credit Card,54.0
ORD11401,2024-11-09,North,Toys,Action Figure,417.23,8.0,0.0,Online Wallet,38.0
ORD12372,2024-02-26,West, electronics ,Smartwatch,126.14,8.0,0.0,Cash,40.0
ORD10963,2025-12-18,South,Groceries,Cereal,146.18,1.0,0.0,Credit Card,53.0
ORD13923,2025-07-25, west , groceries ,Juice,323.05,9.0,0.0,Credit Card,37.0
ORD11163,2024-08-30,North,Toys,Lego Set,,9.0,10.0,Online Wallet,64.0
ORD11703,2025-01-24,East,CLOTHING,Cap,428.48,5.0,5.0,Online Wallet,52.0
ORD12330,2024-08-10,West,Toys,Lego Set,418.97,3.0,0.0,Cash,24.0
ORD13868,2024-09-03,East,Furniture,Desk,131.95,5.0,0.0,Online Wallet,38.0
ORD14163,2025-07-07,West, groceries ,Pasta,102.25,9.0,0.0,Cash,46.0
ORD10487,2025-12-21,WEST, toys ,Action Figure,12.24,3.0,0.0,Credit Card,24.0
ORD14702,2024-10-10,North,Electronics,Laptop,476.53,2.0,0.0,Cash,64.0
ORD11249,2024-06-03,South, toys ,RC Car,147.34,2.0,20.0,Credit Card,50.0
ORD10435,2024-07-10,East,Groceries,Pasta,250.65,3.0,0.0,Online Wallet,49.0
ORD11740,2025-03-18,East,Groceries,Coffee,402.55,1.0,0.0,Online Wallet,58.0
ORD10255,2025-06-09,South,Clothing,Sneakers,92.56,,20.0,CASH,19.0
ORD12347,2024-10-30,WEST,Furniture,Sofa,276.28,,10.0,Debit Card,67.0
ORD10829,2024-04-02,West, toys ,Puzzle,13.66,6.0,0.0,Credit Card,50.0
ORD10788,2025-04-10,East,ELECTRONICS,Smartwatch,147.32,7.0,0.0,Online Wallet,57.0
ORD11687,2024-10-04, south ,ELECTRONICS,Smartphone,499.67,,20.0, online wallet ,32.0
ORD13521,2025-05-15,North, toys ,Board Game,374.93,8.0,0.0,Debit Card,26.0
ORD13809,2024-11-03, north ,Clothing,Jeans,187.23,9.0,5.0,Online Wallet,40.0
ORD12120,2025-04-16,East,Electronics,Laptop,47.91,6.0,0.0,Cash,51.0
ORD13104,2024-02-14,East,Clothing,Sneakers,153.98,8.0,0.0,Online Wallet,38.0
ORD10456,2024-03-13,East,Groceries,Pasta,222.0,3.0,0.0,Credit Card,60.0
ORD14142,2024-11-24,South,Electronics,Smartwatch,343.76,1.0,10.0,Debit Card,30.0
ORD11433,2024-04-16,North, clothing ,Jeans,139.32,5.0,0.0,Cash,24.0
ORD13128,2025-11-12, east ,Groceries,Snacks,100.75,6.0,15.0,Credit Card,57.0
ORD11012,2025-03-14,South,Electronics,Headphones,270.15,6.0,0.0,Credit Card,33.0
ORD12887,2024-10-18, south ,Furniture,Sofa,216.29,7.0,10.0,Debit Card,49.0
ORD13490,2025-03-17,North,Furniture,Office Chair,158.58,6.0,0.0,Online Wallet,48.0
ORD14199,2024-02-27,East, groceries ,Juice,279.68,2.0,0.0,Cash,41.0
ORD11128,2024-09-10,East, toys ,Puzzle,23.99,8.0,10.0,Credit Card,34.0
ORD14953,2024-03-12,West,Groceries,Pasta,353.69,,0.0,Debit Card,26.0
ORD11105,2024-07-18,North,Furniture,Office Chair,419.28,5.0,0.0, online wallet ,43.0
ORD14238,2025-12-23,West, electronics ,Smartwatch,353.46,7.0,0.0,Cash,61.0
ORD10398,2024-02-24,North, toys ,Puzzle,261.39,4.0,0.0,Online Wallet,33.0
ORD14622,2025-08-01,East,Toys,Lego Set,142.49,5.0,15.0,Cash,44.0
ORD10797,2024-08-22,South,Groceries,Juice,90.65,7.0,0.0,Credit Card,55.0
ORD11787,2025-07-28,South,Toys,Puzzle,179.15,4.0,5.0,Cash,47.0
ORD13780,2025-12-01,South,Electronics,Tablet,298.4,4.0,,Cash,50.0
ORD13057,2024-02-02,West,Groceries,Coffee,464.43,2.0,5.0,Online Wallet,37.0
ORD13504,2024-12-11,East,Clothing,Jacket,105.83,5.0,0.0, cash ,18.0
ORD14221,2025-07-12,East,Groceries,Juice,154.57,7.0,0.0,Credit Card,20.0
ORD13192,2024-12-23,West,Toys,Action Figure,472.96,4.0,0.0,Credit Card,47.0
ORD14037,2024-11-27, east ,Electronics,Headphones,443.02,6.0,0.0, online wallet ,27.0
ORD11361,2025-07-13,West,Toys,Puzzle,272.89,4.0,0.0,Credit Card,53.0
ORD11458,2024-10-06, west ,Toys,Puzzle,332.36,8.0,0.0,Online Wallet,21.0
ORD11334,2025-10-25,North,Groceries,Cereal,219.32,2.0,0.0,Debit Card,41.0
ORD13581,2024-12-02,East,Electronics,Smartphone,110.54,4.0,15.0,Online Wallet,
ORD10065,2024-06-30,North,Groceries,Cereal,354.02,3.0,0.0,Cash,62.0
ORD10177,2024-09-27,East,Toys,Puzzle,398.43,4.0,10.0,Cash,31.0
ORD12374,2025-06-19,West,Electronics,Headphones,27.63,1.0,20.0,Debit Card,36.0
ORD13585,2025-05-30,WEST, electronics ,Headphones,295.63,6.0,5.0,Debit Card,56.0
ORD13092,2025-10-03,North,Furniture,Sofa,294.0,5.0,0.0,Online Wallet,58.0
ORD10026,2025-04-17,East,Furniture,Office Chair,108.49,,0.0,Online Wallet,43.0
ORD12573,2024-07-31,East,Electronics,Smartphone,367.73,5.0,0.0,ONLINE WALLET,24.0
ORD10525,2024-08-14,East,Clothing,Sneakers,400.86,7.0,0.0,CASH,42.0
ORD14785,2025-03-30,SOUTH,Toys,Action Figure,18.54,4.0,0.0,Cash,38.0
ORD11253,2025-07-27,East,Toys,RC Car,397.95,-5.0,0.0,Debit Card,59.0
ORD11848,2025-09-16,South,Groceries,Pasta,124.28,5.0,0.0,Debit Card,62.0
ORD11145,2024-05-17, north ,Clothing,Cap,230.47,8.0,0.0,Online Wallet,64.0
ORD12236,2024-07-16,WEST,Furniture,Office Chair,313.24,2.0,0.0,Cash,26.0
ORD10321,2024-05-22,East,Furniture,Office Chair,110.26,3.0,5.0,Credit Card,63.0
ORD12949,2024-09-27,West,Groceries,Pasta,,7.0,0.0,Cash,59.0
ORD10664,2024-08-08,West,Furniture,Office Chair,406.03,3.0,0.0,Debit Card,68.0
ORD14306,2025-06-27,WEST,GROCERIES,Snacks,77.78,8.0,0.0,Cash,40.0
ORD13798,2025-05-22, south ,Groceries,Juice,305.77,5.0,0.0,Online Wallet,29.0
ORD12201,2024-05-18,North,Electronics,Smartwatch,25.43,4.0,0.0,Credit Card,55.0
ORD14956,2024-09-27,West,Clothing,Sneakers,352.75,6.0,0.0, cash ,20.0
ORD11221,2024-07-08,North,Toys,Action Figure,355.79,5.0,0.0,Online Wallet,39.0
ORD10332,2025-04-24,West,ELECTRONICS,Smartphone,288.03,7.0,0.0,Online Wallet,29.0
ORD14135,2025-03-22,West,Groceries,Coffee,494.68,4.0,0.0,Debit Card,54.0
ORD12951,2024-11-06,North,Toys,Board Game,471.35,9.0,0.0,CASH,26.0
ORD11815,2025-02-06,North,Clothing,Jeans,485.68,5.0,0.0,Cash,64.0
ORD14781,2024-07-08,West,Toys,Lego Set,357.56,8.0,0.0,Debit Card,45.0
ORD10598,2025-12-20,South,Furniture,Bed Frame,110.11,9.0,10.0,Cash,44.0
ORD12017,2025-04-27,East, electronics ,Smartphone,111.76,8.0,0.0,Debit Card,63.0
ORD11900,2025-12-20,East,Furniture,Office Chair,13.5,4.0,10.0,Online Wallet,39.0
ORD14875,2024-04-27,East,Groceries,Juice,274.9,8.0,0.0,Debit Card,18.0
ORD10386,2025-02-04,NORTH,GROCERIES,Cereal,345.07,1.0,15.0,Credit Card,27.0
ORD12262,2024-12-10,WEST,Furniture,Office Chair,117.92,4.0,5.0,ONLINE WALLET,18.0
ORD11608,2025-03-25,West,CLOTHING,Cap,180.18,2.0,0.0,Cash,45.0
ORD11459,2025-01-20,South,Furniture,Sofa,286.73,3.0,0.0,ONLINE WALLET,59.0
ORD14404,2024-02-06,South,CLOTHING,Jacket,341.16,1.0,0.0,Cash,35.0
ORD14445,2025-07-23,East, toys ,Action Figure,335.34,4.0,15.0,Credit Card,57.0
ORD11768,2025-09-18,North,Electronics,Smartphone,126.72,9.0,0.0,Online Wallet,69.0
ORD11947,2024-05-16,South,Furniture,Bookshelf,242.42,2.0,0.0,Credit Card,59.0
ORD10228,2024-10-19,East,Electronics,Smartphone,154.52,8.0,10.0,Online Wallet,56.0
ORD11028,2025-12-05, north , toys ,Lego Set,123.77,6.0,0.0,Online Wallet,35.0
ORD14858,2025-10-31,NORTH,Furniture,Bookshelf,49.66,7.0,0.0,Debit Card,55.0
ORD10498,2025-07-03,West,Electronics,Smartwatch,51.98,4.0,15.0,Credit Card,48.0
ORD11784,2025-11-22, east ,Toys,Puzzle,34.21,5.0,0.0,DEBIT CARD,23.0
ORD13839,2025-09-23,East,Furniture,Desk,171.32,8.0,5.0,Debit Card,34.0
ORD10902,2025-02-18,EAST, clothing ,Sneakers,335.15,5.0,5.0,Debit Card,60.0
ORD13957,2024-06-05,East,Furniture,Bookshelf,462.37,,15.0,Online Wallet,69.0
ORD10701,2025-05-08,WEST, furniture ,Office Chair,,2.0,0.0,CREDIT CARD,43.0
ORD14966,2024-11-22,West,Toys,Lego Set,200.02,9.0,5.0,Cash,36.0
ORD14271,2025-04-22,South,Toys,Board Game,322.43,-1.0,0.0,Debit Card,47.0
ORD12805,2025-02-20, east ,Groceries,Snacks,249.03,4.0,15.0,Debit Card,65.0
ORD14822,2024-12-20,West,Clothing,Jacket,408.21,6.0,0.0,Online Wallet,63.0
ORD13135,2025-05-03, north ,Clothing,Jeans,424.74,7.0,0.0,Online Wallet,27.0
ORD12327,2025-07-18,North,Toys,RC Car,201.85,2.0,0.0,Online Wallet,26.0
ORD11237,2025-05-06,South,Toys,RC Car,193.08,1.0,0.0,Online Wallet,64.0
ORD11772,2024-02-05,North,CLOTHING,Jeans,29.65,5.0,0.0,DEBIT CARD,18.0
ORD11238,2025-08-24,West,Clothing,Jacket,28.74,8.0,0.0,ONLINE WALLET,58.0
ORD12418,2024-01-13,South, clothing ,T-Shirt,92.96,5.0,0.0,Online Wallet,24.0
ORD12155,2024-07-09,South, electronics ,Laptop,491.29,2.0,0.0,Credit Card,25.0
ORD10949,2024-07-30, east ,Electronics,Smartwatch,176.91,1.0,15.0,Cash,37.0
ORD12896,2024-09-19, east ,Toys,Action Figure,440.51,7.0,10.0,Credit Card,48.0
ORD13278,2025-05-23,East,Clothing,T-Shirt,274.17,9.0,0.0,Credit Card,35.0
ORD12088,2025-09-30,East,Groceries,Snacks,217.64,,20.0,Cash,57.0
ORD12512,2024-11-22,North,Clothing,Jacket,,1.0,20.0,Cash,23.0
ORD11717,2024-06-04,North,Groceries,Cereal,346.33,9.0,0.0,Credit Card,19.0
ORD13930,2025-06-27,North,Electronics,Laptop,446.23,8.0,15.0,Cash,24.0
ORD10138,2025-09-20,East,FURNITURE,Sofa,10.44,5.0,0.0,Cash,23.0
ORD14029,2025-08-02,SOUTH,Electronics,Smartwatch,315.0,4.0,0.0,CREDIT CARD,51.0
ORD10251,2025-10-03,North,Furniture,Desk,244.88,2.0,0.0,Online Wallet,32.0
ORD11907,2024-06-18,South,Electronics,Smartphone,331.07,5.0,15.0,Cash,57.0
ORD14141,2025-03-07, west ,Electronics,Tablet,474.32,4.0,0.0,Credit Card,24.0
ORD14091,2025-11-17,West,Furniture,Desk,168.48,6.0,0.0,Credit Card,42.0
ORD14709,2024-08-22,North, electronics ,Smartphone,230.52,4.0,5.0,Online Wallet,68.0
ORD13334,2024-08-18,West, toys ,Lego Set,350.09,8.0,0.0,Cash,26.0
ORD14521,2024-07-01,South,Electronics,Laptop,34.49,4.0,0.0,DEBIT CARD,37.0
ORD11971,2025-10-13,South,Electronics,Smartphone,422.5,9.0,,Online Wallet,63.0
ORD10580,2024-07-05,East,Clothing,Jeans,293.71,6.0,5.0,Cash,64.0
ORD10912,2024-11-08,WEST,Electronics,Smartphone,477.76,8.0,5.0,CASH,
ORD11718,2025-12-16,NORTH, furniture ,Bed Frame,64.94,3.0,0.0,Online Wallet,35.0
ORD10367,2025-05-13,West, clothing ,Jacket,290.75,3.0,10.0,Cash,35.0
ORD13361,2025-07-06,West,Groceries,Coffee,116.95,1.0,0.0,Cash,35.0
ORD14998,2025-06-05,South,Furniture,Bookshelf,490.37,1.0,,Debit Card,60.0
ORD11578,2024-03-21,WEST, electronics ,Laptop,295.84,9.0,15.0,DEBIT CARD,49.0
ORD14138,2025-02-23,EAST,Electronics,Smartwatch,,7.0,0.0,Credit Card,35.0
ORD13833,2024-05-11,East,Electronics,Headphones,97.04,8.0,0.0,Debit Card,55.0
ORD13459,2024-12-09,North,Groceries,Coffee,107.61,9.0,0.0,Credit Card,25.0
ORD14826,2025-12-05, south ,Electronics,Smartwatch,266.34,8.0,0.0,ONLINE WALLET,19.0
ORD10911,2024-10-06,WEST, furniture ,Bed Frame,103.51,8.0,15.0,Cash,39.0
ORD12541,2024-08-08,West,CLOTHING,Jacket,364.91,1.0,0.0, credit card ,
ORD13214,2024-03-29,East, furniture ,Bookshelf,110.62,1.0,10.0,Cash,60.0
ORD13883,2024-12-07,East,TOYS,Puzzle,303.43,4.0,0.0,Credit Card,23.0
ORD10110,2025-03-16,South,GROCERIES,Pasta,159.3,5.0,5.0,CREDIT CARD,21.0
ORD14534,2024-04-19,South,Toys,Board Game,408.36,5.0,0.0,CASH,22.0
ORD11764,2024-07-24, east ,Furniture,Bed Frame,364.59,4.0,20.0,Cash,27.0
ORD13871,2024-12-26, west ,Toys,Board Game,454.47,9.0,15.0,Online Wallet,28.0
ORD12583,2025-09-15, east ,Clothing,Cap,362.8,6.0,10.0,Credit Card,49.0
ORD12689,2025-11-15,East,Clothing,Cap,232.71,3.0,0.0,Cash,30.0
ORD11089,2024-08-03,WEST, groceries ,Cereal,91.98,1.0,0.0,Online Wallet,62.0
ORD10929,2024-07-23,North,Electronics,Tablet,290.71,5.0,0.0,Debit Card,68.0
ORD11338,2025-10-09,EAST, clothing ,Sneakers,277.55,2.0,0.0,Debit Card,66.0
ORD14571,2025-03-13,East,Groceries,Juice,227.46,1.0,0.0,Cash,56.0
ORD12621,2024-05-02,NORTH,Clothing,Jeans,201.85,9.0,0.0,CREDIT CARD,18.0
ORD12728,2025-08-10,North,Clothing,T-Shirt,367.68,9.0,5.0,Cash,55.0
ORD10936,2024-05-19,South, electronics ,Tablet,309.65,7.0,,Online Wallet,31.0
ORD13379,2025-04-10,North,Furniture,Bed Frame,268.72,8.0,0.0,Cash,
ORD12743,2025-01-23,East,Toys,Puzzle,113.33,9.0,10.0,Online Wallet,44.0
ORD13006,2024-01-26,East, furniture ,Desk,440.63,9.0,0.0,Credit Card,47.0
ORD11250,2024-11-02,East,Electronics,Headphones,158.12,6.0,15.0,Debit Card,46.0
ORD14743,2024-01-08,East,Groceries,Pasta,120.01,-5.0,0.0,Online Wallet,44.0
ORD14745,2025-11-01,West,Clothing,Jacket,382.3,6.0,0.0,Online Wallet,35.0
ORD13722,2025-10-03, west ,Furniture,Desk,,9.0,0.0, online wallet ,50.0
ORD13741,2024-07-05,West,Toys,Lego Set,329.16,,0.0,Cash,45.0
ORD12303,2025-01-28,South,Clothing,Sneakers,393.23,8.0,0.0,Debit Card,67.0
ORD12293,2025-07-21,East,Toys,Puzzle,192.45,4.0,10.0,Debit Card,33.0
ORD12727,2025-09-09,East,Groceries,Cereal,273.86,2.0,0.0,CREDIT CARD,65.0
ORD12579,2025-12-14,South,Furniture,Bed Frame,464.06,6.0,0.0,Online Wallet,42.0
ORD12781,2024-01-13,East,Toys,Action Figure,,7.0,0.0,Debit Card,64.0
ORD13305,2025-09-02,South,Electronics,Headphones,373.88,2.0,0.0,Debit Card,37.0
ORD10705,2024-10-20,North,Furniture,Desk,163.6,9.0,10.0,Online Wallet,39.0
ORD11197,2024-12-07,West, toys ,RC Car,36.45,4.0,0.0,Credit Card,39.0
ORD11850,2024-11-03,North,Groceries,Cereal,203.67,3.0,0.0,Online Wallet,49.0
ORD14281,2024-02-20,NORTH,Furniture,Bookshelf,482.61,9.0,0.0,Debit Card,66.0
ORD10434,2025-08-04,North,Toys,Puzzle,171.13,4.0,0.0,Credit Card,66.0
ORD13964,2024-08-05,East,Clothing,Cap,247.79,2.0,0.0,Debit Card,55.0
ORD12719,2024-04-16, north ,Groceries,Snacks,467.49,3.0,0.0, credit card ,37.0
ORD11731,2025-11-22,West, clothing ,Sneakers,124.06,2.0,0.0,Credit Card,38.0
ORD10383,2025-12-26,West, furniture ,Desk,354.95,7.0,0.0,Online Wallet,58.0
ORD11794,2024-10-04,West,Toys,Puzzle,160.7,4.0,0.0,Online Wallet,42.0
ORD13505,2025-05-13,South,Groceries,Coffee,255.28,6.0,0.0, credit card ,57.0
ORD10735,2025-07-09,SOUTH,Groceries,Cereal,325.99,6.0,0.0,Online Wallet,39.0
ORD12046,2024-08-21,South,Electronics,Laptop,301.84,1.0,0.0,Debit Card,48.0
ORD13832,2024-03-23,East,Groceries,Pasta,25.15,5.0,15.0,Credit Card,68.0
ORD12024,2024-12-21,East,Clothing,Sneakers,202.34,1.0,0.0,CREDIT CARD,34.0
ORD10432,2025-12-29,East,Electronics,Headphones,90.18,1.0,15.0,Online Wallet,19.0
ORD10739,2024-05-28,North,Electronics,Smartphone,419.08,6.0,10.0,Online Wallet,52.0
ORD14004,2024-10-17,East,Clothing,Jeans,143.71,9.0,0.0,ONLINE WALLET,47.0
ORD12513,2024-07-29,South,Toys,RC Car,314.98,3.0,5.0,Online Wallet,55.0
ORD12237,2024-06-10,South, furniture ,Bed Frame,424.77,1.0,0.0,Credit Card,18.0
ORD13655,2025-09-12,West,Groceries,Cereal,444.66,1.0,0.0,Cash,64.0
ORD13532,2025-05-24,West,Toys,Board Game,,1.0,,DEBIT CARD,59.0
ORD11825,2024-09-02,East,Furniture,Office Chair,177.98,9.0,0.0,Debit Card,
ORD13475,2025-07-10,East,Toys,Board Game,224.86,5.0,0.0,Cash,45.0
ORD12402,2025-10-16, west ,ELECTRONICS,Headphones,327.75,2.0,5.0,Credit Card,67.0
ORD13021,2024-05-07,South, toys ,Board Game,83.78,5.0,0.0,Debit Card,39.0
ORD11725,2024-06-03,SOUTH,Clothing,T-Shirt,,1.0,0.0, online wallet ,32.0
ORD10003,2025-11-12, east ,Clothing,Jacket,28.1,,0.0,Online Wallet,20.0
ORD11766,2025-02-14,West,Groceries,Coffee,284.4,6.0,5.0,Debit Card,52.0
ORD14411,2024-01-23, south ,Furniture,Bed Frame,268.02,9.0,0.0,Online Wallet,49.0
ORD14860,2025-06-06,East,Toys,Action Figure,9.98,3.0,5.0,Debit Card,36.0
ORD14172,2024-06-22,NORTH,Clothing,Cap,188.65,1.0,0.0,Cash,56.0
ORD10007,2025-04-21,South,Furniture,Sofa,484.94,2.0,0.0,Online Wallet,31.0
ORD14506,2024-02-06,West,Clothing,Sneakers,259.38,5.0,0.0,Debit Card,36.0
ORD13791,2024-03-19,South,Furniture,Bed Frame,306.64,8.0,0.0,Online Wallet,55.0
ORD12671,2024-08-12,East,Groceries,Juice,56.83,4.0,0.0,Credit Card,51.0
ORD10403,2024-01-26,North,Groceries,Snacks,424.36,3.0,0.0,Credit Card,25.0
ORD14734,2024-03-23,East, toys ,RC Car,231.3,8.0,0.0,Credit Card,61.0
ORD10050,2024-04-09, south ,Toys,Action Figure,27.43,3.0,,CREDIT CARD,22.0
ORD13409,2025-06-09,North,Electronics,Tablet,477.26,2.0,15.0,Debit Card,27.0
ORD12147,2024-02-13,North,Furniture,Office Chair,139.63,7.0,0.0, debit card ,65.0
ORD13163,2024-09-17,SOUTH,Clothing,Sneakers,396.87,6.0,0.0,ONLINE WALLET,29.0
ORD12196,2024-07-20,West,Clothing,Jeans,343.07,8.0,0.0,DEBIT CARD,62.0
ORD14514,2024-10-09,West,Groceries,Coffee,161.53,2.0,0.0,Cash,62.0
ORD10558,2024-10-04, east ,Groceries,Coffee,117.13,1.0,0.0,Cash,59.0
ORD10726,2024-06-02,South,FURNITURE,Office Chair,134.57,1.0,0.0,Credit Card,20.0
ORD11886,2025-08-24,NORTH,Electronics,Smartphone,394.22,6.0,0.0, online wallet ,29.0
ORD12534,2025-10-08, west ,Electronics,Smartphone,449.4,3.0,,Credit Card,60.0
ORD11151,2024-03-16, east ,Furniture,Bed Frame,472.33,9.0,0.0,ONLINE WALLET,49.0
ORD10009,2025-01-14,WEST,Electronics,Tablet,141.62,1.0,0.0,Credit Card,41.0
ORD14615,2024-12-15,West,Groceries,Juice,50.56,3.0,0.0,Debit Card,29.0
ORD11707,2024-04-12,East,Clothing,Jeans,179.45,4.0,0.0,Debit Card,27.0
ORD10545,2025-04-04,East, furniture ,Office Chair,96.94,,15.0,Online Wallet,44.0
ORD14177,2024-02-24,South,Groceries,Snacks,320.33,7.0,,Online Wallet,54.0
ORD12630,2024-04-22,East,Furniture,Bed Frame,248.43,4.0,5.0,Credit Card,58.0
ORD11614,2024-03-27,East,Clothing,Jeans,439.07,3.0,20.0,Cash,37.0
ORD11071,2025-02-20,EAST,Furniture,Bed Frame,266.11,9.0,0.0,Credit Card,65.0
ORD12961,2024-09-04,South,Toys,Board Game,57.21,1.0,20.0,Debit Card,36.0
ORD10716,2024-03-30,East,Groceries,Snacks,300.25,4.0,0.0,ONLINE WALLET,34.0
ORD14630,2024-12-21,North,Groceries,Juice,16.24,4.0,20.0,ONLINE WALLET,67.0
ORD14760,2024-07-26,North,Furniture,Desk,38.83,4.0,0.0,Cash,51.0
ORD11396,2024-02-22, south ,Groceries,Cereal,184.87,2.0,20.0,Credit Card,51.0
ORD11231,2025-08-05,South,Groceries,Coffee,60.98,1.0,0.0, cash ,47.0
ORD13783,2025-06-17,East,Furniture,Bookshelf,488.16,1.0,0.0,Online Wallet,44.0
ORD11896,2025-01-24,North,Groceries,Pasta,84.62,5.0,,Cash,
ORD11758,2025-09-21,West,FURNITURE,Office Chair,446.71,3.0,0.0,Cash,43.0
ORD10318,2024-03-15,SOUTH,Clothing,Jeans,327.32,6.0,5.0,Online Wallet,28.0
ORD12123,2024-07-06,South,Toys,RC Car,374.4,8.0,0.0,Cash,26.0
ORD14072,2025-12-06,North,Electronics,Smartwatch,147.51,5.0,0.0,Online Wallet,19.0
ORD11672,2025-07-05,North,GROCERIES,Pasta,77.9,8.0,0.0,Credit Card,23.0
ORD13489,2025-05-03,West, furniture ,Bookshelf,44.35,2.0,0.0,Online Wallet,58.0
ORD14928,2024-05-17,South,Clothing,Jeans,33.55,3.0,0.0, cash ,34.0
ORD12685,2025-07-24, west ,Toys,Puzzle,444.32,2.0,0.0,Credit Card,29.0
ORD12916,2024-07-17,East,CLOTHING,T-Shirt,35.8,7.0,20.0,Debit Card,65.0
ORD11587,2025-08-14,North,Groceries,Snacks,329.31,9.0,0.0,CASH,62.0
ORD10427,2024-02-07,West,CLOTHING,Sneakers,367.2,4.0,5.0,Credit Card,30.0
ORD14204,2025-02-19,East,Toys,Action Figure,10.25,3.0,0.0,Online Wallet,47.0
ORD14058,2024-10-25,East,Clothing,Cap,311.96,2.0,10.0,Credit Card,32.0
ORD10480,2025-09-23,North,Electronics,Tablet,377.56,9.0,10.0,Credit Card,68.0
ORD12209,2024-06-24,West,Groceries,Snacks,67.29,3.0,0.0, online wallet ,35.0
ORD10546,2025-04-16,East,Electronics,Tablet,174.01,,15.0,Cash,41.0
ORD11298,2024-02-14,West,Furniture,Bookshelf,269.45,8.0,0.0,Online Wallet,68.0
ORD10262,2025-12-26,East,Toys,Lego Set,320.15,1.0,0.0,Online Wallet,62.0
ORD12456,2025-03-15,South,Clothing,Jacket,211.26,4.0,0.0,Cash,40.0
ORD14483,2024-09-14,North,Furniture,Office Chair,184.85,7.0,0.0,ONLINE WALLET,31.0
ORD13477,2025-11-29,North,Clothing,Jacket,7.02,4.0,0.0,Online Wallet,58.0
ORD10666,2024-01-21,South,Toys,RC Car,216.12,9.0,0.0,Cash,48.0
ORD10171,2024-01-17,North,Clothing,T-Shirt,62.34,2.0,0.0,Online Wallet,62.0
ORD11176,2025-05-28, east ,Toys,Lego Set,282.13,2.0,0.0,Online Wallet,68.0
ORD13339,2024-03-23,South,Toys,Puzzle,104.96,1.0,0.0,Online Wallet,23.0
ORD11077,2025-08-28,East,Groceries,Pasta,407.64,6.0,0.0,Debit Card,48.0
ORD13725,2025-09-02,South,Clothing,Jacket,204.14,2.0,0.0,Credit Card,34.0
ORD12823,2024-08-15,South,Groceries,Coffee,377.09,5.0,5.0,Cash,45.0
ORD10686,2025-03-07,East,Clothing,T-Shirt,415.21,3.0,5.0,Debit Card,52.0
ORD14636,2024-11-03,West,Furniture,Office Chair,130.2,3.0,0.0,ONLINE WALLET,66.0
ORD12188,2025-01-16,North,Electronics,Headphones,316.38,7.0,0.0,Online Wallet,47.0
ORD10693,2024-05-09,East,Electronics,Smartphone,465.76,7.0,0.0, debit card ,34.0
ORD13198,2025-03-21, south ,Furniture,Office Chair,424.38,7.0,0.0,Cash,
ORD14443,2024-01-30,North,Toys,Lego Set,93.97,2.0,0.0,Credit Card,34.0
ORD12611,2025-04-10,West,Electronics,Smartwatch,198.57,2.0,20.0,Cash,46.0
ORD14395,2025-09-02,West,Toys,Board Game,414.37,5.0,0.0,Cash,18.0
ORD14642,2024-09-27,SOUTH,Electronics,Tablet,205.79,4.0,0.0,CASH,21.0
ORD13195,2025-02-24,East, electronics ,Laptop,217.74,2.0,0.0,Credit Card,
ORD12954,2025-04-11,North,Furniture,Desk,442.58,9.0,0.0,Cash,38.0
ORD14286,2024-06-01,East,Toys,Puzzle,328.45,4.0,0.0,Credit Card,64.0
ORD12617,2024-06-13, east ,Groceries,Pasta,391.82,8.0,5.0,Cash,66.0
ORD13834,2024-11-03,East,Clothing,Jeans,283.64,7.0,0.0,Debit Card,34.0
ORD13908,2025-07-11,North,Furniture,Sofa,395.37,4.0,0.0,Credit Card,51.0
ORD11827,2024-07-15,North, clothing ,Jeans,165.1,8.0,0.0,DEBIT CARD,51.0
ORD10781,2025-09-11,SOUTH, electronics ,Tablet,197.66,6.0,15.0,Cash,44.0
ORD11727,2024-10-02,North,GROCERIES,Pasta,353.68,9.0,0.0,ONLINE WALLET,50.0
ORD14192,2025-08-22,South,Groceries,Cereal,267.73,4.0,0.0,Cash,29.0
ORD14063,2025-02-10, south ,Electronics,Tablet,108.71,5.0,0.0,Debit Card,50.0
ORD10541,2024-04-24,NORTH,Clothing,T-Shirt,150.42,8.0,15.0, online wallet ,34.0
ORD10711,2025-03-13,North,Electronics,Tablet,63.52,6.0,5.0,Debit Card,62.0
ORD13197,2025-08-26,East,Groceries,Juice,,8.0,0.0, online wallet ,53.0
ORD12560,2024-07-28,West,Electronics,Headphones,8.94,7.0,0.0,Online Wallet,20.0
ORD12868,2024-09-16,South,Toys,RC Car,423.87,4.0,0.0,Online Wallet,63.0
ORD10630,2025-10-31,South,ELECTRONICS,Tablet,160.93,2.0,0.0,Debit Card,53.0
ORD10254,2024-08-18,South,Groceries,Juice,363.54,5.0,10.0,Debit Card,52.0
ORD11942,2024-03-18, west , groceries ,Pasta,402.06,8.0,, online wallet ,32.0
ORD12600,2024-09-24, east ,Toys,RC Car,421.52,8.0,,Debit Card,21.0
ORD10882,2025-10-21,South,GROCERIES,Pasta,343.8,2.0,5.0,Debit Card,23.0
ORD12430,2025-05-04,West,CLOTHING,Jacket,278.08,1.0,0.0,Online Wallet,28.0
ORD13189,2024-03-05,North,Furniture,Office Chair,180.85,7.0,0.0,Debit Card,18.0
ORD11240,2025-08-11,North,Clothing,Jacket,157.77,1.0,0.0,Debit Card,28.0
ORD13751,2025-02-10,West,Furniture,Bed Frame,239.57,5.0,5.0,Debit Card,63.0
ORD14126,2024-02-28,South, electronics ,Laptop,58.79,9.0,0.0, debit card ,42.0
ORD13961,2025-11-15,East,Furniture,Office Chair,167.21,6.0,0.0,Credit Card,23.0
ORD11171,2024-07-08,South,Groceries,Cereal,440.05,8.0,0.0,Online Wallet,46.0
ORD14753,2025-10-31,South,CLOTHING,Sneakers,161.2,9.0,0.0,Online Wallet,23.0
ORD13893,2024-03-02,South,Clothing,Sneakers,311.06,6.0,0.0,Cash,60.0
ORD12481,2024-11-01,North,Furniture,Sofa,486.25,1.0,10.0,Cash,56.0
ORD12165,2025-07-27,South,Groceries,Pasta,270.82,9.0,0.0,Credit Card,69.0
ORD12369,2025-07-29,East, furniture ,Desk,177.17,9.0,0.0,Cash,
ORD10588,2025-07-03,North,Groceries,Juice,124.06,9.0,0.0,Online Wallet,21.0
ORD10790,2024-02-26,South,Clothing,Cap,335.66,2.0,0.0,Online Wallet,28.0
ORD12399,2025-06-01,East,Electronics,Smartphone,129.43,6.0,0.0, credit card ,46.0
ORD11144,2025-05-31,West,Electronics,Smartwatch,170.44,7.0,5.0,Credit Card,24.0
ORD11329,2025-04-06,South,Clothing,Jeans,498.6,1.0,0.0,Online Wallet,55.0
ORD12809,2024-06-24,East,Groceries,Pasta,232.38,4.0,0.0,Online Wallet,25.0
ORD14954,2025-05-24,East,Clothing,Jeans,320.16,2.0,0.0,Cash,25.0
ORD13690,2025-01-06,North,Groceries,Cereal,255.42,9.0,0.0, credit card ,48.0
ORD13276,2025-03-01,North,Electronics,Smartwatch,57.96,6.0,0.0,Cash,67.0
ORD10075,2024-10-08, east ,Furniture,Office Chair,193.54,6.0,,Credit Card,30.0
ORD12394,2024-09-11,South,Furniture,Desk,422.52,7.0,10.0,Debit Card,29.0
ORD14090,2024-06-29,South, toys ,Puzzle,285.17,9.0,0.0, credit card ,57.0
ORD13703,2024-05-29, north ,Furniture,Bookshelf,106.6,6.0,0.0,Debit Card,30.0
ORD13887,2024-11-12,East,Furniture,Sofa,,2.0,5.0,ONLINE WALLET,69.0
ORD12407,2024-07-20,South,Groceries,Juice,437.59,5.0,0.0,CREDIT CARD,32.0
ORD10554,2024-08-24,SOUTH,TOYS,RC Car,42.45,5.0,0.0,Credit Card,55.0
ORD10702,2024-10-24,East, electronics ,Laptop,121.2,3.0,0.0,Online Wallet,41.0
ORD11466,2024-01-14,North,GROCERIES,Snacks,376.82,3.0,10.0,Credit Card,55.0
ORD14879,2024-06-30,East,Electronics,Tablet,164.68,3.0,0.0,Credit Card,57.0
ORD11735,2024-03-14,North,Furniture,Bed Frame,298.86,6.0,0.0,Credit Card,65.0
ORD11101,2025-08-21,East,Electronics,Tablet,359.64,1.0,10.0,Online Wallet,22.0
ORD13922,2024-07-14,West,Electronics,Headphones,73.63,4.0,0.0,Credit Card,56.0
ORD12193,2025-04-29, north ,FURNITURE,Desk,183.68,9.0,5.0,Cash,39.0
ORD14740,2024-08-29,South,Groceries,Coffee,,7.0,0.0,Credit Card,36.0
ORD12027,2024-02-17,West,Furniture,Bed Frame,412.0,7.0,5.0,Cash,27.0
ORD10945,2025-02-18,SOUTH, furniture ,Sofa,470.93,8.0,0.0,Credit Card,45.0
ORD14819,2025-06-05,North,Toys,Action Figure,448.0,2.0,15.0,Online Wallet,51.0
ORD13733,2025-03-15, south ,Electronics,Laptop,342.33,1.0,0.0,Credit Card,60.0
ORD14985,2024-02-16,North,Toys,RC Car,469.08,2.0,5.0,Online Wallet,28.0
ORD10842,2024-11-20,North, furniture ,Bookshelf,74.98,6.0,0.0,CREDIT CARD,69.0
ORD11924,2025-11-28,East,Toys,RC Car,98.36,2.0,0.0,Cash,30.0
ORD12550,2025-08-08,South,Groceries,Juice,37.41,3.0,5.0,Debit Card,55.0
ORD12415,2024-01-29,South,Electronics,Headphones,326.99,5.0,0.0,Debit Card,
ORD14775,2024-03-16,South,Furniture,Bed Frame,32.46,4.0,0.0,Online Wallet,
ORD11919,2024-03-04,South,Groceries,Pasta,95.33,2.0,0.0,Cash,50.0
ORD13650,2024-03-27,West,Toys,RC Car,249.57,8.0,5.0, debit card ,56.0
ORD13623,2024-04-03,South,Toys,Action Figure,426.26,4.0,0.0,Cash,58.0
ORD10968,2025-10-23,South,Groceries,Snacks,208.1,1.0,0.0,Credit Card,44.0
ORD13778,2024-11-20,SOUTH,Clothing,Cap,173.99,7.0,0.0,DEBIT CARD,32.0
ORD12776,2024-12-13, east ,TOYS,RC Car,133.2,4.0,0.0,Cash,41.0
ORD11281,2024-12-29,South,Clothing,Cap,148.3,5.0,5.0,CASH,25.0
ORD10225,2024-06-07,EAST,Groceries,Snacks,355.98,8.0,5.0,Credit Card,59.0
ORD13934,2024-10-14,East,Furniture,Desk,346.24,1.0,,Debit Card,44.0
ORD10755,2024-09-15,East,Furniture,Bed Frame,426.76,2.0,0.0,Online Wallet,35.0
ORD11856,2024-03-15,West,CLOTHING,T-Shirt,377.27,1.0,5.0,Debit Card,
ORD14466,2025-11-13,North,Toys,Board Game,242.46,8.0,0.0, cash ,31.0
ORD13694,2024-08-07,North,Groceries,Snacks,379.1,7.0,0.0,Debit Card,30.0
ORD14916,2024-09-11,EAST,TOYS,Puzzle,100.31,6.0,0.0,Cash,40.0
ORD13844,2025-06-08, south ,Clothing,Jacket,116.06,7.0,0.0,Online Wallet,19.0
ORD14432,2024-09-05,North,Clothing,Cap,160.79,5.0,20.0,Debit Card,56.0
ORD10845,2024-07-06,West,Toys,Puzzle,286.9,9.0,0.0,Credit Card,
ORD10572,2024-07-30, south ,Electronics,Smartwatch,111.53,8.0,0.0,Cash,59.0
ORD14019,2024-02-21,NORTH,Toys,RC Car,88.65,2.0,0.0,CREDIT CARD,60.0
ORD13545,2024-12-22,West, clothing ,Sneakers,326.12,1.0,0.0,Debit Card,25.0
ORD12016,2024-12-28,East,Groceries,Coffee,469.15,1.0,0.0,ONLINE WALLET,
ORD11131,2024-06-11,East,Clothing,Jacket,279.98,3.0,0.0,CASH,35.0
ORD13854,2025-06-22,North,Electronics,Smartphone,145.26,3.0,0.0, credit card ,62.0
ORD11624,2024-03-23,West,Toys,Lego Set,481.96,2.0,0.0,Online Wallet,51.0
ORD13821,2025-11-10,West, clothing ,Sneakers,403.39,1.0,0.0,Cash,41.0
ORD10154,2024-11-13,North,Toys,Puzzle,,9.0,0.0,Online Wallet,64.0
ORD10476,2024-12-19,North,Furniture,Office Chair,208.92,6.0,0.0,Credit Card,65.0
ORD14934,2025-12-11,East,Groceries,Juice,369.59,4.0,5.0,ONLINE WALLET,31.0
ORD11662,2024-04-21,South,Clothing,T-Shirt,443.85,1.0,0.0,Debit Card,43.0
ORD10081,2025-02-04,NORTH,Toys,Board Game,71.34,7.0,5.0,CREDIT CARD,31.0
ORD11039,2025-02-03,North,Furniture,Desk,,8.0,0.0,Cash,36.0
ORD13636,2024-04-24,West,Electronics,Headphones,140.09,6.0,0.0,Online Wallet,25.0
ORD11690,2025-04-15,West,Electronics,Smartphone,13.85,2.0,5.0,Debit Card,57.0
ORD10278,2025-04-27,West,ELECTRONICS,Tablet,203.74,2.0,0.0,DEBIT CARD,38.0
ORD12869,2024-01-10,West,Clothing,Jeans,56.45,9.0,0.0, online wallet ,41.0
ORD11651,2025-05-21,North,Toys,Puzzle,448.42,5.0,,Online Wallet,66.0
ORD10551,2024-10-28,South,Toys,Action Figure,317.96,8.0,0.0,Credit Card,23.0
ORD14925,2024-01-04,East, furniture ,Office Chair,320.61,1.0,0.0,Debit Card,48.0
ORD12063,2025-08-26,North,Electronics,Headphones,405.57,1.0,0.0,Online Wallet,57.0
ORD11087,2025-09-10,North, toys ,Lego Set,407.24,1.0,10.0,DEBIT CARD,60.0
ORD12185,2024-07-20,North,GROCERIES,Pasta,231.67,6.0,0.0,DEBIT CARD,31.0
ORD10382,2025-12-16,North,Furniture,Bookshelf,204.21,9.0,0.0,DEBIT CARD,46.0
ORD11099,2025-11-01,SOUTH, toys ,RC Car,436.04,9.0,0.0,CREDIT CARD,30.0
ORD14031,2024-01-31,NORTH,Toys,Action Figure,360.53,9.0,0.0, credit card ,40.0
ORD14076,2025-06-26,South,Electronics,Laptop,346.78,7.0,0.0,Cash,41.0
ORD10482,2025-06-25,North,Clothing,Jacket,325.65,2.0,15.0,Online Wallet,19.0
ORD12083,2025-11-26,North,Electronics,Laptop,352.24,1.0,20.0,DEBIT CARD,56.0
ORD14591,2024-07-08,West,Groceries,Juice,365.01,4.0,5.0,Debit Card,33.0
ORD14160,2024-02-19,NORTH,Groceries,Pasta,215.9,3.0,0.0,Online Wallet,55.0
ORD12285,2024-06-17,South,ELECTRONICS,Smartphone,498.7,2.0,0.0, cash ,44.0
ORD12274,2024-02-15,SOUTH,Furniture,Bed Frame,247.02,7.0,5.0,Credit Card,26.0
ORD10918,2024-12-31,East,Clothing,Cap,114.43,3.0,5.0,Online Wallet,68.0
ORD10984,2025-02-19,South,GROCERIES,Snacks,283.13,3.0,0.0, credit card ,59.0
ORD13358,2024-04-28,West, groceries ,Snacks,309.4,4.0,0.0, cash ,29.0
ORD10473,2024-08-22,South,Electronics,Headphones,367.54,3.0,0.0,DEBIT CARD,64.0
ORD13587,2025-10-06,South,Toys,RC Car,226.14,3.0,0.0,ONLINE WALLET,62.0
ORD11120,2024-08-18,North,Electronics,Smartphone,98.01,6.0,10.0,Debit Card,60.0
ORD12952,2025-04-25,South,Furniture,Bed Frame,453.2,6.0,0.0,CREDIT CARD,22.0
ORD14558,2025-12-28,East,Electronics,Smartphone,299.36,9.0,5.0,Online Wallet,59.0
ORD10089,2024-09-05,South,Clothing,T-Shirt,243.17,6.0,0.0, debit card ,60.0
ORD10850,2024-11-30,North,Electronics,Smartphone,190.78,2.0,0.0,Credit Card,61.0
ORD14723,2024-09-09,West,Clothing,Cap,491.02,3.0,0.0,Online Wallet,24.0
ORD13539,2025-09-02,North,Furniture,Sofa,87.3,5.0,0.0,Credit Card,34.0
ORD12241,2025-02-22,WEST, toys ,Puzzle,85.33,1.0,0.0,Online Wallet,68.0
ORD12427,2025-03-24,South,Furniture,Bed Frame,52.87,4.0,0.0, cash ,23.0
ORD10297,2025-04-16,West,Furniture,Bookshelf,282.28,7.0,0.0,Debit Card,61.0
ORD14068,2025-05-03,South,Clothing,Sneakers,34.38,8.0,0.0,Debit Card,69.0
ORD10527,2024-03-12,East,GROCERIES,Juice,189.23,6.0,0.0,Online Wallet,45.0
ORD14464,2024-11-07,West,Electronics,Smartwatch,321.8,9.0,0.0,Cash,24.0
ORD10442,2025-02-04,WEST,Toys,Board Game,467.82,,5.0,Debit Card,22.0
ORD10072,2024-02-10,North,Groceries,Juice,133.68,6.0,0.0,Credit Card,50.0
ORD13656,2024-05-05,North,Furniture,Desk,362.14,9.0,0.0,Credit Card,48.0
ORD11684,2025-04-09,West,Groceries,Pasta,303.69,5.0,0.0,Cash,21.0
ORD13802,2025-11-25,East,Electronics,Laptop,372.31,4.0,0.0,Debit Card,24.0
ORD11138,2024-05-16,WEST,GROCERIES,Cereal,406.02,6.0,0.0,Debit Card,36.0
ORD14120,2024-09-20,East,Electronics,Smartphone,374.6,5.0,0.0,Debit Card,38.0
ORD14982,2024-11-20,South,Toys,Board Game,78.56,5.0,0.0,CREDIT CARD,20.0
ORD14870,2025-02-24,North,Groceries,Juice,74.2,2.0,0.0,Cash,21.0
ORD13296,2024-07-22,South,TOYS,Lego Set,215.1,7.0,0.0, credit card ,46.0
ORD11006,2024-06-26,West,Toys,Board Game,64.97,9.0,0.0,Cash,59.0
ORD14887,2024-09-03,North,Clothing,Jeans,191.66,8.0,15.0,Debit Card,57.0
ORD14984,2025-04-01,WEST,Electronics,Headphones,245.34,3.0,5.0,CREDIT CARD,68.0
ORD11475,2024-07-01,West,Electronics,Smartphone,293.68,8.0,5.0,Credit Card,30.0
ORD12569,2024-07-23,East,Furniture,Desk,461.04,4.0,5.0,Credit Card,19.0
ORD10083,2024-11-03,East,Clothing,Jacket,275.99,1.0,,Online Wallet,47.0
ORD12406,2024-01-24,North,Toys,Lego Set,269.29,6.0,5.0,Debit Card,54.0
ORD14596,2024-04-19,North,FURNITURE,Bookshelf,480.91,3.0,0.0,Credit Card,18.0
ORD11836,2025-01-15,North, clothing ,Cap,441.26,3.0,5.0,CREDIT CARD,40.0
ORD13376,2025-08-29,North,Clothing,T-Shirt,272.22,6.0,10.0,Credit Card,48.0
ORD12635,2025-12-14,East, clothing ,Jacket,372.02,5.0,0.0, credit card ,46.0
ORD14315,2025-11-09,South,Clothing,Jacket,88.7,5.0,0.0,Cash,25.0
ORD14028,2024-02-22,EAST,Furniture,Desk,176.21,7.0,10.0,Credit Card,
ORD12008,2024-05-25,West,Clothing,Jacket,450.02,1.0,5.0,Online Wallet,62.0
ORD12593,2024-03-07,West,Groceries,Juice,388.04,8.0,0.0,Online Wallet,65.0
ORD10047,2024-09-28,North,Electronics,Smartwatch,260.76,5.0,0.0,Cash,20.0
ORD12506,2024-10-06,West,Groceries,Coffee,,3.0,0.0,Cash,28.0
ORD12104,2025-03-22,East,Clothing,Jeans,414.43,1.0,0.0,Online Wallet,59.0
ORD13472,2025-03-04,East,Toys,Puzzle,200.37,4.0,0.0,Credit Card,57.0
ORD11929,2025-12-07,EAST,Furniture,Office Chair,97.02,7.0,0.0,ONLINE WALLET,55.0
ORD10397,2025-05-16,South, electronics ,Tablet,13.39,9.0,0.0,Debit Card,24.0
ORD11507,2025-04-19,South,Clothing,Sneakers,313.75,5.0,0.0,Online Wallet,65.0
ORD13702,2025-09-15, north ,Toys,Lego Set,436.02,8.0,0.0,Debit Card,37.0
ORD14303,2024-03-22,South,Electronics,Headphones,6.45,5.0,0.0,Debit Card,51.0
ORD13271,2024-11-26,North,Furniture,Bed Frame,168.96,1.0,0.0,DEBIT CARD,18.0
ORD14528,2024-02-16,South,Toys,Lego Set,353.71,9.0,0.0,Cash,18.0
ORD14613,2025-04-22,West, electronics ,Laptop,10.13,3.0,0.0,Debit Card,69.0
ORD13119,2025-01-10,North,Toys,Action Figure,200.53,3.0,0.0,DEBIT CARD,32.0
ORD14519,2024-01-11,West,FURNITURE,Office Chair,294.22,8.0,15.0,Debit Card,18.0
ORD10986,2024-12-05,North,Electronics,Headphones,274.82,4.0,0.0,Credit Card,21.0
ORD13373,2024-08-05,West,Toys,Board Game,382.91,,15.0,Cash,58.0
ORD14659,2024-12-22,West, electronics ,Headphones,198.32,2.0,,Cash,22.0
ORD13352,2025-03-26, south ,FURNITURE,Desk,80.45,1.0,15.0,Debit Card,60.0
ORD10484,2024-11-30,North,Furniture,Bed Frame,119.62,3.0,0.0, debit card ,31.0
ORD14751,2025-04-20,SOUTH,Toys,Lego Set,181.52,,0.0, debit card ,27.0
ORD10237,2025-04-15,South,Electronics,Laptop,235.28,8.0,0.0,Debit Card,53.0
ORD14423,2025-04-19,South,Groceries,Juice,176.31,7.0,0.0,CREDIT CARD,27.0
ORD13087,2025-08-19,North,Clothing,T-Shirt,10.96,8.0,0.0,Online Wallet,49.0
ORD10471,2025-12-26,South,GROCERIES,Cereal,151.49,5.0,0.0,Online Wallet,63.0
ORD12963,2025-06-06, east ,GROCERIES,Cereal,114.25,4.0,0.0,Cash,24.0
ORD11104,2024-04-30,SOUTH,Groceries,Juice,69.24,2.0,0.0,Credit Card,21.0
ORD13168,2024-11-23,East,Groceries,Cereal,80.52,6.0,10.0, online wallet ,29.0
ORD10802,2024-03-14,South,CLOTHING,Jacket,63.92,1.0,0.0,Online Wallet,19.0
ORD13295,2025-03-16,East, toys ,Action Figure,316.26,6.0,0.0,Online Wallet,39.0
ORD14474,2024-04-17,North,Groceries,Coffee,402.45,,0.0,Credit Card,64.0
ORD14884,2024-08-05,South,Toys,Action Figure,162.58,2.0,0.0,Debit Card,63.0
ORD12824,2025-03-05,West,Clothing,Cap,212.46,6.0,15.0, credit card ,66.0
ORD12423,2024-05-12,North,Electronics,Laptop,364.21,,0.0,CASH,39.0
ORD12971,2025-11-21,South, toys ,RC Car,257.66,5.0,0.0,Online Wallet,35.0
ORD11737,2025-04-07,West, toys ,Action Figure,396.17,8.0,0.0, online wallet ,28.0
ORD13336,2025-12-28,North, furniture ,Bookshelf,203.2,5.0,,Online Wallet,23.0
ORD14205,2025-05-28,South, clothing ,Jeans,414.93,6.0,0.0,Cash,38.0
ORD14465,2024-12-16,North, groceries ,Pasta,158.44,7.0,0.0,Cash,43.0
ORD13132,2024-12-09,East,Electronics,Headphones,324.9,4.0,10.0,Debit Card,32.0
ORD10034,2025-10-20,West,Electronics,Smartwatch,288.14,1.0,0.0,Online Wallet,45.0
ORD14895,2025-09-17, east ,Groceries,Pasta,59.51,9.0,10.0, online wallet ,68.0
ORD12661,2024-04-06,WEST,Toys,Action Figure,482.07,4.0,0.0, cash ,25.0
ORD10564,2025-02-02,East,TOYS,Lego Set,308.33,3.0,0.0,Cash,37.0
ORD14206,2024-03-19,South,Groceries,Snacks,220.67,1.0,0.0,Cash,57.0
ORD10074,2024-08-29,South,Electronics,Smartphone,278.04,5.0,0.0,Credit Card,18.0
ORD10855,2024-05-20,East,Groceries,Coffee,453.52,3.0,10.0,Credit Card,19.0
ORD10309,2025-04-12, west ,Furniture,Desk,281.12,2.0,0.0,Cash,62.0
ORD12268,2025-08-29,East, toys ,RC Car,480.5,9.0,0.0,Cash,63.0
ORD10282,2025-04-13,South,Furniture,Bed Frame,5.93,7.0,0.0, debit card ,63.0
ORD12448,2024-06-14,South, toys ,RC Car,240.92,2.0,,Credit Card,37.0
ORD12416,2025-06-15,SOUTH,Furniture,Bookshelf,233.05,5.0,0.0,Online Wallet,
ORD10547,2024-12-25, south ,Furniture,Office Chair,291.06,3.0,0.0,Cash,44.0
ORD13176,2024-06-09,NORTH,GROCERIES,Juice,45.29,4.0,0.0,Credit Card,41.0
ORD13712,2025-12-11,East,GROCERIES,Cereal,320.14,1.0,0.0,Cash,57.0
ORD11158,2025-12-06,NORTH,Electronics,Laptop,436.28,2.0,0.0,Debit Card,21.0
ORD11680,2024-02-01,North,Toys,Action Figure,142.39,9.0,0.0,Online Wallet,31.0
ORD10720,2024-04-10,North,Clothing,Jeans,183.4,5.0,0.0,CREDIT CARD,41.0
ORD10291,2024-02-18,West,Toys,RC Car,220.41,5.0,5.0,Debit Card,21.0
ORD10540,2024-07-10,North,Furniture,Bed Frame,218.4,8.0,5.0,Cash,68.0
ORD14215,2024-10-14,South, clothing ,T-Shirt,496.95,1.0,0.0,DEBIT CARD,64.0
ORD11036,2024-11-15,East,Toys,Puzzle,13.9,2.0,15.0,Credit Card,52.0
ORD13891,2025-03-06,South,Groceries,Cereal,490.68,7.0,0.0,Credit Card,22.0
ORD11047,2025-01-27,West,Toys,Lego Set,10.35,7.0,15.0,Credit Card,57.0
ORD12161,2025-11-24,South,Electronics,Headphones,286.27,6.0,15.0,Cash,52.0
ORD13552,2025-03-28,East,GROCERIES,Snacks,100.69,6.0,15.0,Cash,64.0
ORD10060,2025-01-30,East,Toys,RC Car,167.69,5.0,5.0, cash ,33.0
ORD13602,2024-04-03,South,Clothing,Sneakers,450.25,5.0,0.0,Credit Card,38.0
ORD10459,2024-11-26,North,Clothing,Jeans,299.43,7.0,,Debit Card,36.0
ORD11189,2025-11-27,NORTH,Furniture,Desk,160.32,1.0,5.0,Debit Card,53.0
ORD13841,2025-09-21,EAST,CLOTHING,Jeans,478.76,6.0,0.0,Online Wallet,52.0
ORD14706,2025-12-02,West,Furniture,Bed Frame,401.52,8.0,10.0,Credit Card,38.0
ORD13974,2024-11-24,North,Electronics,Headphones,463.53,9.0,0.0,CREDIT CARD,63.0
ORD10535,2025-08-28,North,Toys,Board Game,106.2,7.0,0.0,Cash,69.0
ORD14017,2024-07-26,South,Electronics,Headphones,498.96,4.0,0.0, debit card ,25.0
ORD14570,2025-03-18,South,Toys,Action Figure,72.71,5.0,0.0,Debit Card,67.0
ORD12608,2024-09-25,NORTH, electronics ,Headphones,332.69,4.0,0.0,Cash,66.0
ORD12998,2024-09-28,SOUTH,Groceries,Cereal,41.91,2.0,20.0, cash ,19.0
ORD10581,2024-11-28,West,FURNITURE,Sofa,285.28,6.0,0.0,Cash,44.0
ORD12668,2024-06-06,South,Groceries,Snacks,117.64,3.0,0.0,Credit Card,23.0
ORD10195,2024-07-25,South,TOYS,RC Car,132.55,1.0,10.0,Cash,41.0
ORD11263,2024-09-15,West,Clothing,Jacket,369.72,8.0,15.0,Cash,62.0
ORD10172,2025-03-30,South,CLOTHING,Jacket,272.93,2.0,0.0,ONLINE WALLET,32.0
ORD12934,2025-10-12,EAST,Toys,Puzzle,486.23,2.0,0.0,Credit Card,46.0
ORD13689,2024-03-03, south ,Furniture,Sofa,235.33,4.0,0.0,Cash,62.0
ORD10924,2025-04-24,East,Groceries,Pasta,382.28,4.0,0.0,Online Wallet,49.0
ORD11013,2024-09-09,East,Clothing,Jeans,257.79,2.0,10.0,Debit Card,51.0
ORD13700,2024-04-09,West,Groceries,Coffee,82.56,7.0,0.0,Debit Card,34.0
ORD11173,2024-09-15,South,Clothing,Cap,453.4,7.0,0.0,Credit Card,26.0
ORD11562,2024-04-20, north ,Electronics,Tablet,467.61,4.0,0.0,Online Wallet,43.0
ORD11641,2025-03-21, south ,Furniture,Office Chair,80.96,4.0,0.0,Credit Card,45.0
ORD12812,2025-02-09, east ,Furniture,Bed Frame,,3.0,20.0,Debit Card,53.0
ORD11430,2024-08-29, north , electronics ,Tablet,57.71,3.0,5.0,Cash,21.0
ORD12627,2025-12-08, south , toys ,Board Game,200.15,7.0,5.0,Cash,34.0
ORD13976,2025-06-18,East,Clothing,Cap,185.19,4.0,0.0,Credit Card,49.0
ORD14471,2025-03-27,East, furniture ,Desk,20.7,6.0,5.0,Online Wallet,36.0
ORD13915,2024-07-30, south ,Furniture,Bookshelf,92.04,3.0,5.0,Credit Card,54.0
ORD13432,2025-01-08,East,ELECTRONICS,Tablet,396.36,7.0,10.0,Cash,26.0
ORD12334,2025-03-16,West,Electronics,Smartwatch,129.85,3.0,5.0, cash ,33.0
ORD11239,2025-10-15,West,Clothing,Cap,317.05,6.0,0.0,Online Wallet,
ORD10415,2024-12-14,East,Clothing,Cap,243.04,4.0,,Online Wallet,44.0
ORD14086,2025-11-24,South,Furniture,Bed Frame,61.22,3.0,5.0,Debit Card,56.0
ORD10982,2025-02-25,West,Furniture,Desk,329.44,1.0,5.0,Cash,60.0
ORD11164,2025-06-10,East,Clothing,Jacket,29.4,1.0,0.0,Credit Card,46.0
ORD11779,2024-11-15,North,Clothing,Cap,12.38,1.0,5.0,Debit Card,66.0
ORD14632,2025-10-26,North,Groceries,Pasta,117.89,5.0,0.0,Debit Card,38.0
ORD13467,2024-09-28,South,Furniture,Bed Frame,94.74,8.0,15.0,Cash,68.0
ORD10586,2024-06-12,South,GROCERIES,Coffee,206.82,2.0,0.0,Online Wallet,47.0
ORD10595,2025-02-13,EAST,Groceries,Juice,147.48,2.0,0.0, credit card ,20.0
ORD11811,2025-05-09,North,Clothing,T-Shirt,159.91,9.0,0.0,DEBIT CARD,19.0
ORD10812,2025-04-08,South,Groceries,Coffee,234.67,7.0,0.0,Credit Card,28.0
ORD11949,2024-11-01,East,Clothing,T-Shirt,416.97,8.0,0.0,Cash,36.0
ORD14798,2024-04-26,South,Electronics,Smartwatch,217.47,5.0,0.0,Cash,29.0
ORD11167,2024-12-21,South,Electronics,Tablet,385.78,8.0,0.0,CREDIT CARD,36.0
ORD11930,2024-10-01,East,Electronics,Smartphone,315.9,7.0,15.0,ONLINE WALLET,43.0
ORD10220,2024-05-12, west ,Furniture,Office Chair,202.42,5.0,0.0,Online Wallet,
ORD11065,2025-10-29,East,Electronics,Laptop,239.35,3.0,0.0,Debit Card,42.0
ORD11692,2025-09-11,West,Clothing,Jeans,255.65,4.0,5.0,Cash,43.0
ORD12721,2024-04-18, south ,TOYS,Lego Set,20.34,5.0,0.0,Cash,30.0
ORD12764,2025-04-28,East,ELECTRONICS,Tablet,158.44,9.0,0.0,Online Wallet,35.0
ORD12013,2025-07-07,South,Electronics,Laptop,289.5,1.0,0.0,DEBIT CARD,56.0
ORD12932,2025-11-02,East, toys ,RC Car,57.2,9.0,5.0,Credit Card,23.0
ORD10774,2025-12-08,West,Groceries,Pasta,439.49,,0.0,ONLINE WALLET,32.0
ORD10305,2025-12-26,East,GROCERIES,Pasta,85.0,9.0,0.0,Online Wallet,43.0
ORD10439,2025-07-08, west ,CLOTHING,Sneakers,433.32,4.0,0.0,Online Wallet,40.0
ORD10713,2024-05-09,North,Electronics,Smartwatch,382.94,1.0,0.0,Debit Card,33.0
ORD14672,2024-11-15,West,Toys,Board Game,54.6,7.0,10.0, credit card ,55.0
ORD12909,2025-05-31,East,Electronics,Headphones,422.05,8.0,0.0,Debit Card,69.0
ORD11024,2024-09-11,East,Clothing,Sneakers,213.81,,10.0,Credit Card,62.0
ORD13108,2025-08-16,West,Furniture,Bed Frame,179.28,9.0,0.0,Debit Card,53.0
ORD11082,2025-10-27,North,Furniture,Office Chair,102.57,8.0,0.0,Online Wallet,53.0
ORD13806,2025-04-03,North,Furniture,Desk,460.36,8.0,0.0,Credit Card,66.0
ORD10734,2024-10-02, west , groceries ,Snacks,365.42,3.0,0.0,Online Wallet,19.0
ORD11674,2024-08-17,South, groceries ,Snacks,41.02,9.0,0.0,Credit Card,41.0
ORD14429,2025-11-18, west ,Groceries,Pasta,,1.0,0.0,CREDIT CARD,22.0
ORD13735,2025-06-06,West,CLOTHING,Jacket,165.58,6.0,0.0,Cash,69.0
ORD12972,2024-04-04,East,Furniture,Office Chair,315.87,8.0,0.0,Credit Card,63.0
ORD14910,2024-01-27,West,CLOTHING,T-Shirt,254.86,6.0,0.0, online wallet ,50.0
ORD12113,2024-06-22,South,Electronics,Smartwatch,318.48,7.0,5.0,Online Wallet,68.0
ORD11610,2024-11-29,West,Clothing,Sneakers,286.82,6.0,5.0, credit card ,29.0
ORD11643,2025-08-03, south ,ELECTRONICS,Smartphone,458.16,8.0,0.0,Cash,45.0
ORD11219,2025-07-26,West,CLOTHING,Cap,13.89,5.0,20.0,Debit Card,53.0
ORD11604,2024-08-07,North,Toys,Action Figure,429.86,4.0,0.0,Debit Card,63.0
ORD10357,2024-03-27,EAST,Groceries,Pasta,224.84,2.0,10.0,CREDIT CARD,46.0
ORD12890,2025-02-19,East,Furniture,Office Chair,124.63,8.0,0.0,CASH,48.0
ORD10530,2024-10-13,East,Groceries,Coffee,113.01,4.0,0.0,Debit Card,21.0
ORD13879,2025-04-26,South, groceries ,Coffee,300.24,6.0,0.0,Online Wallet,33.0
ORD14912,2025-11-15, south ,Toys,Action Figure,286.77,2.0,,Credit Card,68.0
ORD11093,2025-07-24,East,Toys,Action Figure,16.41,3.0,0.0,Cash,46.0
ORD11765,2025-12-02,East,Toys,Action Figure,379.71,9.0,0.0,Debit Card,28.0
ORD13913,2024-06-12,North,Furniture,Sofa,340.37,8.0,15.0,ONLINE WALLET,48.0
ORD10985,2025-01-10,South,Furniture,Office Chair,373.97,4.0,0.0,Debit Card,51.0
ORD12800,2024-06-07,EAST,Clothing,Jacket,183.15,2.0,5.0,Debit Card,48.0
ORD12213,2024-02-23,West,Furniture,Bed Frame,336.94,5.0,0.0,Credit Card,30.0
ORD13443,2024-07-14,East,GROCERIES,Coffee,194.29,2.0,20.0,Cash,59.0
ORD12544,2024-11-22,South,Electronics,Smartphone,379.58,3.0,0.0,Debit Card,24.0
ORD13043,2024-01-09,North,Groceries,Juice,,4.0,0.0,Cash,20.0
ORD12742,2025-12-02,East,Toys,RC Car,391.04,3.0,0.0,Credit Card,23.0
ORD14337,2024-10-26,North,Electronics,Smartphone,286.24,7.0,0.0,Debit Card,53.0
ORD14299,2025-09-30,South, furniture ,Office Chair,45.76,8.0,15.0,Online Wallet,54.0
ORD11288,2025-09-05,West,FURNITURE,Bookshelf,167.15,9.0,0.0,Cash,64.0
ORD12581,2025-01-20,East, toys ,Action Figure,91.16,2.0,0.0,Credit Card,44.0
ORD10137,2024-12-21,South,Furniture,Bed Frame,251.55,2.0,0.0,Credit Card,
ORD10973,2024-02-20,WEST,Toys,Action Figure,156.32,6.0,0.0,Debit Card,52.0
ORD11648,2025-04-27,West,Clothing,Jeans,14.56,5.0,0.0,Online Wallet,36.0
ORD12473,2025-07-03,East,FURNITURE,Office Chair,424.29,8.0,0.0,Credit Card,
ORD10615,2024-02-12,South,Toys,RC Car,102.14,4.0,0.0,Debit Card,65.0
ORD13597,2024-01-21,West,Furniture,Office Chair,313.7,8.0,5.0,Cash,35.0
ORD13371,2025-02-21,North,Clothing,Cap,148.33,-4.0,5.0,Cash,62.0
ORD11858,2024-03-21,South,Toys,Action Figure,390.35,1.0,0.0,Online Wallet,43.0
ORD14349,2024-09-18,West,Clothing,Sneakers,409.05,3.0,15.0,CREDIT CARD,60.0
ORD14936,2024-09-07,East,Toys,Puzzle,64.42,4.0,0.0,Credit Card,45.0
ORD11711,2024-09-13,North,Electronics,Smartwatch,496.16,2.0,0.0,Debit Card,34.0
ORD11868,2025-12-08,East,Toys,Lego Set,14.07,,5.0,Cash,31.0
ORD14920,2024-05-03, east ,Toys,Puzzle,257.36,6.0,0.0,Credit Card,31.0
ORD14572,2024-12-30,East,Electronics,Tablet,499.85,8.0,0.0,Credit Card,22.0
ORD14703,2024-01-12,SOUTH,Electronics,Smartwatch,27.25,1.0,0.0,CASH,37.0
ORD12294,2024-07-17,South,Furniture,Office Chair,32.42,3.0,,Credit Card,34.0
ORD11366,2024-06-28,NORTH,Clothing,T-Shirt,303.07,8.0,5.0,Online Wallet,62.0
ORD10414,2025-12-28,North,Furniture,Bookshelf,405.0,8.0,10.0,Online Wallet,65.0
ORD12740,2024-12-26,East, clothing ,Jacket,40.36,3.0,10.0,Debit Card,51.0
ORD13180,2024-12-21,North,Toys,Lego Set,377.37,8.0,0.0,Online Wallet,38.0
ORD12282,2025-05-09,East,CLOTHING,Jeans,331.89,2.0,0.0,Cash,61.0
ORD13507,2025-12-11,WEST,Toys,Puzzle,290.1,8.0,0.0,Cash,55.0
ORD11040,2024-03-14,East, furniture ,Desk,95.55,1.0,0.0,Cash,21.0
ORD14505,2025-04-02,South,Clothing,Jacket,189.37,,0.0,Credit Card,42.0
ORD14418,2024-10-18,West,Electronics,Headphones,88.44,3.0,10.0,Debit Card,67.0
ORD10508,2024-09-16,WEST,Clothing,T-Shirt,209.84,8.0,5.0,Debit Card,67.0
ORD10676,2025-01-01,East,Clothing,Sneakers,461.15,,10.0,Cash,42.0
ORD13500,2025-08-03,East,Groceries,Pasta,174.43,9.0,5.0,Online Wallet,27.0
ORD11781,2024-03-01, south , electronics ,Laptop,307.96,6.0,5.0,Credit Card,55.0
ORD14152,2025-12-15,East,Toys,Lego Set,140.91,2.0,0.0, online wallet ,59.0
ORD14537,2025-01-29,East,Electronics,Smartwatch,362.29,3.0,0.0,CASH,21.0
ORD12535,2025-04-06,West,Toys,Action Figure,403.1,6.0,0.0,Credit Card,57.0
ORD13490,2025-03-17,North,Furniture,Office Chair,158.58,6.0,0.0,Online Wallet,48.0
ORD10543,2024-02-27,West,Electronics,Laptop,230.53,1.0,5.0,Cash,63.0
ORD14637,2025-03-18,West,Clothing,T-Shirt,152.57,,10.0,Credit Card,35.0
ORD13588,2024-03-10,South, toys ,Action Figure,13.6,6.0,0.0,Debit Card,32.0
ORD10223,2025-01-07,West,Furniture,Bed Frame,146.01,3.0,,Debit Card,53.0
ORD13882,2024-08-27,West,Groceries,Snacks,193.56,2.0,0.0,Debit Card,18.0
ORD14008,2024-07-09,East,Electronics,Headphones,192.08,5.0,0.0,Credit Card,41.0
ORD11402,2025-02-13,South,Clothing,Sneakers,446.04,8.0,0.0, cash ,67.0
ORD14124,2025-01-28,North,Furniture,Office Chair,124.14,2.0,0.0, cash ,67.0
ORD12874,2024-09-18,South,Toys,RC Car,188.56,8.0,0.0,Credit Card,19.0
ORD12136,2024-05-18,South,Clothing,Jeans,321.93,5.0,5.0,Credit Card,68.0
ORD10180,2025-06-07,East,Furniture,Bed Frame,283.56,8.0,0.0,Credit Card,34.0
ORD12784,2025-02-19,West, furniture ,Sofa,159.11,7.0,0.0,Cash,54.0
ORD13496,2025-08-16,South,Furniture,Office Chair,474.04,7.0,0.0,Cash,32.0
ORD12300,2024-07-15,East,Clothing,Jacket,120.19,5.0,5.0,ONLINE WALLET,41.0
ORD11322,2024-01-17,South,Electronics,Smartphone,268.41,9.0,0.0,Cash,22.0
ORD12555,2024-04-05,North,Electronics,Smartwatch,495.12,3.0,0.0,Online Wallet,26.0
ORD14117,2024-04-26,East,ELECTRONICS,Smartwatch,257.43,3.0,5.0,Credit Card,37.0
ORD10539,2024-09-29, east , clothing ,Jacket,109.34,5.0,0.0,Cash,23.0
ORD10289,2025-05-19,West, electronics ,Smartphone,284.95,2.0,0.0, cash ,66.0
ORD10975,2024-05-20,West,Clothing,Sneakers,264.71,8.0,0.0,Online Wallet,48.0
ORD12852,2024-02-09,East,Groceries,Cereal,387.6,3.0,0.0,Online Wallet,53.0
ORD13564,2025-08-24,East,Electronics,Smartphone,409.03,2.0,0.0,Debit Card,68.0
ORD14274,2024-08-08,North,Clothing,Jeans,34.54,1.0,20.0, cash ,43.0
ORD10041,2025-11-28,North,Furniture,Bookshelf,273.61,6.0,0.0, debit card ,66.0
ORD14355,2024-07-28,North,Furniture,Office Chair,66.53,5.0,0.0,Credit Card,65.0
ORD12702,2024-04-07, south ,Clothing,T-Shirt,124.81,9.0,0.0, cash ,52.0
ORD13074,2024-01-09,NORTH,Toys,Lego Set,456.95,6.0,0.0,ONLINE WALLET,
ORD13551,2025-10-23,South,Electronics,Tablet,175.24,2.0,0.0,Debit Card,69.0
ORD13897,2024-05-31,West,Clothing,Jacket,358.35,9.0,5.0,Cash,49.0
ORD12903,2025-06-01,South,Clothing,Jeans,403.76,1.0,0.0,Online Wallet,42.0
ORD14104,2024-05-17,East,Furniture,Bed Frame,268.87,9.0,0.0,Cash,41.0
ORD10876,2025-03-12,West, furniture ,Office Chair,313.16,2.0,0.0,CASH,38.0
ORD11391,2024-10-22, west ,Electronics,Tablet,320.64,4.0,0.0,Credit Card,62.0
ORD10506,2024-06-03,North,Clothing,Jacket,340.38,2.0,,Cash,
ORD13632,2025-12-07,East,Groceries,Coffee,115.58,5.0,10.0,Online Wallet,47.0
ORD11014,2025-11-12,West,Electronics,Smartphone,401.76,2.0,,Cash,36.0
ORD10387,2024-01-13,East,Toys,RC Car,95.49,8.0,5.0,Credit Card,21.0
ORD12497,2025-07-13,West,Electronics,Headphones,462.59,9.0,,Cash,42.0
ORD10307,2024-06-26,East,Groceries,Coffee,51.24,5.0,20.0,Online Wallet,29.0
ORD11336,2025-10-24,East,Groceries,Cereal,72.03,2.0,15.0,Credit Card,18.0
ORD11863,2024-11-30,North,Furniture,Sofa,19.0,1.0,0.0,CASH,22.0
ORD14417,2024-03-18,West,CLOTHING,Cap,221.27,1.0,0.0,Cash,24.0
ORD14654,2025-06-08,East,FURNITURE,Office Chair,54.32,9.0,0.0,Debit Card,65.0
ORD11255,2024-10-19,North,Electronics,Laptop,272.96,4.0,20.0,Debit Card,29.0
ORD13622,2025-02-11,East,ELECTRONICS,Smartphone,231.85,5.0,0.0,Cash,55.0
ORD10340,2024-07-01,East, toys ,Board Game,437.74,3.0,0.0, cash ,63.0
ORD11801,2024-03-24,South,Clothing,Sneakers,167.34,4.0,, debit card ,25.0
ORD14715,2025-01-17, south ,Toys,Puzzle,409.83,5.0,0.0,Debit Card,32.0
ORD13491,2024-04-28,North,Furniture,Sofa,473.5,7.0,0.0,Debit Card,37.0
ORD14476,2024-09-16,West, furniture ,Sofa,,6.0,0.0,Debit Card,41.0
ORD12966,2025-10-13,West,GROCERIES,Juice,96.88,6.0,0.0,Online Wallet,49.0
ORD14041,2024-06-04,West,Furniture,Sofa,359.05,4.0,,Online Wallet,18.0
ORD10747,2025-12-12,WEST,CLOTHING,Jeans,171.95,6.0,,DEBIT CARD,56.0
ORD12772,2025-11-20,East,Furniture,Office Chair,19.18,9.0,0.0,Cash,62.0
ORD13678,2025-09-25, west ,Toys,Board Game,280.26,2.0,0.0,Credit Card,42.0
ORD12053,2024-10-05, north ,Groceries,Snacks,86.17,3.0,0.0,Debit Card,20.0
ORD11503,2025-05-12,West,Toys,Puzzle,164.61,8.0,0.0,Debit Card,51.0
ORD14235,2025-10-21, west ,GROCERIES,Coffee,174.15,1.0,0.0,Cash,
ORD12804,2024-04-11,North,Furniture,Office Chair,278.85,1.0,5.0,Credit Card,56.0
ORD11780,2025-12-19,West,Toys,Board Game,262.12,2.0,10.0,Debit Card,67.0
ORD12576,2024-01-18,North,Electronics,Headphones,393.62,9.0,0.0,CREDIT CARD,50.0
ORD10765,2024-11-02,SOUTH,Toys,Board Game,105.73,,20.0,Debit Card,33.0
ORD10925,2025-07-22,South,Toys,Puzzle,47.15,9.0,0.0,Cash,67.0
ORD10856,2025-07-29,West,Toys,Puzzle,365.1,2.0,,Credit Card,63.0
ORD14965,2025-05-08,SOUTH,Clothing,T-Shirt,169.37,7.0,0.0,Credit Card,27.0
ORD11270,2025-01-29,East,Furniture,Bookshelf,304.11,8.0,0.0,Credit Card,21.0
ORD14399,2025-09-22, north ,Groceries,Pasta,161.15,,10.0,Debit Card,46.0
ORD13241,2024-10-26,South,Furniture,Desk,408.4,1.0,10.0,Debit Card,23.0
ORD11114,2024-01-11,West,ELECTRONICS,Smartwatch,460.34,9.0,10.0,Debit Card,51.0
ORD14814,2025-03-17,South,Furniture,Bookshelf,357.13,8.0,0.0, debit card ,24.0
ORD12351,2025-01-30,South,Clothing,Jeans,411.15,1.0,10.0,Debit Card,59.0
ORD10751,2025-02-05,South,Furniture,Bed Frame,169.55,8.0,0.0,Debit Card,61.0
ORD14254,2024-11-10,West,Groceries,Cereal,332.28,7.0,10.0,Debit Card,49.0
ORD13396,2024-01-29,West,Groceries,Juice,85.18,6.0,20.0,Cash,49.0
ORD10151,2024-04-07,West,Clothing,Sneakers,443.07,8.0,0.0,Cash,61.0
ORD11032,2024-01-09,West,Clothing,Cap,451.76,3.0,10.0,Credit Card,55.0
ORD13264,2025-04-10,East,Electronics,Tablet,470.29,8.0,5.0,Online Wallet,63.0
ORD10346,2025-03-29,WEST,Groceries,Cereal,64.68,2.0,0.0,Cash,33.0
ORD14733,2025-08-25,NORTH,GROCERIES,Snacks,123.86,1.0,0.0,Debit Card,45.0
ORD11670,2025-04-28,North,Toys,Lego Set,220.94,2.0,0.0,Online Wallet,27.0
ORD10706,2025-04-26,North,Clothing,Jacket,455.17,,10.0,Credit Card,23.0
ORD14741,2024-12-24, north ,Groceries,Coffee,159.01,8.0,0.0, debit card ,23.0
ORD14576,2025-07-04,East,Toys,Puzzle,61.27,5.0,5.0,Debit Card,29.0
ORD13716,2024-04-07,West,Clothing,Sneakers,194.16,3.0,10.0,ONLINE WALLET,40.0
ORD11400,2025-01-16,South,Clothing,Jeans,324.41,1.0,0.0,Debit Card,59.0
ORD11017,2024-01-04,West,Clothing,Sneakers,455.86,8.0,0.0,Debit Card,61.0
ORD13027,2025-09-15,SOUTH,Toys,Board Game,324.27,-9.0,0.0,Credit Card,52.0
ORD11649,2024-09-09,North,GROCERIES,Cereal,162.1,5.0,0.0,Debit Card,63.0
ORD12240,2025-02-07,North,Electronics,Headphones,42.66,2.0,0.0,DEBIT CARD,19.0
ORD14233,2024-06-16,South,GROCERIES,Coffee,124.14,2.0,0.0,Debit Card,63.0
ORD11502,2025-10-20,West,Groceries,Cereal,137.02,9.0,0.0,CREDIT CARD,
ORD10087,2025-02-06,EAST,Toys,Action Figure,411.79,2.0,0.0,Credit Card,39.0
ORD10521,2025-03-21,West,Clothing,Sneakers,438.33,1.0,,Cash,59.0
ORD14617,2025-03-20,South,Furniture,Office Chair,129.94,6.0,0.0,Credit Card,44.0
ORD11556,2025-09-04,North,Clothing,Jacket,299.09,4.0,0.0,ONLINE WALLET,53.0
ORD14179,2025-09-03,South, toys ,Action Figure,357.41,4.0,0.0,DEBIT CARD,65.0
ORD13076,2024-05-03,NORTH,Toys,Action Figure,160.26,5.0,10.0,Cash,47.0
ORD13479,2024-05-10,East,Electronics,Smartphone,68.17,9.0,5.0,Online Wallet,66.0
ORD14724,2025-04-07,West, furniture ,Sofa,451.62,8.0,20.0,Debit Card,34.0
ORD11201,2024-08-13, east ,Clothing,Cap,248.25,1.0,0.0,Cash,47.0
ORD12135,2025-04-20,NORTH,Groceries,Juice,219.42,8.0,0.0,Credit Card,30.0
ORD14013,2025-03-31,South,Groceries,Cereal,141.27,1.0,5.0,Cash,67.0
ORD12463,2025-10-17,South,Clothing,T-Shirt,266.08,8.0,0.0,Online Wallet,61.0
ORD14735,2025-09-02, west , furniture ,Desk,103.38,5.0,0.0,Online Wallet,24.0
ORD14553,2025-12-14,East,Electronics,Tablet,388.31,1.0,,Credit Card,48.0
ORD14988,2024-12-05,West,Electronics,Smartphone,229.61,4.0,15.0,Cash,50.0
ORD13152,2024-05-02,East,Electronics,Smartphone,185.83,3.0,0.0, online wallet ,58.0
ORD11142,2025-06-10,West,Furniture,Sofa,45.07,7.0,15.0,Credit Card,24.0
ORD14539,2024-06-20,West,Furniture,Bed Frame,318.65,7.0,0.0, cash ,34.0
ORD10010,2025-04-16,West,Electronics,Tablet,11.97,3.0,5.0,Cash,52.0
ORD14433,2025-03-21,North,Electronics,Smartphone,127.65,-9.0,15.0,DEBIT CARD,59.0
ORD13645,2024-04-28,North,Toys,Board Game,78.45,9.0,0.0,Cash,45.0
ORD14989,2024-03-24,South,Furniture,Office Chair,274.44,5.0,0.0, online wallet ,36.0
ORD13286,2025-02-21, east ,Toys,Board Game,217.62,8.0,0.0,DEBIT CARD,46.0
ORD14871,2024-10-17,South,CLOTHING,Jeans,468.63,6.0,0.0,ONLINE WALLET,25.0
ORD12296,2025-10-07,East, clothing ,Jacket,492.97,,5.0,Cash,20.0
ORD13473,2025-01-17,South,Toys,Puzzle,248.41,6.0,0.0, credit card ,42.0
ORD11845,2024-09-21,West,Electronics,Tablet,470.62,3.0,0.0,Online Wallet,26.0
ORD12099,2024-06-12,North,Toys,Action Figure,421.39,-1.0,0.0,Online Wallet,41.0
ORD10569,2025-04-02,North,Furniture,Bed Frame,160.84,2.0,0.0,Credit Card,
ORD13017,2025-03-09, east ,Toys,RC Car,203.99,6.0,0.0,ONLINE WALLET,44.0
ORD14283,2024-01-21,West,Groceries,Pasta,401.34,1.0,0.0,Credit Card,69.0
ORD12276,2025-07-08, north , electronics ,Smartphone,459.77,4.0,5.0,CASH,
ORD11408,2025-07-16,North,TOYS,Puzzle,125.7,7.0,5.0, credit card ,62.0
ORD13889,2025-01-23,North,Electronics,Headphones,,9.0,0.0,Credit Card,
ORD14695,2024-01-06,East,Furniture,Sofa,401.24,6.0,0.0,Debit Card,58.0
ORD13290,2025-04-08,North,Electronics,Smartwatch,112.91,3.0,0.0,Cash,59.0
ORD14229,2025-04-30,East, groceries ,Pasta,6.54,7.0,0.0, credit card ,
ORD13308,2024-01-31,East, groceries ,Cereal,218.07,3.0,0.0,CASH,32.0
ORD11332,2025-12-19,East,Furniture,Sofa,362.69,9.0,5.0, debit card ,49.0
ORD11647,2025-06-24,EAST,Electronics,Headphones,315.73,3.0,0.0,Credit Card,48.0
ORD12443,2025-11-05, west ,FURNITURE,Sofa,392.4,6.0,0.0,Online Wallet,19.0
ORD12768,2025-09-28,East,Groceries,Juice,392.22,1.0,0.0,Cash,32.0
ORD10688,2025-07-15,East,Furniture,Bookshelf,317.53,8.0,0.0,Debit Card,64.0
ORD10822,2024-05-05,South,Clothing,Jeans,352.24,5.0,10.0,Debit Card,55.0
ORD12390,2025-11-29, south ,Toys,Puzzle,320.29,1.0,15.0, credit card ,58.0
ORD13384,2025-07-14, west ,Clothing,Jacket,377.19,7.0,,Debit Card,64.0
ORD12938,2025-03-05,South,TOYS,Action Figure,255.67,2.0,0.0,Online Wallet,56.0
ORD11677,2024-10-23,West,Groceries,Juice,489.81,2.0,20.0,Credit Card,32.0
ORD11149,2025-01-11,East,Furniture,Sofa,210.53,3.0,0.0,Credit Card,42.0
ORD14771,2024-02-27,East,Electronics,Laptop,,5.0,0.0,Cash,34.0
ORD14864,2024-09-22,WEST,Toys,Action Figure,86.87,2.0,0.0,Credit Card,42.0
ORD13634,2024-04-20,South,Furniture,Office Chair,313.43,7.0,0.0,Credit Card,33.0
ORD13039,2024-07-20,East,Groceries,Pasta,138.75,6.0,0.0,Online Wallet,23.0
ORD12114,2025-09-15,West,Groceries,Pasta,172.55,7.0,0.0,CASH,31.0
ORD13530,2024-06-30,East,Clothing,Jeans,5.1,4.0,0.0,Credit Card,44.0
ORD12916,2024-07-17,East,CLOTHING,T-Shirt,35.8,7.0,20.0,Debit Card,65.0
ORD13765,2025-12-29, north ,Clothing,Jacket,178.45,3.0,0.0,Cash,35.0
ORD13599,2025-01-15,West,Clothing,Jacket,458.01,8.0,10.0,Online Wallet,49.0
ORD14635,2025-05-30,South,Electronics,Smartwatch,233.26,6.0,0.0,Debit Card,53.0
ORD13786,2025-04-16,South,Groceries,Snacks,16.48,9.0,0.0, cash ,46.0
ORD10917,2025-01-01,East,Clothing,Sneakers,192.46,4.0,0.0,Online Wallet,28.0
ORD13120,2025-09-27,North,Clothing,T-Shirt,295.01,3.0,,Debit Card,36.0
ORD13646,2024-12-11,West,Electronics,Headphones,318.06,8.0,0.0,Credit Card,61.0
ORD12612,2024-09-16,West, clothing ,Sneakers,315.0,1.0,10.0,Credit Card,64.0
ORD10559,2024-07-27,East,FURNITURE,Bed Frame,42.84,3.0,0.0,Online Wallet,64.0
ORD13804,2024-12-21,South,Clothing,Jacket,409.22,5.0,0.0,Cash,30.0
ORD10707,2024-08-06,East,Toys,Puzzle,370.25,6.0,0.0, online wallet ,45.0
ORD14337,2024-10-26,North,Electronics,Smartphone,286.24,7.0,0.0,Debit Card,53.0
ORD10583,2025-12-20,South,Toys,RC Car,100.66,6.0,0.0, online wallet ,54.0
ORD11208,2024-03-20,East,Furniture,Sofa,12.84,1.0,0.0,Debit Card,65.0
ORD12470,2025-04-27,South,Groceries,Cereal,468.41,9.0,0.0,Online Wallet,50.0
ORD10422,2024-03-24,East,Toys,Lego Set,251.28,4.0,0.0, online wallet ,58.0
ORD12873,2024-05-18,North, toys ,Puzzle,194.06,4.0,0.0,Cash,68.0
ORD10875,2024-08-02,WEST,Clothing,Jeans,499.0,3.0,0.0,Credit Card,20.0
ORD14578,2024-12-23,North,Groceries,Coffee,36.01,9.0,0.0, debit card ,49.0
ORD12849,2025-09-22,North,Furniture,Bed Frame,259.38,9.0,0.0,Debit Card,57.0
ORD13993,2024-05-24, south ,Furniture,Desk,494.6,2.0,0.0, online wallet ,47.0
ORD13249,2025-03-20,North,Toys,Action Figure,81.69,5.0,0.0,Debit Card,46.0
ORD11566,2024-02-28,North,Groceries,Coffee,179.67,8.0,5.0,Credit Card,65.0
ORD13683,2025-03-04,NORTH,CLOTHING,Sneakers,113.75,2.0,0.0,Online Wallet,30.0
ORD10227,2025-06-04,South,Groceries,Coffee,325.07,8.0,0.0,Credit Card,59.0
ORD10826,2025-03-13,North,TOYS,Board Game,369.73,6.0,10.0,Cash,25.0
ORD13112,2025-01-05,East,Electronics,Headphones,251.97,7.0,0.0,Debit Card,35.0
ORD12667,2025-08-10,North,Clothing,Cap,101.19,1.0,5.0,Credit Card,67.0
ORD12321,2024-09-06, east ,Groceries,Snacks,426.2,8.0,20.0,Debit Card,
ORD14387,2024-10-01,North,FURNITURE,Office Chair,83.34,5.0,0.0,Online Wallet,61.0
ORD11636,2024-07-25,East,Groceries,Snacks,93.35,2.0,0.0,Credit Card,53.0
ORD13480,2024-04-18,South,Electronics,Laptop,154.94,6.0,0.0,Cash,45.0
ORD13317,2025-08-21,West,Clothing,T-Shirt,399.68,7.0,10.0,Cash,65.0
ORD12533,2025-07-09,East, electronics ,Smartwatch,327.32,2.0,0.0,Debit Card,40.0
ORD11190,2024-04-06,WEST,Electronics,Tablet,210.81,6.0,0.0,Online Wallet,39.0
ORD14932,2024-01-22,North,Groceries,Pasta,386.61,,0.0,Debit Card,61.0
ORD14023,2025-05-31,South,Clothing,Sneakers,292.47,7.0,0.0,Online Wallet,45.0
ORD11569,2024-02-17,EAST,Electronics,Headphones,187.6,3.0,0.0,Debit Card,52.0
ORD13312,2025-10-30,South,Furniture,Desk,114.09,5.0,0.0,ONLINE WALLET,22.0
ORD12134,2025-08-05,East,Furniture,Sofa,135.2,9.0,0.0,Debit Card,33.0
ORD13573,2025-07-18,WEST,Electronics,Headphones,,4.0,5.0,Credit Card,53.0
ORD11808,2024-10-14, south ,Furniture,Sofa,396.16,8.0,5.0,Cash,58.0
ORD10825,2024-09-27,South,Furniture,Bed Frame,329.48,1.0,0.0,Cash,69.0
ORD13265,2024-05-08,North,Toys,Puzzle,498.57,8.0,10.0, credit card ,52.0
ORD10499,2025-03-26,South, clothing ,Cap,498.83,3.0,0.0,Online Wallet,30.0
ORD14397,2024-11-21,West,Clothing,Cap,409.65,4.0,0.0,DEBIT CARD,52.0
ORD13534,2024-03-12,East,Clothing,T-Shirt,458.36,5.0,15.0,Debit Card,46.0
ORD10816,2025-05-28,West,Clothing,Jeans,266.45,9.0,0.0,Credit Card,45.0
ORD11316,2025-09-10,North,Groceries,Cereal,10.76,9.0,5.0,Credit Card,38.0
ORD13053,2024-12-04,SOUTH,Clothing,T-Shirt,306.23,3.0,5.0,Cash,66.0
ORD10509,2025-10-15,South,Electronics,Smartwatch,35.0,2.0,5.0,Cash,60.0
ORD10146,2024-01-17,North,Clothing,Jacket,475.37,7.0,0.0,Online Wallet,33.0
ORD14270,2024-12-20,East,Groceries,Pasta,269.49,4.0,,Online Wallet,19.0
ORD14772,2024-04-06, east ,CLOTHING,T-Shirt,439.53,,0.0,Credit Card,65.0
ORD14046,2025-05-25,East,Furniture,Desk,379.66,1.0,0.0,Credit Card,50.0
ORD11536,2024-03-21, south ,Clothing,Jacket,166.74,3.0,0.0,Online Wallet,36.0
ORD14893,2025-12-25,South,Furniture,Desk,45.7,4.0,0.0,Debit Card,33.0
ORD11196,2024-03-01,SOUTH,Toys,Board Game,21.0,2.0,5.0,Debit Card,55.0
ORD13560,2024-01-01,North, electronics ,Smartphone,382.46,3.0,0.0,Debit Card,48.0
ORD10470,2024-02-08,East,Clothing,Cap,100.96,6.0,5.0,CASH,34.0
ORD12316,2025-02-21,West,Furniture,Bookshelf,326.83,6.0,0.0,Online Wallet,53.0
ORD14084,2025-06-03,South, furniture ,Bookshelf,100.09,4.0,0.0,Online Wallet,46.0
ORD11789,2024-12-03, south ,Electronics,Headphones,54.64,8.0,5.0,Cash,65.0
ORD13331,2025-08-30,North,Groceries,Pasta,326.72,8.0,0.0,CREDIT CARD,27.0
ORD14836,2024-11-24,South,Furniture,Bed Frame,473.43,3.0,0.0,CREDIT CARD,48.0
ORD10204,2024-04-30,West,ELECTRONICS,Tablet,304.74,5.0,0.0,Credit Card,66.0
ORD12005,2025-11-01,EAST,Furniture,Desk,473.7,1.0,0.0,Credit Card,32.0
ORD14737,2025-10-18,West,Furniture,Office Chair,326.9,5.0,0.0,Online Wallet,34.0
ORD12444,2025-06-20,South,Electronics,Smartwatch,32.5,9.0,0.0,Credit Card,36.0
ORD12352,2025-03-16,North,Furniture,Bed Frame,316.18,2.0,0.0,Cash,29.0
ORD11754,2025-08-29,SOUTH,Electronics,Smartphone,196.64,4.0,10.0, credit card ,61.0
ORD11215,2025-10-13,South,Toys,Board Game,15.88,3.0,0.0,Cash,
ORD13187,2024-11-05,West,Groceries,Coffee,290.29,5.0,0.0,Debit Card,18.0
ORD14518,2025-07-10,North,Toys,Board Game,23.01,1.0,5.0,Debit Card,52.0
ORD14134,2024-09-22,South,Groceries,Coffee,496.61,6.0,0.0,Credit Card,44.0
ORD11451,2025-04-10,West,Furniture,Bookshelf,366.16,9.0,0.0,Credit Card,30.0
ORD12215,2025-02-01,West,Electronics,Headphones,483.36,3.0,5.0,Credit Card,38.0
ORD12636,2025-05-02,West,Toys,Action Figure,204.2,3.0,5.0,Cash,50.0
ORD11903,2024-04-16,South,Toys,Action Figure,282.18,4.0,0.0,DEBIT CARD,61.0
ORD10979,2024-03-05,East, furniture ,Bed Frame,288.28,1.0,10.0,CREDIT CARD,37.0
ORD10549,2025-11-18,East,Groceries,Juice,347.07,1.0,0.0,Debit Card,47.0
ORD14877,2025-12-04,North, clothing ,Jacket,472.12,6.0,0.0,Debit Card,64.0
ORD14551,2025-12-22,SOUTH,Toys,Board Game,23.97,3.0,0.0,Credit Card,65.0
ORD12266,2024-04-29,West,Furniture,Office Chair,271.42,8.0,0.0,CREDIT CARD,30.0
ORD13262,2024-12-08, north ,Toys,RC Car,393.53,7.0,0.0,DEBIT CARD,22.0
ORD11425,2024-11-02,South, furniture ,Bed Frame,139.57,4.0,0.0, online wallet ,31.0
ORD13465,2025-01-08,WEST,Furniture,Bookshelf,415.72,,0.0,Credit Card,32.0
ORD10576,2025-12-27,West,Toys,Lego Set,211.51,2.0,0.0,Online Wallet,64.0
ORD11452,2024-06-23,North,Toys,Lego Set,239.42,5.0,15.0,Online Wallet,55.0
ORD13351,2025-12-13,East,Toys,Action Figure,349.18,4.0,0.0, online wallet ,42.0
ORD10445,2024-12-03,West,Groceries,Pasta,470.93,9.0,20.0,Debit Card,46.0
ORD13990,2024-06-21,North,Clothing,T-Shirt,332.66,1.0,5.0,Online Wallet,21.0
ORD12894,2024-11-27,South,TOYS,Puzzle,158.95,3.0,0.0,Credit Card,19.0
ORD10627,2025-12-30,South,Groceries,Cereal,111.38,7.0,0.0,Credit Card,52.0
ORD10347,2024-09-24,North,Furniture,Office Chair,151.05,1.0,0.0,CASH,43.0
ORD10341,2025-09-11,West, toys ,Puzzle,366.28,8.0,15.0,Credit Card,62.0
ORD14359,2024-06-16, east ,CLOTHING,T-Shirt,366.72,6.0,0.0,Debit Card,54.0
ORD14924,2025-10-12,East, groceries ,Juice,370.77,6.0,0.0,Debit Card,59.0
ORD10777,2024-11-20,South,Clothing,Jeans,8.54,9.0,0.0,CREDIT CARD,27.0
ORD12942,2025-12-01,West,Toys,Puzzle,282.87,2.0,10.0,Debit Card,36.0
ORD14922,2025-11-16,East,Toys,RC Car,6.07,7.0,0.0,Credit Card,42.0
ORD10303,2024-03-26,East,Clothing,Cap,148.84,8.0,0.0,Cash,27.0
ORD10926,2024-10-07,South,Toys,Lego Set,150.43,7.0,5.0,DEBIT CARD,63.0
ORD13191,2024-04-14,North,Toys,RC Car,263.92,1.0,0.0,Cash,41.0
ORD10675,2025-08-16,East,Clothing,Jeans,107.26,4.0,5.0,CASH,39.0
ORD14261,2025-04-22,North,Groceries,Snacks,247.65,8.0,0.0,Debit Card,46.0
ORD12308,2025-09-13,West,Groceries,Cereal,373.62,4.0,0.0,Debit Card,32.0
ORD10584,2024-05-03,WEST,Furniture,Bed Frame,380.75,3.0,0.0,Cash,63.0
ORD12012,2025-01-31,West,Groceries,Juice,366.39,2.0,0.0,Debit Card,68.0
ORD13258,2024-12-09,South,Groceries,Pasta,256.66,8.0,0.0,Debit Card,56.0
ORD14692,2025-01-14,West,Electronics,Tablet,95.68,9.0,0.0,Online Wallet,20.0
ORD13205,2024-12-27,West,Toys,Puzzle,350.81,4.0,0.0,CREDIT CARD,20.0
ORD10241,2025-02-09,South,Toys,Lego Set,49.12,7.0,10.0,Credit Card,
ORD11862,2024-09-19,East,Toys,Board Game,293.45,1.0,0.0,Credit Card,63.0
ORD11479,2025-04-09,East,Furniture,Sofa,326.87,7.0,0.0,Online Wallet,61.0
ORD12014,2025-05-03,East,Toys,Puzzle,75.09,9.0,5.0,Debit Card,48.0
ORD13157,2025-12-03,West,Groceries,Coffee,455.42,,5.0,Debit Card,57.0
ORD13931,2025-12-13, north ,Electronics,Tablet,343.56,2.0,0.0,Debit Card,61.0
ORD12754,2024-08-18,West,Furniture,Desk,366.53,6.0,0.0,Credit Card,19.0
ORD10170,2025-08-11, south ,GROCERIES,Snacks,256.2,7.0,0.0,Credit Card,63.0
ORD12501,2024-03-17, north ,Electronics,Tablet,27.04,5.0,0.0, online wallet ,36.0
ORD10896,2024-03-06,NORTH,Clothing,Sneakers,42.93,5.0,0.0,Cash,37.0
ORD12807,2024-11-13,North,Clothing,T-Shirt,155.52,8.0,5.0,ONLINE WALLET,53.0
ORD11376,2024-06-03,East,Groceries,Coffee,493.29,7.0,0.0, debit card ,24.0
ORD13455,2025-06-30,South,Toys,Lego Set,469.13,3.0,0.0,Online Wallet,55.0
ORD12977,2024-03-29,West, furniture ,Sofa,82.55,8.0,0.0, debit card ,48.0
ORD14202,2025-09-24,South, electronics ,Tablet,343.36,5.0,20.0,Online Wallet,19.0
ORD13406,2024-07-02,North,Electronics,Laptop,454.79,5.0,15.0, debit card ,38.0
ORD10477,2024-11-12,North,Toys,Puzzle,171.92,8.0,0.0,Cash,30.0
ORD13344,2024-08-12,NORTH,Toys,Puzzle,471.09,1.0,0.0,Cash,26.0
ORD10337,2025-02-27,North,Electronics,Smartwatch,237.52,4.0,0.0,Credit Card,55.0
ORD11895,2025-09-14,East,Clothing,Cap,473.05,9.0,15.0,Debit Card,65.0
ORD10320,2024-01-01,West, electronics ,Tablet,419.34,7.0,0.0,Cash,
ORD12129,2024-08-31,East,Groceries,Cereal,222.98,1.0,0.0,Cash,50.0
ORD13383,2025-10-05,West,Electronics,Tablet,51.29,8.0,5.0,CREDIT CARD,19.0
ORD10635,2024-09-30,South,Toys,Lego Set,301.73,2.0,0.0,Credit Card,
ORD10620,2025-01-15,NORTH, electronics ,Smartwatch,352.54,9.0,20.0,Online Wallet,28.0
ORD14012,2024-01-19, south ,Groceries,Snacks,459.51,1.0,0.0, online wallet ,25.0
ORD14351,2024-02-13,North,CLOTHING,T-Shirt,332.01,8.0,0.0,Credit Card,54.0
ORD11658,2024-05-21,West,Furniture,Bookshelf,30.31,1.0,0.0,Cash,63.0
ORD12102,2024-01-10,West,Electronics,Tablet,79.42,2.0,0.0,Credit Card,53.0
ORD12687,2024-02-14,South,Furniture,Bookshelf,352.64,1.0,5.0,Cash,58.0
ORD13929,2025-11-11,South,Toys,Puzzle,194.97,1.0,20.0, debit card ,20.0
ORD13414,2025-04-11,West,Clothing,Jeans,484.54,2.0,10.0,Online Wallet,50.0
ORD14708,2024-01-08,South,Furniture,Office Chair,452.11,4.0,20.0,Credit Card,22.0
ORD13019,2025-05-04,South,Clothing,Sneakers,400.62,7.0,0.0,Credit Card,32.0
ORD12820,2025-04-21,North,Groceries,Juice,308.27,9.0,5.0,Debit Card,
ORD13813,2024-11-08,North,Furniture,Desk,438.69,,0.0,Debit Card,32.0
ORD13078,2024-06-03,West, toys ,RC Car,131.57,9.0,10.0,Debit Card,34.0
ORD10681,2024-04-24,East,Clothing,Jeans,156.49,3.0,0.0,Credit Card,31.0
ORD12312,2024-05-02,South,Electronics,Tablet,346.97,3.0,0.0,Debit Card,48.0
ORD11709,2025-01-07,East,Electronics,Smartphone,407.84,5.0,10.0,Debit Card,58.0
ORD12298,2025-06-19,WEST,Clothing,Jacket,65.31,6.0,0.0,Credit Card,38.0
ORD13880,2024-09-20,North,Furniture,Desk,208.33,9.0,0.0,Credit Card,62.0
ORD11261,2025-03-28,WEST,Toys,Action Figure,150.51,2.0,5.0,Credit Card,53.0
ORD13641,2024-08-27,WEST,Toys,RC Car,,4.0,0.0,Debit Card,41.0
ORD13183,2025-07-04,North,TOYS,RC Car,492.41,9.0,0.0,Online Wallet,21.0
ORD11950,2025-04-21,NORTH,Furniture,Office Chair,373.21,8.0,5.0,Credit Card,59.0
ORD14480,2024-11-14,South,Electronics,Smartphone,224.93,8.0,0.0,Online Wallet,37.0
ORD13440,2025-03-28,East,Clothing,Sneakers,189.89,2.0,0.0,Debit Card,18.0
ORD14098,2025-05-23,South,Clothing,Jeans,90.06,7.0,0.0,Credit Card,50.0
ORD10735,2025-07-09,SOUTH,Groceries,Cereal,325.99,6.0,0.0,Online Wallet,39.0
ORD10536,2024-12-29,South,Electronics,Tablet,253.13,7.0,0.0,Debit Card,50.0
ORD14685,2024-07-24,South,Groceries,Coffee,382.35,2.0,0.0,Cash,20.0
ORD14330,2024-01-10,South,Furniture,Bookshelf,379.09,3.0,10.0,Online Wallet,60.0
ORD12950,2025-06-21,East,Groceries,Coffee,481.72,6.0,10.0,Online Wallet,54.0
ORD11349,2024-10-10,South,Groceries,Juice,243.09,6.0,0.0,Online Wallet,
ORD10866,2025-10-07,North,Electronics,Smartphone,401.4,6.0,0.0,DEBIT CARD,44.0
ORD11127,2024-06-19,South,TOYS,Board Game,407.1,1.0,5.0,Online Wallet,
ORD14972,2024-01-08,West,CLOTHING,Jeans,222.47,8.0,0.0,Debit Card,
ORD10122,2024-03-03, north ,Electronics,Headphones,142.41,2.0,0.0, cash ,
ORD14948,2025-06-11,North,Furniture,Desk,369.02,5.0,0.0, cash ,65.0
ORD14710,2025-08-08,West,Groceries,Snacks,12.16,8.0,,Credit Card,34.0
ORD11767,2025-01-03,East,Electronics,Laptop,217.03,3.0,20.0,Debit Card,24.0
ORD13165,2024-09-22,South,Groceries,Cereal,349.05,9.0,0.0,Online Wallet,43.0
ORD14504,2025-02-05,North,Clothing,Jeans,225.3,5.0,0.0,Cash,18.0
ORD13950,2024-10-17,North,Furniture,Sofa,351.4,2.0,5.0,Online Wallet,22.0
ORD11607,2025-12-09,North,Clothing,Sneakers,352.69,2.0,10.0,Debit Card,30.0
ORD12095,2024-03-05,SOUTH,Furniture,Office Chair,7.22,1.0,5.0,Credit Card,44.0
ORD13160,2025-02-27,South,Electronics,Laptop,172.96,1.0,0.0,Cash,47.0
ORD12837,2024-05-11,North,Furniture,Bed Frame,,1.0,0.0,ONLINE WALLET,62.0
ORD12421,2024-12-07,East,Furniture,Bookshelf,214.95,9.0,0.0,ONLINE WALLET,47.0
ORD11797,2024-04-16,East,Electronics,Smartwatch,43.63,1.0,10.0, credit card ,28.0
ORD12902,2024-08-08,West,GROCERIES,Pasta,449.1,5.0,0.0,Cash,40.0
ORD11506,2025-03-21, west ,Furniture,Desk,407.51,3.0,20.0,Credit Card,
ORD14249,2025-04-20,North, toys ,Board Game,431.07,3.0,0.0,Credit Card,51.0
ORD12474,2025-02-09,North,Furniture,Office Chair,237.47,3.0,0.0,Credit Card,24.0
ORD12900,2024-01-27,East,Toys,Board Game,98.13,5.0,15.0,Credit Card,50.0
ORD13651,2024-11-11,West, groceries ,Snacks,437.37,8.0,0.0,Credit Card,56.0
ORD11193,2024-08-15,North,Furniture,Bookshelf,372.44,5.0,0.0,Debit Card,33.0
ORD11220,2024-05-19,North,Groceries,Pasta,415.95,8.0,0.0,Debit Card,58.0
ORD14790,2024-06-09, north , groceries ,Snacks,240.83,7.0,, credit card ,57.0
ORD11194,2025-09-13,North,Clothing,Jeans,207.08,3.0,5.0, credit card ,36.0
ORD12364,2024-01-04,West,Toys,Action Figure,,3.0,0.0,Credit Card,40.0
ORD12637,2024-10-23,North,FURNITURE,Bed Frame,291.36,8.0,0.0,Debit Card,20.0
ORD10078,2024-05-24,East,Furniture,Desk,124.34,9.0,0.0,Cash,62.0
ORD11698,2024-09-08,East,Electronics,Laptop,391.84,3.0,0.0,Credit Card,67.0
ORD12476,2025-12-15,West,Clothing,Jacket,85.61,7.0,0.0, credit card ,27.0
ORD12785,2025-06-18,South,Groceries,Coffee,144.17,2.0,0.0,Debit Card,44.0
ORD13861,2024-08-25,West,Groceries,Snacks,86.93,2.0,0.0,Cash,26.0
ORD12190,2025-03-09,South,Clothing,Sneakers,254.09,8.0,0.0,Cash,45.0
ORD10370,2024-01-22,West,Toys,Action Figure,345.42,3.0,0.0,Debit Card,38.0
ORD10485,2025-07-25,East,Clothing,Sneakers,362.76,2.0,0.0,Credit Card,26.0
ORD14145,2024-07-29,SOUTH,Toys,Lego Set,369.77,5.0,5.0,Online Wallet,43.0
ORD10520,2025-01-09,East,Furniture,Desk,354.8,5.0,0.0,Debit Card,57.0
ORD10571,2024-01-06,North,Groceries,Juice,129.33,2.0,0.0, debit card ,49.0
ORD13661,2025-04-09,East, furniture ,Bed Frame,458.32,8.0,0.0,Credit Card,28.0
ORD12281,2025-12-25,NORTH,Toys,Lego Set,230.6,4.0,0.0,Cash,61.0
ORD11943,2025-02-21,South,Clothing,T-Shirt,268.59,8.0,10.0, cash ,43.0
ORD10947,2024-11-29,East,Clothing,Sneakers,299.66,2.0,20.0,Debit Card,57.0
ORD13762,2025-06-05,SOUTH,Clothing,Jeans,428.54,9.0,0.0,Credit Card,40.0
ORD14679,2024-12-03,West,Electronics,Tablet,283.78,3.0,0.0,Cash,19.0
ORD11489,2025-06-30,North, groceries ,Juice,451.19,9.0,0.0,Credit Card,56.0
ORD13663,2024-10-19, west ,Clothing,T-Shirt,207.92,1.0,0.0,DEBIT CARD,49.0
ORD14906,2024-03-17,West,Electronics,Tablet,289.32,7.0,0.0, credit card ,68.0
ORD11096,2024-08-14, south ,Furniture,Office Chair,340.1,9.0,0.0,Cash,20.0
ORD12124,2025-02-13,NORTH, toys ,RC Car,474.21,4.0,0.0,Online Wallet,24.0
ORD12750,2024-03-17,South,Groceries,Cereal,415.78,8.0,10.0,Online Wallet,64.0
ORD13788,2025-06-27,SOUTH,Groceries,Juice,459.0,5.0,15.0, cash ,43.0
ORD10510,2024-06-14,SOUTH,Groceries,Juice,270.29,8.0,20.0,Credit Card,30.0
ORD14054,2024-12-29,East,Electronics,Smartwatch,158.69,7.0,0.0,Debit Card,49.0
ORD12940,2024-09-09,West,Clothing,T-Shirt,448.25,3.0,0.0,Online Wallet,65.0
ORD11359,2025-04-30, west ,Clothing,T-Shirt,131.13,3.0,0.0,Online Wallet,33.0
ORD11107,2025-06-11,East,Electronics,Smartphone,365.66,3.0,5.0,Debit Card,41.0
ORD10533,2025-11-29,East,Clothing,Jeans,297.02,5.0,0.0,Credit Card,33.0
ORD12426,2025-10-12,South,Electronics,Headphones,366.83,9.0,0.0, debit card ,65.0
ORD12720,2024-01-13,East,Electronics,Laptop,183.44,8.0,10.0,Cash,34.0
ORD12168,2024-01-16,South,TOYS,RC Car,339.51,6.0,0.0,Cash,40.0
ORD13469,2024-06-25,North,Clothing,Sneakers,354.97,6.0,0.0,Cash,64.0
ORD14171,2025-07-28, west ,Clothing,Cap,105.34,6.0,0.0,Cash,24.0
ORD14585,2024-04-12, west ,TOYS,Action Figure,78.78,6.0,0.0, debit card ,56.0
ORD13230,2025-06-07,West,Toys,Puzzle,402.4,8.0,0.0, credit card ,45.0
ORD14888,2025-11-11,West,Furniture,Desk,467.53,8.0,20.0,Online Wallet,39.0
ORD13777,2025-05-17,South, electronics ,Smartwatch,,7.0,10.0,Cash,44.0
ORD11730,2025-07-28,South,Toys,Lego Set,266.06,8.0,0.0,Online Wallet,23.0
ORD14558,2025-12-28,East,Electronics,Smartphone,299.36,9.0,5.0,Online Wallet,59.0
ORD11002,2024-05-11,North,FURNITURE,Bed Frame,270.06,9.0,0.0, debit card ,40.0
ORD14674,2024-09-07,East,Toys,Lego Set,473.29,4.0,0.0,ONLINE WALLET,66.0
ORD12858,2024-09-15,South,Furniture,Bed Frame,499.63,6.0,0.0,Credit Card,35.0
ORD14711,2024-12-26,West,Clothing,T-Shirt,136.88,6.0,0.0,Cash,68.0
ORD13939,2024-06-19,North,Groceries,Pasta,226.28,4.0,0.0,Credit Card,40.0
ORD10883,2025-05-27,East,Electronics,Headphones,90.33,3.0,0.0,Credit Card,68.0
ORD11688,2025-07-19,South,Groceries,Snacks,84.39,9.0,0.0,Cash,
ORD11347,2025-08-07,NORTH, toys ,Board Game,206.9,6.0,0.0,Online Wallet,51.0
ORD13975,2024-07-07,South,Groceries,Snacks,230.08,3.0,0.0, debit card ,47.0
ORD11708,2025-04-08,East,CLOTHING,Cap,91.62,4.0,0.0,Credit Card,48.0
ORD12927,2024-07-18,EAST,Groceries,Snacks,435.15,1.0,10.0,Online Wallet,43.0
ORD13610,2025-08-04,East,Furniture,Bed Frame,366.91,5.0,0.0,Cash,34.0
ORD10670,2024-04-04,North,Toys,Action Figure,70.8,3.0,0.0,DEBIT CARD,26.0
ORD11266,2025-09-08,West,Electronics,Smartphone,211.98,5.0,0.0, debit card ,36.0
ORD14646,2024-10-16,West,Electronics,Headphones,92.6,3.0,0.0, cash ,64.0
ORD13232,2025-04-06,West,Electronics,Smartphone,216.44,6.0,0.0,Credit Card,32.0
ORD11551,2024-08-23,South,Clothing,Sneakers,68.05,4.0,,Online Wallet,24.0
ORD12325,2025-02-04,North,Toys,Lego Set,193.9,1.0,0.0,Credit Card,31.0
ORD14584,2025-08-17, west ,Electronics,Smartphone,153.55,1.0,0.0,Debit Card,35.0
ORD14846,2024-08-02,South,ELECTRONICS,Headphones,78.36,6.0,10.0,Debit Card,64.0
ORD13738,2024-11-14,North,Furniture,Sofa,178.53,7.0,10.0,Cash,26.0
ORD14626,2025-01-16,West, groceries ,Juice,270.42,4.0,10.0,Online Wallet,22.0
ORD13007,2025-09-29,South,Toys,Lego Set,305.31,9.0,0.0,ONLINE WALLET,68.0
ORD13252,2025-05-01,West,Toys,Puzzle,206.64,2.0,0.0, credit card ,41.0
ORD11365,2025-01-30, south ,Toys,Action Figure,440.93,7.0,0.0,Online Wallet,54.0
ORD12225,2024-04-27,East,Toys,Lego Set,49.12,6.0,0.0,Cash,60.0
ORD14327,2024-04-11,East,ELECTRONICS,Tablet,298.97,2.0,0.0,Credit Card,69.0
ORD12677,2025-09-02,East,Clothing,Jacket,78.78,3.0,0.0,Debit Card,56.0
ORD10363,2025-10-18,North,Toys,Lego Set,356.89,6.0,0.0,Online Wallet,44.0
ORD12601,2024-02-06,North,CLOTHING,Cap,415.23,3.0,0.0,Online Wallet,38.0
ORD14862,2025-10-26, west , groceries ,Coffee,177.75,2.0,0.0,Cash,41.0
ORD12359,2025-04-09,SOUTH, groceries ,Pasta,152.05,9.0,0.0,Debit Card,52.0
ORD12333,2024-12-27,West,Clothing,Sneakers,75.93,1.0,0.0,Credit Card,35.0
ORD14619,2024-01-28,NORTH,GROCERIES,Pasta,356.23,6.0,0.0,Debit Card,40.0
ORD10614,2024-06-19,North,Clothing,Jacket,97.39,9.0,0.0, online wallet ,64.0
ORD11760,2024-02-17,South, electronics ,Smartphone,109.29,9.0,0.0,Cash,62.0
ORD10091,2024-03-18,East,FURNITURE,Sofa,233.95,8.0,0.0,Cash,64.0
ORD11644,2024-12-03,West,Toys,Lego Set,332.26,5.0,10.0,Credit Card,44.0
ORD14240,2025-12-12,South,Electronics,Smartphone,303.45,2.0,0.0,Credit Card,46.0
ORD14760,2024-07-26,North,Furniture,Desk,38.83,4.0,0.0,Cash,51.0
ORD12563,2025-06-25, north ,Toys,RC Car,307.05,2.0,5.0,Credit Card,52.0
ORD11964,2024-03-06,North,Toys,Lego Set,142.01,2.0,5.0,Credit Card,61.0
ORD12773,2024-08-28,East,Groceries,Snacks,,6.0,5.0,Cash,69.0
ORD14128,2024-01-11,West,Furniture,Office Chair,440.66,9.0,0.0,Cash,27.0
ORD14263,2025-04-30,North,Groceries,Cereal,133.93,1.0,0.0,Online Wallet,41.0
ORD13468,2025-06-20,North,Electronics,Headphones,191.81,1.0,0.0,Cash,53.0
ORD12996,2025-07-23,West,Clothing,T-Shirt,193.98,2.0,0.0,CASH,62.0
ORD13247,2024-08-14,West, groceries ,Pasta,146.85,5.0,0.0,Cash,59.0
ORD11661,2024-02-03,South, electronics ,Headphones,319.63,3.0,5.0,Debit Card,63.0
ORD12401,2024-02-29,WEST,Groceries,Pasta,154.81,3.0,0.0,Debit Card,39.0
ORD13215,2024-07-29,North,Toys,Puzzle,250.13,5.0,0.0,Credit Card,67.0
ORD13894,2024-01-02,East, clothing ,T-Shirt,114.21,3.0,0.0,Credit Card,37.0
ORD13077,2024-02-27,West,Furniture,Sofa,451.32,3.0,15.0,Online Wallet,24.0
ORD10258,2025-05-11, east ,Groceries,Coffee,276.24,5.0,10.0,CASH,43.0
ORD11496,2025-01-06,West,Clothing,Jacket,426.3,5.0,20.0, online wallet ,28.0
ORD11602,2024-11-28, east ,Furniture,Desk,210.15,2.0,10.0,DEBIT CARD,50.0
ORD14796,2025-01-08,East,Toys,Lego Set,397.21,4.0,0.0,Online Wallet,50.0
ORD13355,2025-01-04,North, toys ,Board Game,463.18,7.0,0.0,Credit Card,23.0
ORD10649,2025-06-20,North,Toys,RC Car,30.23,2.0,5.0,Debit Card,27.0
ORD12323,2024-06-15,South,Groceries,Juice,26.93,6.0,15.0,Debit Card,31.0
ORD14241,2025-06-17,South,TOYS,RC Car,389.47,9.0,0.0, online wallet ,68.0
ORD10970,2025-02-04,North,Groceries,Juice,225.95,5.0,0.0,ONLINE WALLET,28.0
ORD13155,2024-03-27,NORTH,FURNITURE,Bookshelf,400.18,5.0,15.0,Online Wallet,54.0
ORD11305,2025-08-29,East, clothing ,Jeans,88.93,1.0,15.0,CREDIT CARD,50.0
ORD13451,2025-07-25,East,Clothing,Cap,483.92,4.0,0.0,Debit Card,43.0
ORD12284,2025-03-31,West,Toys,Action Figure,393.04,9.0,0.0,Online Wallet,38.0
ORD12500,2025-04-02,North,Electronics,Smartphone,452.71,4.0,5.0,Credit Card,21.0
ORD11782,2024-02-28,South,Furniture,Office Chair,342.16,3.0,0.0, cash ,18.0
ORD11363,2024-06-22,North,Furniture,Bed Frame,236.31,1.0,0.0,CASH,22.0
ORD11468,2025-01-29,East,CLOTHING,Jeans,211.33,8.0,0.0, credit card ,63.0
ORD11945,2024-06-23, west , electronics ,Smartwatch,134.87,4.0,0.0,Debit Card,46.0
ORD13300,2024-08-07,EAST,Furniture,Bookshelf,387.3,2.0,5.0,Debit Card,62.0
ORD14217,2024-09-30,WEST,Furniture,Bed Frame,331.05,,0.0, cash ,44.0
ORD10270,2025-06-05,EAST,Groceries,Snacks,172.44,8.0,0.0,Credit Card,42.0
ORD13244,2025-07-31,South,Furniture,Bookshelf,90.59,7.0,0.0,Cash,52.0
ORD14638,2025-08-30,North,Toys,RC Car,285.97,5.0,0.0, cash ,23.0
ORD11696,2025-10-20,North,Toys,Puzzle,65.81,6.0,0.0,Cash,46.0
ORD14469,2024-01-29, north ,GROCERIES,Juice,235.3,6.0,0.0,Online Wallet,
ORD14085,2025-03-21,West,Electronics,Smartphone,61.44,5.0,10.0,Cash,69.0
ORD11911,2024-10-29,East,Groceries,Pasta,409.4,3.0,10.0,Online Wallet,24.0
ORD13023,2024-02-28,West,Furniture,Desk,141.51,4.0,5.0,Credit Card,30.0
ORD11819,2025-12-29,SOUTH,Groceries,Pasta,129.79,8.0,20.0,Debit Card,23.0
ORD10406,2024-01-15, south ,FURNITURE,Bookshelf,180.36,5.0,20.0,Debit Card,55.0
ORD11805,2024-03-03, north , clothing ,Sneakers,207.36,2.0,5.0,CASH,30.0
ORD13558,2024-01-05, south ,Groceries,Coffee,219.44,8.0,0.0,Credit Card,49.0
ORD13647,2025-11-10,West,Clothing,Cap,124.65,6.0,0.0, debit card ,55.0
ORD13595,2024-02-28,North,Toys,Action Figure,24.67,1.0,20.0,Cash,24.0
ORD14540,2025-01-25,South,Furniture,Office Chair,454.59,5.0,0.0,Debit Card,52.0
ORD14738,2025-11-08,NORTH,CLOTHING,T-Shirt,168.51,3.0,20.0,Credit Card,19.0
ORD13940,2024-01-19,West,Furniture,Sofa,442.84,3.0,,CREDIT CARD,66.0
ORD11544,2024-10-20,West,Toys,RC Car,427.47,2.0,0.0,Online Wallet,55.0
ORD10463,2024-09-08,South,Furniture,Sofa,76.47,2.0,10.0,Debit Card,28.0
ORD11223,2024-11-18,SOUTH,Toys,Action Figure,200.89,7.0,0.0, credit card ,44.0
ORD14434,2025-01-12,NORTH,Clothing,T-Shirt,350.16,1.0,0.0,Debit Card,23.0
ORD14115,2024-08-20,North,Furniture,Sofa,201.59,5.0,0.0,DEBIT CARD,27.0
ORD11091,2025-05-20,West,Furniture,Bed Frame,328.3,4.0,0.0,Online Wallet,32.0
ORD10691,2024-12-22,North,Clothing,Jeans,333.26,8.0,0.0,Online Wallet,38.0
ORD11241,2024-02-01, west ,Toys,Puzzle,480.94,3.0,0.0, cash ,44.0
ORD10103,2025-07-03, east ,Electronics,Headphones,208.86,1.0,10.0, online wallet ,61.0
ORD13434,2024-03-27,South,Clothing,Jeans,166.85,8.0,0.0,Debit Card,66.0
ORD11631,2024-12-21, west , toys ,RC Car,478.49,3.0,0.0, cash ,38.0
ORD13025,2025-01-31,East,Clothing,Jeans,198.65,9.0,0.0,Credit Card,37.0
ORD10683,2025-09-12,East,Groceries,Cereal,354.0,8.0,0.0,Online Wallet,52.0
ORD14604,2025-08-17,West,Toys,Puzzle,77.28,9.0,5.0,Online Wallet,40.0
ORD13316,2024-02-06,North,Clothing,Cap,118.32,1.0,,CASH,59.0
ORD10597,2025-01-15,West,Groceries,Coffee,234.71,8.0,,Online Wallet,58.0
ORD13313,2024-07-27,North,Electronics,Tablet,249.26,2.0,0.0,Credit Card,51.0
ORD12863,2024-10-21, north ,Clothing,Jacket,144.54,3.0,0.0,Online Wallet,25.0
ORD13963,2025-03-16,West,Toys,Puzzle,39.79,3.0,0.0,Online Wallet,49.0
ORD12695,2025-04-11,South,Groceries,Juice,133.32,4.0,0.0,Debit Card,63.0
ORD14298,2024-11-04,South,Electronics,Smartwatch,440.22,,0.0,Cash,69.0
ORD12080,2025-08-22,North,Electronics,Smartwatch,236.77,1.0,0.0, debit card ,40.0
ORD10199,2025-06-03,South,Electronics,Laptop,205.63,7.0,, debit card ,31.0
ORD13194,2025-03-11,EAST,Electronics,Laptop,14.22,2.0,15.0,Online Wallet,38.0
ORD14894,2024-09-21,South,Clothing,Jeans,27.81,8.0,0.0, cash ,52.0
ORD12121,2024-09-27,South,Toys,Action Figure,74.0,5.0,0.0, debit card ,49.0
ORD13852,2024-11-03,South,Clothing,Jeans,335.28,2.0,0.0,Cash,61.0
ORD11813,2025-04-04, south , electronics ,Headphones,68.54,8.0,0.0,CASH,31.0
ORD12350,2024-12-25,North,Electronics,Smartphone,421.31,3.0,0.0,Online Wallet,42.0
ORD10039,2025-06-21,East, toys ,Action Figure,406.01,9.0,0.0, online wallet ,24.0
ORD12672,2024-12-14,West, groceries ,Cereal,182.41,7.0,5.0,Debit Card,50.0
ORD10068,2025-11-15,West,Toys,Action Figure,485.09,5.0,0.0,Credit Card,28.0
ORD12410,2024-08-16,West,Clothing,Jacket,419.72,5.0,0.0, online wallet ,31.0
ORD12182,2024-06-06,West,Furniture,Office Chair,277.74,4.0,15.0,Cash,24.0
ORD13041,2024-01-23, south ,Clothing,T-Shirt,280.44,7.0,0.0,Credit Card,
ORD10679,2024-09-29,South, groceries ,Cereal,154.72,7.0,10.0,Debit Card,53.0
ORD14227,2024-05-14,WEST,Toys,Puzzle,,4.0,0.0,Cash,24.0
ORD14161,2024-06-15,South,Clothing,Sneakers,167.74,7.0,0.0,Online Wallet,20.0
ORD14088,2025-02-24, west ,Groceries,Pasta,404.02,1.0,0.0,DEBIT CARD,58.0
ORD12528,2024-12-30,EAST,Clothing,Sneakers,358.94,9.0,0.0,Online Wallet,29.0
ORD10365,2024-07-02,North,Groceries,Pasta,141.5,6.0,0.0,CASH,43.0
ORD10733,2025-07-31,North,Groceries,Snacks,15.93,7.0,0.0,Cash,34.0
ORD13329,2025-04-21,South, electronics ,Tablet,291.19,4.0,0.0,Cash,59.0
ORD12341,2024-03-01,North,Electronics,Smartwatch,265.12,6.0,20.0,Debit Card,38.0
ORD12071,2025-09-04,South,GROCERIES,Snacks,237.28,6.0,0.0,Cash,60.0
ORD10954,2024-10-19,West,Electronics,Headphones,446.2,7.0,0.0,CASH,59.0
ORD12673,2024-09-20,East,Furniture,Desk,282.53,9.0,20.0,Cash,34.0
ORD10287,2025-04-20, north , furniture ,Sofa,369.15,9.0,15.0,Credit Card,50.0
ORD12755,2025-03-23,North,Groceries,Pasta,40.16,6.0,0.0,Cash,39.0
ORD12549,2024-05-26,South, electronics ,Tablet,267.55,7.0,20.0,Online Wallet,63.0
ORD12167,2025-05-10,EAST,Clothing,T-Shirt,285.55,8.0,0.0,Debit Card,
ORD13321,2024-07-26,North,Toys,Action Figure,492.23,3.0,5.0,Debit Card,38.0
ORD12425,2024-03-01,South,Clothing,Jacket,165.69,6.0,20.0,Debit Card,23.0
ORD11581,2025-04-14,North,Clothing,Jacket,47.1,9.0,0.0,Credit Card,27.0
ORD12028,2025-05-21,East,Electronics,Smartwatch,84.35,4.0,0.0,Cash,51.0
ORD12062,2025-12-23,West,Groceries,Coffee,111.31,6.0,5.0,Online Wallet,62.0
ORD13285,2024-08-22,South,Furniture,Sofa,78.33,3.0,0.0,Online Wallet,68.0
ORD12609,2025-07-01,South,Electronics,Laptop,92.43,,0.0,Online Wallet,57.0
ORD13345,2024-07-19,West, clothing ,T-Shirt,201.73,6.0,10.0, cash ,58.0
ORD12556,2024-06-16, east ,GROCERIES,Juice,191.93,5.0,0.0,CASH,63.0
ORD12311,2024-12-01,East,Groceries,Coffee,174.07,1.0,10.0,Debit Card,48.0
ORD14758,2024-07-19,East,Furniture,Sofa,373.31,6.0,0.0,DEBIT CARD,46.0
ORD12686,2025-05-18,South,Clothing,T-Shirt,207.2,1.0,20.0,Online Wallet,56.0
ORD13847,2024-04-07,East,Groceries,Coffee,240.47,3.0,5.0,Online Wallet,34.0
ORD12066,2024-05-28,South,Clothing,Jacket,415.58,5.0,0.0, debit card ,55.0
ORD11057,2024-05-02,North,GROCERIES,Pasta,386.76,,15.0,Cash,19.0
ORD10793,2024-04-12,West,Clothing,Jacket,257.99,2.0,10.0,Online Wallet,44.0
ORD12985,2024-08-21,South,Toys,Puzzle,437.71,7.0,10.0,Debit Card,23.0
ORD14341,2025-04-30,East,Clothing,Jacket,293.68,,0.0,Credit Card,47.0
ORD11732,2024-04-21,North,Groceries,Juice,217.94,,15.0,CASH,38.0
ORD14292,2025-09-14,West,Clothing,Cap,217.27,3.0,0.0,Cash,52.0
ORD11097,2025-05-16,North,Electronics,Tablet,132.26,1.0,10.0,Credit Card,31.0
ORD11597,2024-05-20,South, groceries ,Coffee,44.55,2.0,10.0,Debit Card,41.0
ORD11293,2024-09-29,West,Furniture,Bed Frame,257.07,4.0,0.0,Online Wallet,19.0
ORD10950,2024-08-06,West,Furniture,Bed Frame,39.92,1.0,5.0,CASH,49.0
ORD13319,2024-08-10,West,Electronics,Smartwatch,256.6,5.0,15.0,CREDIT CARD,27.0
ORD14800,2024-06-14,EAST,Clothing,Jacket,5.05,1.0,10.0,DEBIT CARD,62.0
ORD12911,2024-09-23,North,Furniture,Office Chair,328.69,7.0,0.0,Credit Card,65.0
ORD12056,2025-01-13, south ,Furniture,Office Chair,402.17,3.0,0.0,Credit Card,55.0
ORD12130,2025-02-21,North,Clothing,Cap,118.56,5.0,0.0,Credit Card,54.0
ORD14976,2024-02-21,South,Groceries,Snacks,355.87,7.0,0.0,Cash,30.0
ORD10828,2025-08-27,North,Furniture,Desk,275.51,6.0,,Online Wallet,62.0
ORD14777,2024-07-16,EAST,Groceries,Coffee,112.04,7.0,,CASH,42.0
ORD13649,2024-01-06,North,Electronics,Headphones,439.4,7.0,0.0,Cash,50.0
ORD10722,2024-04-26,North,Groceries,Coffee,287.35,8.0,5.0,Credit Card,38.0
ORD14974,2024-10-02,SOUTH,Toys,Action Figure,114.22,3.0,20.0,Credit Card,26.0
ORD13985,2025-11-08,WEST, toys ,RC Car,396.64,6.0,,Debit Card,69.0
ORD11595,2025-09-12,East,Toys,Board Game,274.16,6.0,20.0,Credit Card,68.0
ORD13569,2025-07-11,West,Clothing,Cap,192.09,6.0,10.0,Cash,36.0
ORD14510,2024-06-10,East, furniture ,Bookshelf,364.38,8.0,5.0,Debit Card,67.0
ORD10764,2024-11-02,West,Electronics,Smartwatch,106.38,9.0,0.0,Cash,22.0
ORD14184,2024-10-04,West,Clothing,Jeans,420.06,1.0,15.0,Online Wallet,37.0
ORD12591,2024-09-22,North,Groceries,Snacks,202.23,5.0,0.0, online wallet ,20.0
ORD12525,2025-01-21,North,Furniture,Bookshelf,112.96,2.0,0.0, cash ,21.0
ORD11592,2024-02-05,South,Toys,Puzzle,407.96,6.0,15.0,Credit Card,29.0
ORD13495,2025-09-11,North,Clothing,Jacket,416.67,7.0,0.0, debit card ,42.0
ORD11421,2024-08-28,West,Electronics,Smartphone,59.15,3.0,0.0,DEBIT CARD,31.0
ORD10654,2024-05-06,South,Furniture,Bookshelf,210.83,6.0,0.0, cash ,39.0
ORD14125,2024-10-20,South,Toys,Board Game,68.23,6.0,0.0,Credit Card,38.0
ORD10283,2024-01-20,North,GROCERIES,Juice,204.15,7.0,,DEBIT CARD,20.0
ORD13630,2025-03-08,East,Toys,Action Figure,79.61,7.0,10.0,Online Wallet,41.0
ORD14166,2024-08-24,North,Electronics,Tablet,439.52,6.0,0.0,DEBIT CARD,21.0
ORD12259,2024-05-23, west ,Electronics,Headphones,273.68,3.0,5.0,Credit Card,63.0
ORD12026,2024-03-19,East,Groceries,Juice,143.13,7.0,, online wallet ,22.0
ORD14990,2024-01-22,South,Groceries,Snacks,209.2,2.0,0.0,Debit Card,35.0
ORD13431,2024-09-15,East,Furniture,Bookshelf,427.74,9.0,0.0,Cash,27.0
ORD14727,2024-08-27,South, clothing ,Sneakers,91.24,8.0,5.0,Cash,59.0
ORD11445,2024-03-11,West,Furniture,Bed Frame,420.06,6.0,10.0,Debit Card,25.0
ORD10981,2025-12-15,North,Electronics,Tablet,36.31,7.0,10.0,Online Wallet,30.0
ORD13219,2024-10-10,South,Toys,Board Game,318.39,1.0,15.0,Credit Card,41.0
ORD11153,2025-06-08,South, electronics ,Laptop,38.28,2.0,0.0,Credit Card,68.0
ORD14149,2024-09-27,North,Electronics,Smartwatch,306.7,4.0,0.0,Cash,53.0
ORD10674,2025-10-26,South,Electronics,Smartwatch,366.01,7.0,0.0,CASH,23.0
ORD10468,2024-06-01,West,Toys,Action Figure,414.92,7.0,,Online Wallet,63.0
ORD13756,2025-08-10, south , groceries ,Juice,229.4,7.0,0.0,Cash,62.0
ORD13026,2025-12-30,East,Groceries,Pasta,178.72,6.0,0.0,Debit Card,36.0
ORD10429,2025-06-11, east ,Clothing,Sneakers,378.35,5.0,0.0,ONLINE WALLET,66.0
ORD13084,2025-06-17,South,Toys,Puzzle,,6.0,0.0,CASH,19.0
ORD11555,2024-02-01,South,Electronics,Smartwatch,107.84,6.0,5.0,ONLINE WALLET,46.0
ORD11129,2024-07-26,East,Electronics,Headphones,364.62,5.0,0.0,Credit Card,49.0
ORD11210,2025-06-20,East,Electronics,Smartphone,182.97,6.0,0.0,Online Wallet,32.0
ORD10916,2025-10-05,South,Toys,Action Figure,39.85,9.0,0.0,ONLINE WALLET,22.0
ORD10166,2025-11-28, east ,TOYS,RC Car,287.8,8.0,,Cash,30.0
ORD13946,2025-04-06,North,Clothing,T-Shirt,226.64,8.0,0.0,Credit Card,27.0
ORD13253,2025-07-07,East,Toys,Board Game,118.83,9.0,0.0,Online Wallet,
ORD14817,2024-09-25,North,Electronics,Tablet,396.51,8.0,0.0,Online Wallet,23.0
ORD13097,2025-04-16,West,Furniture,Sofa,61.93,3.0,0.0,Debit Card,32.0
ORD12494,2025-12-08,South,CLOTHING,Cap,349.24,1.0,0.0,Debit Card,58.0
ORD11000,2024-04-08, south ,Clothing,Sneakers,270.03,1.0,5.0,Debit Card,25.0
ORD11178,2025-03-15,East,Furniture,Office Chair,35.91,4.0,0.0,Online Wallet,48.0
ORD10056,2024-07-10,North,Furniture,Bed Frame,290.08,3.0,0.0,Debit Card,66.0
ORD10208,2024-07-03,South,Furniture,Office Chair,292.16,8.0,0.0,Debit Card,40.0
ORD12111,2024-03-29,South,Toys,Board Game,43.97,9.0,0.0,Cash,38.0
ORD13858,2024-01-20,East, groceries ,Coffee,198.32,3.0,0.0,Credit Card,31.0
ORD11307,2025-07-21,East,Furniture,Bookshelf,249.45,7.0,0.0, cash ,
ORD11440,2025-08-01,North,Toys,Lego Set,253.35,4.0,0.0,Credit Card,27.0
ORD10425,2025-08-03,East,Toys,Lego Set,198.95,5.0,5.0,Credit Card,23.0
ORD10697,2024-03-22,North,Groceries,Juice,41.14,1.0,5.0,Credit Card,53.0
ORD14200,2024-08-26,South,Groceries,Juice,16.09,1.0,15.0,Online Wallet,60.0
ORD11265,2024-01-30,East,Toys,Action Figure,81.57,9.0,0.0, cash ,58.0
ORD12987,2024-08-14,South,Furniture,Sofa,175.75,3.0,0.0,Online Wallet,35.0
ORD12850,2024-06-23,West,Groceries,Juice,464.43,8.0,10.0,Online Wallet,19.0
ORD11593,2025-04-20,South,Electronics,Headphones,409.3,2.0,0.0, credit card ,49.0
ORD12301,2024-02-03,NORTH,Groceries,Pasta,89.95,2.0,0.0, debit card ,47.0
ORD10492,2025-10-19,East,Clothing,Jeans,479.46,1.0,0.0,Debit Card,64.0
ORD10961,2025-07-26,North,Electronics,Headphones,137.96,7.0,20.0,Credit Card,18.0
ORD11860,2025-12-14, north ,FURNITURE,Desk,156.5,8.0,0.0,ONLINE WALLET,40.0
ORD12993,2025-06-19,West,Toys,Lego Set,396.29,8.0,5.0,Debit Card,63.0
ORD14543,2025-02-01,North,Groceries,Juice,102.68,8.0,0.0,Credit Card,58.0
ORD10978,2025-09-08,West,Furniture,Desk,93.27,8.0,0.0,Cash,43.0
ORD14700,2025-07-14,East,Groceries,Coffee,63.06,9.0,,Credit Card,24.0
ORD13307,2024-03-24, south ,Toys,Lego Set,310.4,4.0,0.0,Online Wallet,28.0
ORD10819,2024-03-04,West,Groceries,Cereal,303.43,1.0,20.0,CASH,44.0
ORD11826,2024-05-09,West,Furniture,Desk,37.06,3.0,0.0,Cash,19.0
ORD13617,2024-11-23,West,Furniture,Desk,224.97,9.0,0.0,CREDIT CARD,32.0
ORD13794,2025-12-09,East, toys ,RC Car,20.74,5.0,10.0,DEBIT CARD,32.0
ORD11467,2025-08-02,West, electronics ,Laptop,380.95,6.0,5.0,Online Wallet,63.0
ORD14313,2025-04-12,West,Furniture,Desk,275.83,7.0,0.0,Debit Card,31.0
ORD10621,2024-12-13, east ,Electronics,Smartphone,467.69,7.0,5.0,Debit Card,45.0
ORD13502,2024-07-09,East,Toys,RC Car,466.1,9.0,0.0,ONLINE WALLET,
ORD14346,2025-06-23,West,Toys,RC Car,302.58,7.0,0.0,Online Wallet,52.0
ORD11778,2024-03-07,North,FURNITURE,Bed Frame,54.94,2.0,5.0,Credit Card,18.0
ORD14769,2025-09-20,North,Furniture,Bed Frame,299.84,5.0,0.0, online wallet ,38.0
ORD10336,2025-07-26,North,Electronics,Smartphone,238.88,8.0,0.0,Debit Card,18.0
ORD14907,2025-05-08,North,TOYS,Puzzle,24.35,3.0,5.0,Debit Card,47.0
ORD11083,2025-11-10,South, clothing ,Cap,189.74,9.0,0.0, credit card ,33.0
ORD12607,2025-08-03,East,Electronics,Smartwatch,168.93,1.0,0.0,Debit Card,21.0
ORD10390,2025-01-31,SOUTH,Electronics,Smartwatch,210.82,2.0,0.0,Credit Card,55.0
ORD10737,2025-07-18,East,Clothing,Sneakers,48.63,7.0,10.0, cash ,32.0
ORD10113,2025-02-14,South, groceries ,Pasta,322.37,3.0,0.0,Debit Card,60.0
ORD11068,2024-05-18,NORTH,Toys,RC Car,166.26,1.0,, credit card ,39.0
ORD10937,2024-03-25,North,Clothing,T-Shirt,292.82,5.0,20.0,Cash,22.0
ORD12299,2025-09-23, south , clothing ,Jacket,207.49,6.0,15.0,Online Wallet,18.0
ORD11873,2024-10-18,East, toys ,RC Car,93.41,4.0,0.0,Cash,27.0
ORD14704,2024-10-20,East,Toys,Board Game,280.72,8.0,0.0, debit card ,53.0
ORD11015,2024-08-23,East,Groceries,Cereal,30.91,1.0,0.0,Debit Card,68.0
ORD10257,2024-08-29,North,Electronics,Smartwatch,316.5,5.0,10.0,Credit Card,49.0
ORD13193,2025-10-23,South, groceries ,Cereal,404.5,1.0,0.0,CASH,47.0
ORD11339,2024-07-23,South,Toys,Puzzle,360.99,8.0,,Credit Card,34.0
ORD11152,2025-05-16,East,Groceries,Snacks,438.9,1.0,0.0,Debit Card,
ORD12264,2024-09-22,NORTH,Toys,Lego Set,42.73,6.0,0.0,Cash,69.0
ORD10992,2025-11-30,NORTH,Furniture,Bed Frame,375.06,3.0,0.0,Credit Card,39.0
ORD12968,2024-10-29,West,Groceries,Pasta,194.61,8.0,5.0, debit card ,24.0
ORD12558,2025-07-17,South,Furniture,Bed Frame,169.53,6.0,0.0, credit card ,32.0
ORD11009,2025-11-11,South, clothing ,Jeans,104.31,9.0,0.0,Online Wallet,26.0
ORD13124,2024-02-22,East,Electronics,Tablet,293.67,4.0,0.0, online wallet ,64.0
ORD14917,2024-06-03,North,Groceries,Snacks,131.1,1.0,10.0,Debit Card,27.0
ORD10526,2024-08-16,North,Toys,RC Car,257.52,9.0,0.0,Debit Card,48.0
ORD13513,2024-12-09,South,Clothing,Sneakers,304.55,4.0,15.0,Online Wallet,28.0
ORD10132,2025-06-06,West,ELECTRONICS,Smartwatch,133.41,2.0,0.0,CASH,29.0
ORD12462,2025-09-08,North,Toys,Lego Set,11.03,1.0,0.0,Online Wallet,49.0
ORD10035,2024-04-08,South,Toys,RC Car,375.12,5.0,15.0,Credit Card,63.0
ORD10441,2025-04-08,West, clothing ,Jeans,85.59,1.0,0.0,Debit Card,28.0
ORD10064,2025-05-14,South, toys ,Puzzle,122.16,7.0,20.0,ONLINE WALLET,53.0
ORD12029,2025-03-02,East,GROCERIES,Cereal,377.74,8.0,10.0,Cash,57.0
ORD11668,2025-10-13,West,TOYS,Action Figure,139.98,3.0,0.0,Online Wallet,35.0
ORD14467,2025-12-19, south ,Groceries,Juice,466.04,7.0,10.0,Credit Card,19.0
ORD11282,2024-06-13,North,ELECTRONICS,Tablet,450.83,4.0,0.0,Credit Card,19.0
ORD12175,2025-05-31,South,Electronics,Laptop,254.5,7.0,0.0,CASH,34.0
ORD10638,2025-09-22,East,GROCERIES,Juice,241.78,6.0,0.0,Cash,22.0
ORD13068,2024-05-30,North,Clothing,Sneakers,491.68,3.0,0.0,Cash,22.0
ORD11224,2024-12-12,EAST,Furniture,Sofa,57.17,9.0,0.0,Online Wallet,26.0
ORD13338,2025-12-30,East,Groceries,Juice,134.6,8.0,0.0,Debit Card,66.0
ORD14739,2025-05-23,North,Clothing,Cap,42.95,1.0,0.0,Debit Card,31.0
ORD11218,2024-09-21,North,Electronics,Smartphone,17.44,3.0,0.0,Debit Card,68.0
ORD11598,2024-11-25,North, groceries ,Coffee,111.89,3.0,20.0,Cash,41.0
ORD12725,2024-12-31,South, furniture ,Desk,323.13,5.0,0.0,Cash,24.0
ORD12836,2024-10-05,North,Toys,Puzzle,411.69,9.0,10.0,Debit Card,46.0
ORD13743,2025-01-02,SOUTH,Furniture,Bed Frame,59.79,9.0,0.0,Cash,56.0
ORD13928,2025-09-03,South,Clothing,Cap,178.19,8.0,0.0,Credit Card,44.0
ORD10767,2024-03-03,SOUTH, clothing ,Jacket,328.53,2.0,5.0,Online Wallet,46.0
ORD12572,2025-02-22,East,ELECTRONICS,Tablet,43.84,2.0,0.0,Debit Card,35.0
ORD14279,2025-01-22,South,Groceries,Pasta,140.02,4.0,0.0,CREDIT CARD,19.0
ORD11294,2024-02-27, north , groceries ,Snacks,240.93,3.0,0.0,DEBIT CARD,61.0
ORD13274,2025-09-01,South,Furniture,Bed Frame,329.81,9.0,5.0,Online Wallet,60.0
ORD13309,2024-02-03,West,Clothing,Jacket,49.73,5.0,0.0,Credit Card,31.0
ORD11108,2025-12-11,South,Electronics,Smartwatch,139.76,5.0,0.0,Cash,39.0
ORD11659,2024-04-15,WEST,TOYS,RC Car,75.57,9.0,5.0,CREDIT CARD,69.0
ORD11744,2025-09-28,West,Furniture,Bookshelf,211.64,7.0,,Cash,29.0
ORD11278,2025-11-12,West,Furniture,Office Chair,330.85,2.0,0.0, debit card ,39.0
ORD13525,2024-01-19, north ,Toys,Board Game,348.08,8.0,5.0, online wallet ,55.0
ORD14329,2024-08-20,West,Groceries,Cereal,177.59,1.0,0.0,DEBIT CARD,49.0
ORD10129,2025-08-26,North, clothing ,Jacket,122.9,2.0,10.0,Online Wallet,31.0
ORD12700,2024-10-03,North,Groceries,Coffee,470.67,2.0,0.0,Online Wallet,66.0
ORD12255,2025-11-08,West,Furniture,Bookshelf,158.45,7.0,0.0,Debit Card,38.0
ORD10027,2024-01-02,West,ELECTRONICS,Tablet,,5.0,15.0,Cash,26.0
ORD12941,2025-02-05,West,Toys,Board Game,162.39,2.0,15.0,Online Wallet,54.0
ORD14294,2024-03-30,North,Furniture,Sofa,29.63,4.0,0.0,Credit Card,49.0
ORD14223,2024-12-15,East,Furniture,Sofa,33.33,4.0,0.0,Credit Card,
ORD10452,2024-11-10,East,Furniture,Bed Frame,369.58,5.0,0.0,Debit Card,53.0
ORD11234,2024-03-17,West,GROCERIES,Juice,299.55,3.0,20.0,Credit Card,23.0
ORD14593,2025-01-31,North,Electronics,Smartwatch,227.45,9.0,0.0,Credit Card,43.0
ORD11719,2024-10-13, north ,Toys,RC Car,283.12,1.0,0.0,Debit Card,56.0
ORD14863,2024-06-19,East,Electronics,Smartwatch,73.82,1.0,0.0,CREDIT CARD,52.0
ORD13113,2025-05-04,West,Electronics,Tablet,442.58,4.0,0.0,CREDIT CARD,57.0
ORD10459,2024-11-26,North,Clothing,Jeans,299.43,7.0,,Debit Card,36.0
ORD12391,2025-07-18,West,Groceries,Snacks,188.0,8.0,0.0,Credit Card,32.0
ORD10680,2024-05-13,East,Electronics,Smartphone,342.86,9.0,0.0,Debit Card,41.0
ORD12009,2025-04-24,NORTH,Groceries,Juice,,9.0,0.0,Credit Card,63.0
ORD12466,2024-12-29,North,Clothing,Jeans,452.04,7.0,5.0,Debit Card,57.0
ORD11747,2025-01-22, south ,Toys,Puzzle,55.69,1.0,0.0,Cash,25.0
ORD14511,2025-10-28,East,Clothing,Sneakers,289.54,7.0,0.0,Online Wallet,63.0
ORD11954,2024-04-23,West,Furniture,Bookshelf,132.42,5.0,0.0,Debit Card,19.0
ORD10361,2024-10-06,West,Clothing,T-Shirt,499.86,,0.0,Cash,34.0
ORD11804,2024-12-08,South,Clothing,Jeans,56.28,2.0,0.0,Credit Card,24.0
ORD13808,2024-10-18,West,Clothing,Jacket,290.85,9.0,0.0,Cash,30.0
ORD14861,2024-10-18, east ,Groceries,Juice,400.65,1.0,10.0,Debit Card,62.0
ORD10202,2024-10-29,North, groceries ,Juice,121.16,3.0,,ONLINE WALLET,27.0
ORD10934,2025-04-01, west ,Furniture,Desk,231.81,7.0,0.0,Credit Card,41.0
ORD14508,2025-07-23,North,Furniture,Bookshelf,248.8,1.0,0.0,Debit Card,54.0
ORD14808,2024-09-18, north ,Furniture,Sofa,67.91,4.0,10.0,Cash,66.0
ORD10964,2025-10-18,North,Toys,Action Figure,165.14,9.0,,DEBIT CARD,22.0
ORD10124,2025-12-23,East,Toys,Board Game,177.95,1.0,0.0,Debit Card,33.0
ORD14600,2025-07-31, west ,ELECTRONICS,Smartwatch,455.02,3.0,0.0,Cash,47.0
ORD14834,2024-05-22,East,Electronics,Laptop,174.99,3.0,0.0,Cash,35.0
ORD11965,2025-03-16,East,Furniture,Desk,282.31,8.0,15.0,Credit Card,25.0
ORD12515,2025-11-19,South,Clothing,T-Shirt,168.57,8.0,0.0,Credit Card,53.0
ORD14197,2025-09-11,South,Groceries,Juice,92.09,7.0,0.0,Online Wallet,58.0
ORD10446,2025-06-01,SOUTH,Furniture,Office Chair,276.15,9.0,5.0,Debit Card,37.0
ORD14807,2025-04-13,West,Clothing,T-Shirt,276.28,8.0,5.0,Online Wallet,26.0
ORD10647,2024-04-20, west ,Clothing,Jacket,209.77,4.0,0.0, online wallet ,63.0
ORD14100,2024-02-14,West,Toys,RC Car,77.04,4.0,0.0,CASH,34.0
ORD12452,2025-11-15,North,Electronics,Laptop,405.02,3.0,0.0,Debit Card,40.0
ORD13383,2025-10-05,West,Electronics,Tablet,51.29,8.0,5.0,CREDIT CARD,19.0
ORD11757,2025-10-06,East,Groceries,Juice,343.98,2.0,0.0,Online Wallet,24.0
ORD11588,2024-05-06,East,Electronics,Smartwatch,65.2,,20.0,Debit Card,63.0
ORD10935,2024-05-20,South,Groceries,Coffee,,2.0,0.0,Cash,32.0
ORD11450,2024-01-31,SOUTH,Clothing,Cap,402.92,7.0,0.0,Online Wallet,31.0
ORD14246,2024-03-03,North,Clothing,Cap,269.16,2.0,,Credit Card,30.0
ORD13403,2025-12-03,West,Electronics,Smartwatch,25.82,9.0,0.0,Debit Card,35.0
ORD11353,2024-06-16,South,Clothing,Jacket,395.99,3.0,0.0,Credit Card,53.0
ORD12961,2024-09-04,South,Toys,Board Game,57.21,1.0,20.0,Debit Card,36.0
ORD11188,2024-11-14,NORTH, furniture ,Desk,417.47,6.0,0.0,ONLINE WALLET,32.0
ORD10217,2025-12-11,West,Toys,Puzzle,283.9,3.0,0.0,Credit Card,50.0
ORD11415,2025-11-18, south ,Electronics,Tablet,116.32,5.0,15.0,Cash,59.0
ORD14320,2025-04-16,East,Furniture,Bed Frame,155.64,1.0,0.0,Cash,33.0
ORD13857,2024-09-01,East, groceries ,Juice,254.36,9.0,0.0,Debit Card,28.0
ORD14809,2024-10-25,West,Toys,Action Figure,431.65,3.0,0.0,Online Wallet,32.0
ORD10877,2024-10-09,North,Electronics,Headphones,473.84,6.0,0.0,Online Wallet,53.0
ORD13766,2024-10-28,South,CLOTHING,Cap,159.25,7.0,0.0,Cash,21.0
ORD12022,2025-05-30,WEST,Electronics,Smartphone,246.73,2.0,0.0,Debit Card,53.0
ORD10066,2025-09-29,West, toys ,Action Figure,32.87,8.0,0.0,Credit Card,56.0
ORD13701,2024-03-28,East,Electronics,Headphones,347.13,1.0,20.0,Cash,51.0
ORD11481,2024-04-07, east , furniture ,Sofa,246.95,,0.0,Debit Card,37.0
ORD14557,2024-05-19,South,Toys,Lego Set,147.13,2.0,0.0,Credit Card,
ORD10736,2024-05-02,West,Furniture,Sofa,309.0,5.0,0.0,CASH,
ORD11846,2024-08-17,North,Electronics,Smartwatch,147.02,4.0,0.0,Online Wallet,54.0
ORD10272,2024-05-01,East,Electronics,Smartwatch,408.89,7.0,10.0,Online Wallet,58.0
ORD11490,2025-07-13,East,FURNITURE,Sofa,261.81,8.0,0.0,Online Wallet,32.0
ORD14872,2024-02-12,SOUTH,FURNITURE,Sofa,211.74,5.0,0.0,DEBIT CARD,60.0
ORD13659,2024-09-05,South,Groceries,Coffee,253.71,8.0,5.0,CREDIT CARD,34.0
ORD14220,2024-07-25,North,Furniture,Office Chair,360.4,6.0,10.0,Online Wallet,49.0
ORD14178,2024-09-17,South,Electronics,Smartwatch,430.27,3.0,0.0,DEBIT CARD,27.0
ORD11944,2024-11-06,North,Furniture,Office Chair,364.98,5.0,0.0,Credit Card,55.0
ORD10660,2025-10-21,East,Toys,Puzzle,134.36,5.0,0.0,Online Wallet,58.0
ORD11446,2025-05-19,North,Toys,RC Car,263.19,9.0,0.0,Debit Card,56.0
ORD12801,2024-05-07,EAST,Toys,Lego Set,21.2,2.0,0.0,Debit Card,67.0
ORD13051,2025-12-14,North,Groceries,Snacks,46.81,8.0,0.0,Online Wallet,27.0
ORD10288,2024-02-16, west ,Electronics,Tablet,63.58,6.0,20.0,Online Wallet,28.0
ORD11776,2024-12-28,West,Furniture,Bookshelf,494.59,5.0,0.0,Debit Card,51.0
ORD11357,2025-10-19,South,Groceries,Pasta,226.75,5.0,0.0,Credit Card,44.0
ORD13875,2025-02-09,NORTH,Toys,Lego Set,72.46,4.0,20.0,Cash,63.0
ORD14082,2025-07-08,West,Toys,RC Car,376.83,9.0,0.0,Online Wallet,50.0
ORD13315,2024-12-09,East,Groceries,Juice,470.58,8.0,0.0, online wallet ,47.0
ORD14081,2025-07-04,North,Groceries,Cereal,450.57,1.0,0.0,Credit Card,30.0
ORD13555,2025-02-21,West,Groceries,Snacks,411.22,5.0,0.0,Cash,61.0
ORD10226,2025-01-19,West,Groceries,Juice,189.89,7.0,0.0,Credit Card,39.0
ORD10760,2024-08-06,North,TOYS,RC Car,,7.0,20.0,Debit Card,21.0
ORD10514,2024-08-21,North,Clothing,Sneakers,347.15,7.0,0.0,Cash,48.0
ORD14050,2025-11-27,West,Furniture,Bed Frame,126.5,7.0,10.0,Credit Card,23.0
ORD11605,2025-01-04,East,ELECTRONICS,Laptop,456.33,2.0,0.0,Debit Card,52.0
ORD14969,2024-09-13,North,Electronics,Smartphone,117.19,7.0,0.0,Online Wallet,68.0
ORD14973,2025-10-07,North,Toys,Lego Set,395.32,5.0,0.0,Debit Card,41.0
ORD12917,2024-02-01,EAST,Toys,Lego Set,393.46,3.0,20.0,Credit Card,36.0
ORD12891,2025-11-18,West,Electronics,Headphones,,7.0,0.0,Credit Card,26.0
ORD13594,2025-07-20, east ,Clothing,Jeans,139.26,8.0,0.0,Credit Card,47.0
ORD10908,2025-10-19,South,Toys,RC Car,31.15,3.0,0.0,CREDIT CARD,60.0
ORD10800,2025-05-17,East,Clothing,Sneakers,250.54,2.0,0.0,Debit Card,62.0
ORD10768,2024-07-25,South,Electronics,Smartwatch,149.39,4.0,0.0,Debit Card,18.0
ORD10193,2025-09-22,West,Groceries,Pasta,219.66,3.0,0.0, debit card ,35.0
ORD13664,2025-11-20,East,Electronics,Smartphone,337.11,5.0,0.0, credit card ,68.0
ORD10742,2025-10-03,East,Furniture,Bed Frame,65.1,2.0,0.0,Credit Card,68.0
ORD14143,2025-02-10,West,Toys,Board Game,207.96,8.0,10.0,CASH,33.0
ORD11454,2024-03-18,South,Clothing,T-Shirt,65.65,1.0,0.0,Cash,67.0
ORD10612,2024-01-08,South,TOYS,Lego Set,161.04,3.0,0.0,Online Wallet,52.0
ORD13416,2025-08-09,South,Toys,Lego Set,280.86,6.0,0.0,Online Wallet,26.0
ORD11870,2025-10-02,East,Electronics,Smartwatch,141.38,7.0,0.0, debit card ,42.0
ORD13822,2025-06-18,West,Groceries,Snacks,243.13,,0.0,Online Wallet,35.0
ORD10401,2025-02-15, south ,Toys,Action Figure,239.33,7.0,0.0,Online Wallet,43.0
ORD14057,2025-09-26,West,Electronics,Smartphone,409.6,4.0,10.0,Online Wallet,59.0
ORD10849,2024-04-09,West,Electronics,Headphones,438.46,9.0,0.0,Debit Card,31.0
ORD13969,2025-04-26,North,Groceries,Coffee,141.11,7.0,, online wallet ,35.0
ORD11728,2024-11-15,West,Groceries,Juice,118.08,9.0,10.0,Credit Card,53.0
ORD10374,2024-07-12,East,Electronics,Tablet,56.68,7.0,0.0, debit card ,31.0
ORD12935,2025-02-18,South,Furniture,Office Chair,267.75,6.0,0.0,Online Wallet,59.0
ORD10537,2025-11-24,North,Electronics,Tablet,498.22,3.0,5.0,Online Wallet,26.0
ORD14112,2025-09-15,North,Electronics,Smartphone,345.93,6.0,0.0, cash ,42.0
ORD13159,2025-05-01,West,Furniture,Bed Frame,51.79,1.0,5.0,Online Wallet,46.0
ORD11007,2024-11-21,North,Groceries,Pasta,40.51,7.0,15.0,Credit Card,68.0
ORD14882,2025-03-25, east ,Toys,RC Car,427.07,2.0,5.0, credit card ,21.0
ORD14396,2025-12-07,SOUTH, electronics ,Laptop,495.17,2.0,0.0, online wallet ,40.0
ORD14610,2025-09-28,South,Electronics,Smartphone,391.73,1.0,0.0,Cash,44.0
ORD10578,2024-04-08,West, clothing ,Sneakers,121.32,5.0,10.0,Credit Card,24.0
ORD10692,2024-10-17,SOUTH,Toys,RC Car,448.05,2.0,0.0,Credit Card,60.0
ORD11611,2024-04-04,South,Toys,Action Figure,110.85,4.0,0.0,Debit Card,42.0
ORD12734,2025-01-28,West,Electronics,Headphones,498.86,3.0,5.0,Debit Card,51.0
ORD14986,2024-09-14,West,Groceries,Snacks,357.47,7.0,5.0,CREDIT CARD,56.0
ORD14248,2024-12-10, north ,Toys,Lego Set,480.79,8.0,0.0, cash ,41.0
ORD10655,2025-11-15,West,Groceries,Cereal,70.84,7.0,15.0,Credit Card,43.0
ORD10444,2024-03-24,North,Groceries,Coffee,337.38,7.0,0.0,Cash,46.0
ORD14981,2024-12-28,West, clothing ,Sneakers,81.05,6.0,0.0,Online Wallet,48.0
ORD11829,2025-03-10,South,CLOTHING,Cap,204.6,,20.0,Credit Card,56.0
ORD13207,2024-02-01,West, electronics ,Laptop,251.21,1.0,0.0,Credit Card,26.0
ORD11228,2025-02-01,West,Groceries,Snacks,481.34,4.0,10.0, online wallet ,34.0
ORD13616,2025-06-21,East,Electronics,Smartwatch,421.97,-5.0,20.0,Credit Card,
ORD13677,2024-08-07,West,Groceries,Snacks,344.82,8.0,20.0,Cash,35.0
ORD13044,2024-12-18,West,Furniture,Bed Frame,272.76,3.0,0.0, online wallet ,43.0
ORD10590,2025-10-10,South,Furniture,Bed Frame,82.32,7.0,0.0,DEBIT CARD,47.0
ORD12906,2024-09-19,East,Clothing,Jacket,444.83,3.0,0.0,Credit Card,50.0
ORD11575,2024-10-26,South,Toys,Board Game,416.78,9.0,0.0,Online Wallet,39.0
ORD10478,2025-03-26,North,Toys,Action Figure,106.14,1.0,20.0,Credit Card,66.0
ORD14413,2025-02-23, east ,Clothing,Cap,,8.0,0.0, debit card ,48.0
ORD14496,2024-07-29,East,Clothing,Jacket,135.32,7.0,0.0,Cash,
ORD12656,2024-04-19, east , electronics ,Laptop,254.79,5.0,0.0,Credit Card,67.0
ORD12396,2025-08-18,NORTH,Groceries,Coffee,379.37,1.0,0.0,Debit Card,54.0
ORD14052,2025-01-11,NORTH,Electronics,Laptop,176.09,2.0,0.0,Credit Card,67.0
ORD14749,2024-07-11,East,Clothing,T-Shirt,123.18,6.0,0.0,Debit Card,53.0
ORD12660,2024-01-13,South,Electronics,Laptop,391.02,6.0,5.0,Credit Card,63.0
ORD11871,2025-09-04,North,Electronics,Headphones,383.71,6.0,10.0, online wallet ,46.0
ORD13531,2024-10-19,West,Clothing,T-Shirt,464.54,9.0,0.0,Debit Card,47.0
ORD12620,2024-06-28,SOUTH,Toys,Action Figure,447.48,,0.0,ONLINE WALLET,62.0
ORD10465,2024-04-30,South,Electronics,Laptop,133.82,6.0,0.0,Credit Card,22.0
ORD10743,2025-10-13,East,Clothing,T-Shirt,247.44,8.0,0.0,Online Wallet,53.0
ORD12751,2024-11-08, east ,Furniture,Bed Frame,54.36,8.0,15.0, cash ,51.0
ORD13731,2024-08-13,East,Toys,Action Figure,162.67,3.0,0.0,Online Wallet,58.0
ORD10182,2025-01-12,West,Groceries,Pasta,310.24,9.0,0.0,Cash,34.0
ORD10242,2025-05-23,South,Groceries,Juice,22.9,1.0,0.0,Credit Card,19.0
ORD12716,2024-09-04,West,Clothing,Jacket,366.91,7.0,20.0,Debit Card,61.0
ORD11394,2025-11-13,South, furniture ,Office Chair,268.49,2.0,0.0,CREDIT CARD,28.0
ORD11053,2025-01-24,SOUTH,Clothing,Jacket,160.64,5.0,,Debit Card,43.0
ORD13259,2024-12-18, east ,Toys,RC Car,456.42,4.0,0.0,Credit Card,35.0
ORD10653,2024-10-15, east ,GROCERIES,Juice,417.14,4.0,10.0,Credit Card,54.0
ORD10148,2025-05-03,South,Groceries,Cereal,472.31,7.0,20.0,Debit Card,38.0
ORD10708,2025-12-04,South,Electronics,Tablet,455.06,,10.0,Cash,61.0
ORD13586,2025-04-07,North,Furniture,Desk,351.81,2.0,5.0,Online Wallet,32.0
ORD10023,2024-10-20,East,Clothing,T-Shirt,187.05,4.0,20.0,Debit Card,28.0
ORD11285,2024-02-12,North, groceries ,Snacks,49.46,5.0,0.0,CASH,40.0
ORD11957,2025-12-06,East,Electronics,Headphones,407.49,5.0,0.0,DEBIT CARD,35.0
ORD12260,2025-08-18, south ,GROCERIES,Juice,415.52,9.0,0.0,CASH,46.0
ORD11532,2025-09-23,NORTH,Clothing,Jacket,472.79,9.0,0.0,Online Wallet,40.0
ORD11436,2025-10-10,North,ELECTRONICS,Headphones,382.68,,0.0,Credit Card,47.0
ORD10919,2024-06-21,West,Furniture,Office Chair,399.72,4.0,0.0,Credit Card,36.0
ORD11199,2024-07-09,South,Toys,Action Figure,156.19,9.0,0.0,Debit Card,21.0
ORD12216,2025-04-26,SOUTH,Clothing,Jeans,61.66,1.0,15.0,Online Wallet,44.0
ORD14625,2025-06-13,South,ELECTRONICS,Laptop,11.33,1.0,0.0,Debit Card,27.0
ORD10469,2024-11-09,South,Furniture,Office Chair,,1.0,0.0,Credit Card,26.0
ORD14915,2024-08-24,North,Clothing,Sneakers,147.44,9.0,0.0,Debit Card,18.0
ORD13506,2024-07-12,North,Furniture,Desk,125.46,2.0,10.0,Cash,43.0
ORD10106,2024-05-11,South,Clothing,Jeans,161.52,9.0,0.0, online wallet ,56.0
ORD11484,2025-05-28, east , toys ,Lego Set,128.44,7.0,0.0,Cash,64.0
ORD14644,2024-07-21,West,Clothing,Jacket,116.27,3.0,5.0,Credit Card,48.0
ORD10350,2025-03-26,WEST,Furniture,Sofa,227.81,9.0,0.0,ONLINE WALLET,28.0
ORD11509,2025-12-18,South,Toys,Lego Set,76.13,6.0,10.0,Cash,29.0
ORD11260,2024-09-11,SOUTH,Groceries,Coffee,137.95,3.0,20.0,Debit Card,60.0
ORD10048,2025-03-10,West,Groceries,Snacks,380.13,9.0,0.0,Online Wallet,22.0
ORD10238,2024-10-13,North,Toys,RC Car,378.64,7.0,0.0,Debit Card,47.0
ORD10712,2025-01-25,NORTH,Electronics,Smartphone,134.15,1.0,0.0,Credit Card,44.0
ORD11443,2025-11-28,East, electronics ,Laptop,207.33,5.0,0.0,ONLINE WALLET,18.0
ORD14742,2024-05-31, south ,FURNITURE,Bookshelf,134.01,7.0,20.0,Debit Card,59.0
ORD14575,2024-02-13,WEST,Furniture,Office Chair,452.55,2.0,0.0,CASH,66.0
ORD13582,2024-02-12, south ,Electronics,Laptop,451.25,5.0,0.0,Cash,33.0
ORD13992,2025-12-27,South,Clothing,T-Shirt,185.29,9.0,0.0, credit card ,63.0
ORD13943,2025-05-10,North,Furniture,Bed Frame,428.13,2.0,0.0,CASH,57.0
ORD12663,2024-01-16,North,Furniture,Sofa,367.31,6.0,5.0,Online Wallet,44.0
ORD12718,2024-01-10,North, furniture ,Bookshelf,255.65,6.0,0.0,Credit Card,36.0
ORD12613,2025-12-11,South,GROCERIES,Snacks,234.31,4.0,0.0,Online Wallet,63.0
ORD14245,2024-02-18,South,Clothing,Jacket,341.51,8.0,5.0,Cash,41.0
ORD12511,2025-10-11,South,Groceries,Coffee,296.6,9.0,0.0,Cash,19.0
ORD10900,2024-11-15,East,Electronics,Tablet,23.83,6.0,0.0,Cash,47.0
ORD13522,2024-11-24,South,Clothing,Sneakers,107.69,2.0,0.0,Debit Card,20.0
ORD14335,2025-09-30,East,TOYS,RC Car,81.3,2.0,0.0,Cash,19.0
ORD11931,2024-02-10,North,Clothing,T-Shirt,317.62,6.0,0.0,CASH,69.0
ORD14786,2025-11-20,East,TOYS,Lego Set,12.44,1.0,15.0,Online Wallet,
ORD14366,2025-11-10, north ,Groceries,Juice,369.82,9.0,0.0,Cash,35.0
ORD13033,2024-07-18,West,Furniture,Sofa,368.01,4.0,10.0,Online Wallet,60.0
ORD12771,2024-08-06,East,Furniture,Sofa,,6.0,0.0,Cash,
ORD13600,2025-04-07,West,Furniture,Desk,157.87,2.0,10.0,ONLINE WALLET,41.0
ORD14897,2024-08-02,East,FURNITURE,Office Chair,433.26,8.0,10.0, online wallet ,44.0
ORD13684,2025-03-15,North,Electronics,Smartphone,422.8,7.0,0.0,Online Wallet,46.0
ORD13248,2025-12-13,East,Clothing,Jeans,247.0,6.0,0.0,Cash,36.0
ORD12254,2025-08-09,South,Clothing,T-Shirt,398.21,7.0,15.0,Credit Card,24.0
ORD12125,2024-05-10,East,Furniture,Bed Frame,144.62,5.0,0.0,Debit Card,24.0
ORD10030,2024-12-03,NORTH,Clothing,T-Shirt,245.38,3.0,0.0,Credit Card,53.0
ORD12306,2025-08-01,West,Clothing,T-Shirt,481.55,9.0,10.0,Credit Card,53.0
ORD11226,2024-06-18,NORTH,Toys,RC Car,393.98,4.0,15.0,Cash,34.0
ORD13385,2024-03-17,North,Clothing,Sneakers,362.23,1.0,0.0,Credit Card,23.0
ORD12329,2025-04-10,West,Toys,Puzzle,127.28,1.0,20.0,Cash,37.0
ORD10173,2024-07-14,South,Toys,RC Car,91.01,4.0,0.0,CASH,34.0
ORD12676,2025-07-07, east ,Groceries,Snacks,323.15,5.0,0.0,Debit Card,22.0
ORD13301,2025-12-18,North,Electronics,Laptop,81.46,6.0,5.0,Credit Card,37.0
ORD14690,2025-06-04,East,Clothing,Cap,99.15,7.0,0.0,Debit Card,32.0
ORD10859,2025-04-28, north , furniture ,Sofa,304.13,7.0,15.0,Debit Card,38.0
ORD11972,2025-05-22, east ,Clothing,Cap,197.44,8.0,0.0,Credit Card,
ORD11917,2024-07-19,West,Furniture,Bed Frame,102.23,8.0,0.0,Cash,24.0
ORD13349,2024-09-27,East,Furniture,Bed Frame,155.01,4.0,20.0, cash ,41.0
ORD14103,2025-04-19,South,Toys,RC Car,243.01,2.0,10.0,Cash,49.0
ORD14087,2025-11-13,North, clothing ,T-Shirt,465.5,8.0,,Cash,31.0
ORD12491,2025-05-14,South,Electronics,Smartwatch,169.64,1.0,0.0,Credit Card,53.0
ORD14980,2024-04-08, west ,Electronics,Laptop,169.6,5.0,0.0, debit card ,69.0
ORD10807,2025-08-11,South,Electronics,Headphones,207.55,4.0,0.0,Cash,43.0
ORD11469,2025-10-09,EAST, furniture ,Desk,468.49,8.0,0.0,Cash,33.0
ORD12006,2025-04-20,North,Groceries,Cereal,372.12,6.0,0.0,Cash,19.0
ORD14222,2024-04-05,North,Groceries,Coffee,446.07,9.0,0.0,Debit Card,56.0
ORD14211,2024-01-21,East,Groceries,Snacks,424.58,5.0,0.0,Debit Card,45.0
ORD14843,2024-09-11,North,Clothing,T-Shirt,130.29,9.0,0.0,Debit Card,23.0
ORD13609,2025-04-30, west ,Electronics,Headphones,212.15,3.0,0.0,Online Wallet,52.0
ORD10493,2024-03-01,South,Clothing,Jacket,165.63,5.0,0.0,Credit Card,44.0
ORD11623,2024-02-22,North,Furniture,Desk,170.7,6.0,0.0,Credit Card,49.0
ORD12651,2025-06-24,North,Electronics,Laptop,42.84,3.0,5.0,Online Wallet,32.0
ORD14493,2025-09-26,EAST,Furniture,Desk,288.5,4.0,,Cash,55.0
ORD11001,2025-12-09,East, toys ,RC Car,54.38,1.0,0.0,Online Wallet,26.0
ORD12317,2024-08-15,East,Groceries,Pasta,366.73,4.0,0.0,ONLINE WALLET,56.0
ORD13686,2025-08-15, north ,Furniture,Office Chair,61.52,8.0,15.0,Cash,45.0
ORD11951,2024-08-17, east ,Toys,Action Figure,32.39,9.0,0.0,Debit Card,57.0
ORD12746,2024-07-16,South,CLOTHING,Cap,235.43,8.0,0.0,Debit Card,68.0
ORD13485,2025-09-05,North,Toys,RC Car,122.28,3.0,0.0,ONLINE WALLET,22.0
ORD10972,2024-05-13,NORTH,CLOTHING,Jeans,338.05,2.0,5.0,Online Wallet,42.0
ORD11308,2025-08-10,East,Electronics,Smartwatch,185.72,4.0,5.0, cash ,65.0
ORD12867,2025-04-17,West,Furniture,Desk,134.31,4.0,0.0,Cash,59.0
ORD12489,2024-06-17,South,Furniture,Bed Frame,153.7,9.0,0.0, credit card ,50.0
ORD13417,2025-07-02,East,Groceries,Coffee,143.57,5.0,0.0, credit card ,52.0
ORD14681,2025-08-21, east , clothing ,Jacket,318.59,5.0,0.0,Cash,60.0
ORD14006,2025-02-27,South,Clothing,Jeans,478.97,7.0,0.0,Credit Card,44.0
ORD14422,2025-09-06,North,FURNITURE,Desk,30.62,8.0,0.0,Online Wallet,67.0
ORD12811,2024-04-11,NORTH,Clothing,Jeans,228.02,3.0,5.0,Cash,31.0
ORD13905,2024-10-31,South,Clothing,Sneakers,26.11,2.0,0.0,Credit Card,55.0
ORD13240,2025-04-16,West, toys ,Lego Set,99.09,2.0,15.0, debit card ,34.0
ORD14675,2025-01-28,South,Furniture,Sofa,370.13,7.0,0.0,Cash,43.0
ORD14599,2025-10-06,West,Electronics,Tablet,223.77,1.0,0.0,Credit Card,69.0
ORD12642,2025-07-23, west ,Furniture,Office Chair,182.64,3.0,0.0,Debit Card,57.0
ORD11663,2024-12-16, south ,Furniture,Bookshelf,372.79,8.0,0.0,Online Wallet,29.0
ORD11701,2025-12-04, west ,ELECTRONICS,Smartwatch,399.51,2.0,0.0,Debit Card,32.0
ORD10016,2025-07-10,SOUTH,Groceries,Snacks,151.34,5.0,10.0,Online Wallet,61.0
ORD13392,2024-09-02,South,Groceries,Pasta,397.35,9.0,5.0, credit card ,37.0
ORD11058,2025-12-10,North,Electronics,Headphones,304.51,3.0,,Debit Card,18.0
ORD10640,2024-12-13,East,Clothing,Jacket,125.86,3.0,0.0, cash ,55.0
ORD12659,2025-12-02,East,Toys,RC Car,87.38,5.0,0.0,Online Wallet,66.0
ORD13010,2025-12-19,North, toys ,Board Game,170.04,2.0,5.0,Credit Card,28.0
ORD12169,2025-10-14,West, furniture ,Sofa,224.43,8.0,0.0,Cash,45.0
ORD12813,2025-01-07,East,Clothing,Sneakers,433.36,6.0,0.0, debit card ,44.0
ORD14260,2025-09-07, east ,Toys,Puzzle,,2.0,0.0,Cash,19.0
ORD14795,2024-02-23,North,Electronics,Tablet,108.57,9.0,0.0,Credit Card,49.0
ORD11186,2025-05-30,West,Groceries,Juice,,5.0,20.0,Credit Card,19.0
ORD13884,2024-12-22,North,Electronics,Laptop,428.71,7.0,0.0,Debit Card,27.0
ORD12662,2025-01-01,North,Groceries,Coffee,93.47,8.0,0.0,Online Wallet,23.0
ORD14244,2025-03-26, north ,Groceries,Cereal,485.99,4.0,5.0,Credit Card,61.0
ORD13752,2025-08-04, south ,Toys,Action Figure,242.02,4.0,0.0,Online Wallet,50.0
ORD11716,2025-05-22,North,Furniture,Desk,299.23,8.0,0.0,Debit Card,51.0
ORD12960,2025-11-15,North,Furniture,Bed Frame,369.31,7.0,0.0,ONLINE WALLET,64.0
ORD12469,2025-07-14, west ,FURNITURE,Desk,257.28,7.0,0.0,Cash,56.0
ORD11966,2024-04-19,SOUTH,TOYS,RC Car,480.16,8.0,5.0,Debit Card,26.0
ORD11920,2025-01-18,East,Groceries,Pasta,121.74,8.0,20.0,Credit Card,23.0
ORD13143,2024-04-24,South,Electronics,Smartwatch,99.71,6.0,10.0,Online Wallet,37.0
ORD14552,2025-01-27,South,Furniture,Desk,349.88,8.0,10.0,Debit Card,
ORD14066,2024-08-24,North,Electronics,Headphones,84.82,2.0,10.0,Credit Card,23.0
ORD12965,2025-10-09,West,Clothing,Cap,431.86,2.0,0.0, cash ,57.0
ORD10585,2025-09-09,North,Groceries,Cereal,108.25,5.0,5.0,Online Wallet,46.0
ORD13263,2025-11-13,South,Groceries,Juice,271.38,1.0,0.0,Credit Card,33.0
ORD10036,2024-04-25, west ,Toys,Board Game,150.75,5.0,0.0,CREDIT CARD,20.0
ORD11072,2024-03-09,West,Electronics,Headphones,481.12,6.0,0.0,Credit Card,18.0
ORD10076,2024-04-08,North,Electronics,Smartphone,71.26,5.0,0.0,Debit Card,45.0
ORD12238,2025-03-15,NORTH,TOYS,Puzzle,177.51,6.0,0.0,Credit Card,68.0
ORD14941,2025-08-28,SOUTH,Electronics,Smartphone,72.59,4.0,0.0,Credit Card,28.0
ORD14097,2025-11-02,East,Furniture,Bed Frame,145.02,7.0,10.0,Cash,63.0
ORD10997,2024-07-06,North,Electronics,Smartwatch,365.97,7.0,15.0,Online Wallet,63.0
ORD13541,2025-05-15,South,Toys,Puzzle,476.78,8.0,10.0,Credit Card,37.0
ORD12368,2025-05-16,West,Groceries,Snacks,143.81,9.0,0.0,Credit Card,20.0
ORD13784,2025-07-21,North,Groceries,Cereal,74.97,1.0,0.0,Debit Card,55.0
ORD14589,2025-10-21,North,Furniture,Desk,227.71,2.0,0.0,Online Wallet,18.0
ORD12049,2025-08-24,South,GROCERIES,Pasta,109.69,8.0,5.0,Debit Card,20.0
ORD11407,2025-01-10,South,Furniture,Bed Frame,97.74,9.0,,Online Wallet,51.0
ORD11905,2025-09-15, east ,Electronics,Headphones,186.03,2.0,0.0,CREDIT CARD,21.0
ORD10639,2025-03-18,West,Furniture,Bed Frame,117.25,7.0,0.0, cash ,46.0
ORD10375,2025-08-06,East,Groceries,Cereal,59.94,2.0,0.0,Cash,55.0
ORD13792,2025-06-10,West,CLOTHING,T-Shirt,165.53,9.0,0.0,Debit Card,57.0
ORD12170,2025-10-13,North,Groceries,Juice,157.43,6.0,10.0,Debit Card,37.0
ORD14154,2024-09-10,North,Groceries,Cereal,306.27,6.0,0.0,Debit Card,69.0
ORD11327,2025-06-05,West,Electronics,Smartwatch,492.4,8.0,0.0,Debit Card,19.0
ORD12786,2025-10-19,West,TOYS,Board Game,85.96,5.0,15.0, debit card ,61.0
ORD12793,2024-10-16,South,Groceries,Juice,140.0,4.0,0.0,Cash,33.0
ORD14350,2025-06-03,West,Toys,Action Figure,210.27,5.0,0.0,CASH,22.0
ORD14935,2025-01-31,South,Electronics,Tablet,201.1,1.0,0.0,Debit Card,42.0
ORD11384,2025-07-19,North,Clothing,T-Shirt,152.26,6.0,5.0, online wallet ,65.0
ORD10189,2025-03-03, east ,Furniture,Desk,56.76,,10.0,Credit Card,23.0
ORD11515,2025-10-14,South,Toys,Action Figure,49.06,2.0,0.0,Online Wallet,64.0
ORD14899,2025-09-25,East,Furniture,Bed Frame,12.33,7.0,0.0,Cash,26.0
ORD14725,2024-12-30, east ,Groceries,Snacks,111.23,7.0,10.0,Credit Card,27.0
ORD13935,2024-01-14,South, electronics ,Smartphone,303.17,5.0,0.0,CASH,46.0
ORD13568,2024-12-06,South,Toys,Board Game,58.79,6.0,0.0,Online Wallet,54.0
ORD12059,2025-09-28,West,Furniture,Desk,227.51,7.0,5.0,CASH,67.0
ORD10353,2025-04-23,East,Groceries,Cereal,396.9,1.0,0.0,Online Wallet,22.0
ORD12398,2025-05-04,WEST, toys ,Board Game,368.64,4.0,0.0, online wallet ,60.0
ORD13081,2025-04-08,North,Toys,Board Game,137.38,5.0,10.0,Credit Card,24.0
ORD14567,2025-11-26,West,Furniture,Sofa,176.65,5.0,0.0,DEBIT CARD,35.0
ORD12248,2024-05-30,East, electronics ,Tablet,202.2,7.0,0.0,Credit Card,18.0
ORD13999,2025-04-05,EAST,Electronics,Tablet,16.65,1.0,0.0,DEBIT CARD,60.0
ORD11383,2025-10-29,North,Groceries,Cereal,281.56,4.0,10.0,Debit Card,56.0
ORD11628,2024-03-08,East,Toys,Board Game,139.91,4.0,0.0,Cash,48.0
ORD13954,2025-07-29,North,CLOTHING,Cap,129.77,7.0,0.0,Credit Card,36.0
ORD13953,2025-02-16,EAST, furniture ,Bookshelf,302.57,3.0,0.0,Credit Card,47.0
ORD12495,2024-01-30,North,Groceries,Snacks,105.88,9.0,0.0,Credit Card,51.0
ORD14187,2025-04-14,South,Clothing,Cap,273.74,8.0,0.0,Debit Card,28.0
ORD12326,2025-04-26,North,Electronics,Smartwatch,,1.0,15.0,Cash,36.0
ORD13408,2025-07-25,South,Electronics,Smartphone,239.3,3.0,5.0,Cash,36.0
ORD14175,2024-02-23,West,CLOTHING,Sneakers,489.46,9.0,0.0,Debit Card,61.0
ORD12929,2025-02-16,West,Groceries,Snacks,448.3,4.0,15.0,Debit Card,54.0
ORD14451,2025-01-19,North,TOYS,Action Figure,339.74,3.0,10.0,CASH,48.0
ORD13106,2025-10-19,East,Clothing,Sneakers,124.17,1.0,10.0,Debit Card,30.0
ORD11470,2025-12-16,East,Electronics,Smartwatch,328.68,6.0,0.0,Credit Card,66.0
ORD11839,2024-06-03,North, clothing ,Cap,288.06,5.0,0.0,ONLINE WALLET,26.0
ORD14035,2024-03-16,North,TOYS,Action Figure,261.77,1.0,0.0,Online Wallet,27.0
ORD10240,2025-09-21,West,Groceries,Cereal,496.28,8.0,5.0,Credit Card,47.0
ORD11517,2024-06-12,South,Electronics,Headphones,453.01,2.0,10.0,Debit Card,43.0
ORD12163,2025-05-19,SOUTH,GROCERIES,Coffee,136.25,1.0,0.0,Online Wallet,30.0
ORD10676,2025-01-01,East,Clothing,Sneakers,461.15,,10.0,Cash,42.0
ORD14150,2024-01-19,South, clothing ,T-Shirt,257.68,7.0,0.0,Cash,29.0
ORD14770,2025-09-22,South,Toys,RC Car,317.25,6.0,0.0,Debit Card,67.0
ORD14007,2025-10-23,North,Electronics,Smartwatch,447.99,6.0,0.0,Cash,64.0
ORD14688,2025-11-14,West,Groceries,Coffee,430.6,6.0,0.0,Cash,33.0
ORD11382,2025-04-26,West,Toys,RC Car,293.58,1.0,20.0, credit card ,38.0
ORD11205,2024-07-28,South,Groceries,Coffee,107.6,1.0,0.0,Online Wallet,41.0
ORD12454,2024-02-10,South,Toys,Puzzle,111.65,2.0,0.0,CREDIT CARD,67.0
ORD12919,2024-01-01,West,Furniture,Sofa,196.63,7.0,15.0,Credit Card,57.0
ORD14171,2025-07-28, west ,Clothing,Cap,105.34,6.0,0.0,Cash,24.0
ORD11027,2024-12-08,South, electronics ,Headphones,439.32,9.0,10.0,Debit Card,65.0
ORD11019,2025-07-04,North,Furniture,Desk,216.42,3.0,0.0,Credit Card,30.0
ORD11816,2024-03-03,South,Groceries,Juice,203.37,1.0,0.0,CASH,51.0
ORD13105,2024-10-03,South,ELECTRONICS,Laptop,405.31,7.0,0.0,Credit Card,69.0
ORD14278,2025-04-02,South,Groceries,Coffee,289.09,9.0,0.0,Online Wallet,
ORD13730,2025-11-28,South,Electronics,Tablet,234.72,1.0,5.0,Credit Card,66.0
ORD14487,2025-03-06,South,Groceries,Juice,187.28,1.0,5.0,Cash,28.0
ORD12830,2025-07-22,East,TOYS,Puzzle,172.09,8.0,0.0, debit card ,45.0
ORD13399,2024-07-20,East,Groceries,Snacks,185.85,5.0,15.0,Debit Card,68.0
ORD12392,2025-01-04,North,Groceries,Snacks,,4.0,0.0,CASH,18.0
ORD13055,2024-05-13,North, groceries ,Pasta,314.46,4.0,15.0, credit card ,48.0
ORD11483,2024-11-17,South,Clothing,T-Shirt,89.99,2.0,5.0,Cash,49.0
ORD13318,2024-02-18,North,Toys,Action Figure,347.81,5.0,0.0,Cash,64.0
ORD12373,2025-04-22,South,Groceries,Juice,476.13,5.0,10.0,Debit Card,66.0
ORD14276,2024-05-31,North,Electronics,Tablet,384.97,9.0,10.0,Cash,53.0
ORD14047,2025-12-15,EAST,Clothing,Jeans,241.95,8.0,0.0,Credit Card,64.0
ORD12367,2025-09-15,South,Electronics,Tablet,228.11,1.0,0.0, debit card ,68.0
ORD13142,2024-09-26,South,Electronics,Smartwatch,119.49,8.0,0.0,Cash,63.0
ORD13982,2024-01-31,West,Furniture,Bookshelf,112.72,6.0,0.0,Debit Card,52.0
ORD12623,2025-01-29, south ,Groceries,Coffee,138.28,8.0,0.0,CREDIT CARD,52.0
ORD11292,2025-01-26,East,Toys,Board Game,12.97,3.0,0.0,Cash,49.0
ORD10852,2025-04-05,North,Furniture,Office Chair,136.26,1.0,20.0,Credit Card,25.0
ORD12814,2024-02-04,East,Toys,Lego Set,213.87,3.0,0.0,Online Wallet,57.0
ORD13150,2024-06-16,WEST,Toys,Puzzle,134.56,5.0,0.0,Credit Card,48.0
ORD13343,2024-06-05,South,Toys,RC Car,256.36,3.0,0.0,Debit Card,22.0
ORD11617,2024-02-22,North,Groceries,Cereal,285.4,1.0,0.0,Credit Card,23.0
ORD12826,2024-07-25,West,Electronics,Tablet,452.3,,0.0,Credit Card,65.0
ORD13177,2025-04-01,North,Groceries,Coffee,257.63,1.0,0.0,Online Wallet,62.0
ORD12614,2025-07-12,SOUTH,Electronics,Tablet,320.84,3.0,20.0,Online Wallet,36.0
ORD14731,2025-12-04, north ,Clothing,Sneakers,229.76,7.0,0.0, online wallet ,36.0
ORD14661,2025-06-22,South,TOYS,RC Car,276.47,2.0,20.0,Online Wallet,47.0
ORD12867,2025-04-17,West,Furniture,Desk,134.31,4.0,0.0,Cash,59.0
ORD14648,2024-01-25,North,Toys,RC Car,437.09,5.0,0.0,Debit Card,58.0
ORD13369,2025-01-07,North,GROCERIES,Pasta,383.18,6.0,0.0,Cash,64.0
ORD11440,2025-08-01,North,Toys,Lego Set,253.35,4.0,0.0,Credit Card,27.0
ORD10140,2024-12-28,South,Furniture,Sofa,,5.0,0.0, debit card ,46.0
ORD11589,2025-03-11,East,Electronics,Smartwatch,24.02,8.0,0.0,Debit Card,66.0
ORD14295,2025-05-18,South,Clothing,Jeans,411.87,5.0,0.0,Credit Card,59.0
ORD14325,2025-02-06,East, clothing ,T-Shirt,366.23,7.0,0.0,Debit Card,42.0
ORD14560,2025-09-26,WEST,Furniture,Bed Frame,303.35,7.0,5.0,Debit Card,
ORD12437,2025-07-31,North,Toys,Board Game,310.07,7.0,0.0,Online Wallet,60.0
ORD13279,2024-07-07,West,Groceries,Cereal,35.39,3.0,10.0,Credit Card,36.0
ORD12211,2025-06-30,North,Clothing,Cap,282.45,3.0,0.0,Online Wallet,45.0
ORD10820,2024-04-11,East,ELECTRONICS,Smartwatch,487.92,4.0,10.0,Debit Card,18.0
ORD14344,2024-05-31,South,ELECTRONICS,Smartwatch,451.1,3.0,0.0,Cash,26.0
ORD12745,2025-04-23,South,Electronics,Smartphone,463.82,1.0,20.0, credit card ,36.0
ORD14563,2025-12-20,South,Toys,Board Game,278.42,9.0,0.0,Online Wallet,43.0
ORD13362,2024-06-23,North,FURNITURE,Bed Frame,126.15,,0.0,Online Wallet,61.0
ORD12532,2024-04-03,North,Groceries,Snacks,30.59,,5.0,Cash,55.0
ORD11136,2024-08-05,South,Toys,Board Game,75.36,3.0,0.0,Cash,18.0
ORD11817,2025-09-28,South, electronics ,Headphones,275.52,5.0,0.0,Credit Card,55.0
ORD10229,2025-11-06,South,Furniture,Office Chair,79.1,7.0,0.0,Cash,66.0
ORD10999,2025-06-18,East,Electronics,Tablet,159.86,1.0,0.0,Credit Card,31.0
ORD12715,2025-04-14,South,Clothing,T-Shirt,76.77,3.0,15.0,Online Wallet,29.0
ORD13785,2024-08-30, south ,Electronics,Smartphone,164.49,2.0,10.0,Credit Card,53.0
ORD13461,2024-03-20,East,Clothing,Jacket,239.89,8.0,15.0, credit card ,36.0
ORD14639,2025-01-07,West,Clothing,Jacket,53.11,2.0,0.0,Debit Card,20.0
ORD12580,2024-03-24,South,Groceries,Juice,225.23,6.0,0.0,Credit Card,54.0
ORD14683,2025-10-01,South,Clothing,Sneakers,210.84,5.0,20.0,Online Wallet,49.0
ORD10024,2024-07-05,West,Electronics,Headphones,97.33,3.0,0.0,Cash,53.0
ORD11118,2025-11-19,West,Toys,Board Game,63.19,3.0,10.0,Online Wallet,20.0
ORD12149,2025-05-04,East,Toys,Puzzle,440.78,,5.0,Credit Card,56.0
ORD10628,2025-09-26, west ,TOYS,Board Game,340.8,9.0,0.0,ONLINE WALLET,46.0
ORD11471,2024-08-07,NORTH,Clothing,Jeans,108.01,5.0,0.0,Debit Card,
ORD10261,2025-07-25,South,Electronics,Headphones,42.83,1.0,10.0,Debit Card,57.0
ORD11388,2024-01-04,North,Electronics,Laptop,144.79,7.0,0.0,CREDIT CARD,25.0
ORD13040,2025-06-26,North,Electronics,Tablet,133.92,6.0,10.0,Debit Card,62.0
ORD14071,2025-06-19,North,Clothing,Jeans,137.67,2.0,10.0,ONLINE WALLET,38.0
ORD12553,2024-10-23,WEST,Electronics,Smartphone,243.31,2.0,5.0,Online Wallet,53.0
ORD12422,2024-12-10, south ,Groceries,Pasta,266.08,2.0,0.0,Online Wallet,56.0
ORD11695,2025-09-15,SOUTH,Toys,Lego Set,305.43,5.0,10.0,Credit Card,
ORD10008,2024-10-22,South, groceries ,Coffee,423.04,2.0,0.0,Online Wallet,43.0
ORD11606,2025-06-26,East,Furniture,Bookshelf,89.9,9.0,0.0,Credit Card,28.0
ORD11066,2025-10-28,South,Furniture,Sofa,413.6,7.0,10.0,Debit Card,
ORD11902,2025-09-24,NORTH,Groceries,Pasta,382.96,7.0,0.0,Cash,37.0
ORD12411,2024-09-27,West,Clothing,Cap,366.07,7.0,0.0,Debit Card,35.0
ORD14997,2025-06-03,South,Groceries,Juice,265.86,5.0,0.0,Credit Card,61.0
ORD11713,2024-12-23,North,Groceries,Pasta,34.1,9.0,0.0,Debit Card,61.0
ORD13061,2025-06-16,West,Groceries,Snacks,12.34,8.0,,Debit Card,39.0
ORD10400,2025-03-31,West,Electronics,Headphones,107.51,4.0,10.0,Credit Card,58.0
ORD14529,2024-09-16,West,GROCERIES,Snacks,348.92,4.0,0.0,Online Wallet,47.0
ORD14577,2024-08-21,North, clothing ,Sneakers,307.14,8.0,10.0, online wallet ,52.0
ORD11994,2025-11-19,West,Electronics,Tablet,190.46,4.0,0.0,CREDIT CARD,66.0
ORD11539,2025-04-19,South,TOYS,Board Game,87.44,2.0,0.0,Online Wallet,40.0
ORD13789,2024-07-11,East,Clothing,Jeans,94.01,4.0,10.0,ONLINE WALLET,23.0
ORD14968,2024-05-15,West,Toys,RC Car,,6.0,10.0,Debit Card,59.0
ORD13811,2024-05-12, west ,Electronics,Smartphone,446.22,7.0,0.0,Cash,29.0
ORD14507,2024-02-07,East,Groceries,Coffee,363.91,9.0,0.0, cash ,49.0
ORD13281,2024-09-13,West,Electronics,Laptop,69.78,1.0,0.0,Debit Card,65.0
ORD10038,2025-01-20, south ,Furniture,Bookshelf,164.66,8.0,0.0,Cash,65.0
ORD12292,2025-04-01,South, clothing ,Jeans,200.67,4.0,10.0,Credit Card,47.0
ORD13388,2025-05-22,WEST,CLOTHING,Sneakers,315.96,4.0,0.0,Cash,32.0
ORD10864,2025-11-19,West,Toys,Action Figure,210.74,6.0,5.0,Online Wallet,50.0
ORD14905,2024-11-13, north ,ELECTRONICS,Headphones,359.07,2.0,0.0,Online Wallet,67.0
ORD14566,2024-04-04,West,Groceries,Pasta,176.21,7.0,10.0,Debit Card,29.0
ORD13829,2025-09-05,South,FURNITURE,Bookshelf,52.13,-7.0,0.0,CASH,39.0
ORD11434,2025-05-22,North,Furniture,Sofa,309.62,1.0,15.0,Credit Card,37.0
ORD12440,2024-07-22,East,Furniture,Office Chair,309.12,7.0,0.0,Debit Card,33.0
ORD12433,2025-02-23,South,Electronics,Headphones,139.44,9.0,0.0,Debit Card,64.0
ORD12375,2024-01-02,East,Furniture,Sofa,395.64,6.0,0.0,Credit Card,55.0
ORD14324,2025-01-15,North,Electronics,Headphones,340.86,1.0,20.0, cash ,35.0
ORD14721,2025-01-27,SOUTH,Groceries,Coffee,352.9,9.0,0.0,Credit Card,39.0
ORD10207,2024-07-24,East,Electronics,Headphones,345.66,4.0,20.0,Online Wallet,60.0
ORD13328,2025-12-26,South,Electronics,Laptop,32.11,1.0,0.0,Online Wallet,53.0
ORD13101,2024-03-06,North,Electronics,Smartwatch,231.37,2.0,0.0,Debit Card,35.0
ORD12568,2024-05-12,North,Furniture,Sofa,249.58,1.0,0.0,Credit Card,24.0
ORD11069,2025-10-01,South,Toys,Board Game,180.72,5.0,0.0,Online Wallet,51.0
ORD13527,2025-07-07,West,Electronics,Laptop,362.06,4.0,5.0,Credit Card,52.0
ORD12096,2025-06-13,South,CLOTHING,T-Shirt,,8.0,10.0,DEBIT CARD,27.0
ORD10890,2024-06-01,North, toys ,Puzzle,,7.0,0.0,CREDIT CARD,31.0
ORD10669,2024-03-19,West,Toys,RC Car,333.2,2.0,10.0,Online Wallet,59.0
ORD10851,2025-09-17,East,Clothing,Jacket,300.04,,0.0,DEBIT CARD,37.0
ORD14804,2024-03-03, west ,Clothing,T-Shirt,451.31,1.0,0.0,Online Wallet,55.0
ORD11654,2024-08-29,East,GROCERIES,Cereal,134.93,3.0,0.0,Online Wallet,55.0
ORD10698,2025-04-16,East,Groceries,Snacks,24.28,8.0,10.0,Credit Card,66.0
ORD14339,2025-03-13,South,Furniture,Office Chair,32.1,8.0,0.0,Online Wallet,58.0
ORD10293,2025-08-18,East, groceries ,Coffee,330.19,4.0,0.0,Online Wallet,61.0
ORD14849,2024-11-02,West,Clothing,Cap,459.92,6.0,0.0,DEBIT CARD,23.0
ORD10894,2024-08-09,NORTH,Furniture,Bed Frame,157.01,7.0,0.0,Debit Card,33.0
ORD12724,2024-11-27,East,Toys,Board Game,49.36,2.0,0.0,Credit Card,38.0
ORD11325,2024-07-14,South,Clothing,T-Shirt,404.94,7.0,0.0,Cash,67.0
ORD12297,2025-05-19, south ,Electronics,Laptop,393.26,2.0,0.0,Debit Card,59.0
ORD10983,2025-11-28,North,TOYS,RC Car,203.44,3.0,0.0,Cash,59.0
ORD11112,2025-03-15, south ,Clothing,Jeans,332.68,8.0,0.0,Credit Card,62.0
ORD10631,2024-09-11,North,Furniture,Desk,470.74,1.0,0.0,Debit Card,
ORD11967,2024-10-24,South,Toys,Board Game,107.5,9.0,5.0, online wallet ,25.0
ORD13782,2024-08-31,West, furniture ,Bookshelf,249.78,9.0,0.0, debit card ,63.0
ORD10212,2024-12-10,East,Electronics,Tablet,346.32,1.0,0.0,Cash,33.0
ORD14669,2024-02-24,West,Furniture,Sofa,26.26,3.0,0.0,Online Wallet,65.0
ORD11609,2025-04-11,South,Furniture,Office Chair,83.59,4.0,5.0, online wallet ,63.0
ORD14983,2024-08-09, north ,Clothing,Cap,97.91,3.0,0.0,CASH,45.0
ORD13004,2025-05-05,South, furniture ,Bed Frame,392.72,7.0,0.0,Credit Card,34.0
ORD11287,2024-06-20,SOUTH,Electronics,Laptop,102.26,6.0,5.0,Online Wallet,44.0
ORD12990,2025-01-05,West,Toys,Board Game,16.29,8.0,0.0,Online Wallet,31.0
ORD13512,2024-03-30,South, groceries ,Pasta,269.18,1.0,0.0,Cash,26.0
ORD12376,2024-09-08,West,Groceries,Coffee,58.86,4.0,0.0,Credit Card,68.0
ORD10198,2024-07-04, east , furniture ,Bookshelf,456.62,3.0,0.0,Online Wallet,38.0
ORD13696,2025-01-23,West,Furniture,Bed Frame,387.13,3.0,15.0, cash ,35.0
ORD14608,2024-06-19,East,Groceries,Coffee,472.05,2.0,10.0,Credit Card,39.0
ORD14049,2024-05-14,NORTH,CLOTHING,Jacket,353.86,3.0,0.0,Credit Card,
ORD14502,2024-01-29,West,TOYS,RC Car,95.85,4.0,0.0, online wallet ,37.0
ORD12666,2025-03-27,West,Clothing,Jeans,232.29,,10.0,Credit Card,58.0
ORD10615,2024-02-12,South,Toys,RC Car,102.14,4.0,0.0,Debit Card,65.0
ORD11442,2025-09-09,North,GROCERIES,Coffee,458.63,4.0,0.0,Credit Card,33.0
ORD14512,2025-04-28,South,Clothing,Jacket,253.4,6.0,0.0,Online Wallet,56.0
ORD12271,2024-02-19,North,Electronics,Tablet,,9.0,20.0, cash ,35.0
ORD13464,2024-01-07,North,Groceries,Pasta,466.85,3.0,0.0,Online Wallet,39.0
ORD10523,2025-02-02,West,Clothing,Sneakers,103.63,7.0,10.0,CREDIT CARD,49.0
ORD14902,2025-05-23,North,Toys,Board Game,397.88,4.0,0.0,Online Wallet,19.0
ORD14381,2024-05-26,South,Toys,Board Game,499.75,,10.0,Debit Card,23.0
ORD11934,2024-11-04,South,FURNITURE,Sofa,219.01,,5.0,Cash,59.0
ORD10570,2025-01-16,East,Groceries,Snacks,77.49,5.0,0.0, online wallet ,63.0
ORD14881,2025-01-02,West,Furniture,Office Chair,369.06,8.0,20.0,Debit Card,61.0
ORD14750,2024-05-07,East, toys ,Board Game,430.21,,0.0,Cash,43.0
ORD13983,2025-04-15,West,Clothing,Cap,33.97,7.0,0.0,Debit Card,36.0
ORD14282,2025-03-30, west ,TOYS,RC Car,107.23,9.0,0.0, debit card ,39.0
ORD13945,2025-07-21,North,Electronics,Smartwatch,342.79,4.0,5.0,Cash,67.0
ORD12631,2024-04-01,East,Furniture,Sofa,78.35,3.0,0.0,Debit Card,34.0
ORD14092,2024-06-11,WEST,Clothing,Jeans,445.8,7.0,0.0,Debit Card,44.0
ORD13171,2024-05-21,East,Furniture,Office Chair,123.74,6.0,0.0, cash ,66.0
ORD12876,2024-01-28,East, clothing ,Jacket,148.43,8.0,0.0,DEBIT CARD,33.0
ORD14782,2025-07-08,North,Furniture,Bed Frame,153.14,9.0,0.0,Debit Card,50.0
ORD13576,2024-11-10, south ,Electronics,Smartphone,286.42,3.0,0.0,Credit Card,18.0
ORD13626,2024-08-28,South,Groceries,Snacks,234.31,5.0,0.0,Online Wallet,61.0
ORD11569,2024-02-17,EAST,Electronics,Headphones,187.6,3.0,0.0,Debit Card,52.0
ORD14256,2024-04-25,North,Clothing,Sneakers,153.01,3.0,0.0,Online Wallet,61.0
ORD10821,2025-02-15,East,Clothing,Jacket,491.33,9.0,5.0,ONLINE WALLET,20.0
ORD13488,2025-12-01,West,Clothing,T-Shirt,100.23,4.0,0.0,Credit Card,20.0
ORD13297,2024-06-20,South, clothing ,Sneakers,213.74,7.0,0.0,Debit Card,62.0
ORD11204,2025-01-28,North,Clothing,Cap,147.96,1.0,0.0,Credit Card,27.0
ORD14053,2025-05-11,West,Electronics,Tablet,19.61,2.0,0.0, credit card ,49.0
ORD14944,2024-09-08,West,Toys,RC Car,311.5,3.0,0.0,Credit Card,28.0
ORD12446,2025-02-17,South,Clothing,Sneakers,478.05,2.0,0.0,Online Wallet,23.0
ORD13000,2025-03-23,South,Electronics,Smartphone,63.67,5.0,0.0,Debit Card,54.0
ORD11664,2025-10-02,EAST,Clothing,Sneakers,62.14,9.0,0.0,Debit Card,54.0
ORD12439,2024-05-09,South,Furniture,Bookshelf,396.98,6.0,0.0,Cash,34.0
ORD12939,2025-08-02,East,Electronics,Headphones,327.49,7.0,5.0,Debit Card,44.0
ORD13335,2025-12-22,North,Clothing,Sneakers,209.61,9.0,15.0, debit card ,60.0
ORD13682,2024-07-05,SOUTH, groceries ,Pasta,64.54,4.0,0.0,Debit Card,55.0
ORD14137,2024-10-24, west ,Furniture,Bed Frame,178.03,5.0,0.0,Online Wallet,32.0
ORD12085,2024-06-03,East,Toys,Puzzle,160.96,6.0,,Cash,59.0
ORD12509,2024-12-01,South,Clothing,Sneakers,76.88,5.0,0.0, credit card ,55.0
ORD12307,2025-08-14,South,Clothing,Jacket,348.77,1.0,0.0,Online Wallet,34.0
ORD13823,2025-11-16,East,Clothing,Jacket,251.48,3.0,0.0,Debit Card,32.0
ORD11645,2024-05-28,West, electronics ,Headphones,216.57,3.0,0.0,Debit Card,43.0
ORD14285,2024-11-24,South,Clothing,Jeans,137.14,3.0,0.0,Cash,63.0
ORD14436,2025-05-28,East,Groceries,Pasta,158.07,9.0,0.0,Online Wallet,47.0
ORD14939,2025-10-14,North,Furniture,Bookshelf,474.73,7.0,5.0,Cash,30.0
ORD10750,2025-06-13,South,Electronics,Smartwatch,54.78,5.0,0.0,Cash,68.0
ORD12420,2024-09-02,North,Groceries,Pasta,418.61,3.0,0.0, online wallet ,24.0
ORD11161,2024-06-11,East,Electronics,Laptop,223.56,6.0,0.0,Cash,55.0
ORD12596,2025-01-10,South, toys ,Lego Set,228.34,,10.0, online wallet ,23.0
ORD12885,2025-05-30,NORTH,CLOTHING,Sneakers,89.12,5.0,0.0,Debit Card,47.0
ORD12570,2025-07-22,North,CLOTHING,Sneakers,430.48,8.0,0.0,Online Wallet,
ORD14714,2025-01-22,East,Groceries,Pasta,,3.0,10.0,Debit Card,
ORD12074,2024-10-03,West, electronics ,Tablet,357.74,1.0,10.0,Debit Card,68.0
ORD10277,2024-08-16,West,Groceries,Coffee,84.24,8.0,0.0,Credit Card,20.0
ORD10158,2024-06-01,South,Clothing,Cap,372.96,4.0,0.0,Online Wallet,46.0
ORD14287,2025-04-30,South,Groceries,Cereal,108.49,2.0,0.0,Debit Card,45.0
ORD11146,2025-06-16, north ,Clothing,Cap,292.81,3.0,0.0,Credit Card,21.0
ORD10294,2024-06-11,EAST,Furniture,Sofa,141.43,8.0,20.0,Online Wallet,48.0
ORD14016,2025-10-28,South,Clothing,Jacket,401.97,6.0,,Credit Card,35.0
ORD10977,2025-08-26, west ,Clothing,Cap,,9.0,,Cash,32.0
ORD10259,2025-09-15, west ,Groceries,Snacks,369.99,8.0,10.0,Credit Card,69.0
ORD12206,2024-09-30,WEST,Toys,RC Car,401.97,1.0,0.0,Credit Card,50.0
ORD13200,2025-02-22,East,Furniture,Bookshelf,39.66,2.0,0.0, online wallet ,36.0
ORD11761,2024-10-20, south ,FURNITURE,Desk,203.11,2.0,0.0,Credit Card,46.0
ORD13018,2025-11-15,North,Furniture,Office Chair,430.88,5.0,5.0,Cash,51.0
ORD12639,2025-10-28,East,Groceries,Coffee,359.04,5.0,0.0,Cash,45.0
ORD11168,2025-12-19,NORTH,Toys,RC Car,240.3,7.0,0.0,Debit Card,58.0
ORD12314,2024-07-09,West,Furniture,Sofa,91.32,6.0,0.0,Online Wallet,35.0
ORD12893,2024-10-07,West,Furniture,Bed Frame,44.95,4.0,0.0,Debit Card,
ORD13324,2024-04-28, north ,Clothing,Cap,378.15,,15.0,Online Wallet,57.0
ORD10413,2024-02-13,SOUTH,Furniture,Bed Frame,10.99,4.0,0.0,Online Wallet,45.0
ORD13774,2025-02-04,West,Clothing,Jeans,177.45,1.0,0.0,Online Wallet,51.0
ORD13070,2024-08-06,South,Groceries,Juice,262.43,2.0,0.0,Credit Card,50.0
ORD14765,2024-07-07,South,Groceries,Pasta,350.33,2.0,0.0,Credit Card,20.0
ORD11369,2024-10-11,East,Electronics,Laptop,73.19,5.0,0.0,Online Wallet,23.0
ORD14079,2024-07-12,North,Toys,Board Game,,6.0,0.0,ONLINE WALLET,26.0
ORD10904,2025-05-18,East,Clothing,Jeans,490.64,8.0,10.0,Credit Card,35.0
ORD12530,2024-05-25,South,Furniture,Desk,235.97,4.0,0.0, cash ,54.0
ORD10513,2024-06-03,East,TOYS,Board Game,370.03,8.0,10.0,Credit Card,52.0
ORD10067,2024-12-13, north ,Electronics,Laptop,481.28,1.0,0.0,Credit Card,55.0
ORD12585,2025-12-19,South,Electronics,Headphones,431.58,5.0,0.0,Credit Card,28.0
ORD14273,2025-08-23,West,Electronics,Laptop,,7.0,0.0,Debit Card,20.0
ORD12081,2025-08-02, south ,Furniture,Sofa,136.9,3.0,15.0, credit card ,35.0
ORD11314,2024-05-12,South,Toys,Board Game,465.75,4.0,0.0,Debit Card,46.0
ORD13620,2025-01-01,West,Clothing,T-Shirt,366.6,2.0,0.0,Online Wallet,23.0
ORD11726,2025-04-11,West,Furniture,Desk,493.46,5.0,0.0,CREDIT CARD,43.0
ORD12357,2024-01-29,North,TOYS,Puzzle,333.54,8.0,10.0,Debit Card,
ORD14113,2024-11-12,East,Furniture,Bookshelf,248.64,3.0,5.0,Credit Card,22.0
ORD14530,2024-05-18,North,Groceries,Snacks,365.49,7.0,0.0,Online Wallet,66.0
ORD13310,2024-11-26,South, furniture ,Bookshelf,119.43,5.0,0.0,Cash,55.0
ORD11790,2025-12-21,West,Groceries,Coffee,425.85,9.0,0.0,Credit Card,68.0
ORD14776,2025-02-16,West,ELECTRONICS,Smartwatch,441.77,4.0,0.0,Online Wallet,57.0
ORD13951,2024-12-08,South,Toys,Puzzle,303.13,8.0,0.0,Debit Card,38.0
ORD14305,2024-04-20,South,Toys,Lego Set,283.95,7.0,0.0,Online Wallet,43.0
ORD14077,2025-02-28,North,Toys,Puzzle,483.41,7.0,0.0,Online Wallet,22.0
ORD14262,2025-06-29,South,Toys,Action Figure,39.42,9.0,20.0,Cash,20.0
ORD14687,2024-02-28,South,GROCERIES,Cereal,61.84,1.0,0.0,Cash,40.0
ORD12173,2025-01-02,East,Electronics,Tablet,,1.0,5.0,CREDIT CARD,33.0
ORD11936,2024-09-17,West,ELECTRONICS,Smartphone,338.75,6.0,0.0,Online Wallet,34.0
ORD12116,2025-03-22,West,Clothing,Cap,419.01,6.0,0.0,Online Wallet,43.0
ORD13768,2024-06-23,North,Electronics,Laptop,250.4,8.0,0.0,Cash,38.0
ORD11397,2025-10-30,NORTH,FURNITURE,Sofa,423.13,1.0,0.0,Credit Card,31.0
ORD11244,2025-02-22, south ,Electronics,Headphones,422.47,8.0,5.0,Credit Card,48.0
ORD14033,2024-03-29,North,TOYS,Puzzle,14.7,9.0,0.0,Debit Card,26.0
ORD10149,2024-05-16,East,Furniture,Bed Frame,100.34,8.0,20.0,Cash,46.0
ORD11172,2025-05-24,East,Groceries,Pasta,21.24,3.0,10.0,Cash,47.0
ORD12348,2024-12-14,East,GROCERIES,Snacks,22.56,5.0,0.0,Online Wallet,32.0
ORD11192,2024-11-27,South,Toys,Lego Set,197.48,8.0,20.0,Online Wallet,24.0
ORD10184,2024-03-12,North,Clothing,Cap,,2.0,0.0, cash ,55.0
ORD10887,2025-05-12,West,Groceries,Coffee,12.88,2.0,0.0,Cash,49.0
ORD10920,2024-11-19,East, clothing ,Jeans,277.19,5.0,0.0, debit card ,50.0
ORD11818,2025-04-25,North,Electronics,Smartphone,261.22,8.0,20.0,Debit Card,38.0
ORD11487,2024-05-15,South,Furniture,Bed Frame,462.69,4.0,5.0,Online Wallet,67.0
ORD12926,2025-08-05, south ,Clothing,Jacket,140.23,5.0,15.0, debit card ,68.0
ORD14284,2024-04-02,West,Clothing,Sneakers,286.18,4.0,0.0, debit card ,42.0
ORD13593,2024-01-22,West,Groceries,Cereal,156.3,8.0,20.0,CREDIT CARD,50.0
ORD11872,2024-04-26,South,Clothing,Jacket,147.24,2.0,0.0,Online Wallet,34.0
ORD14526,2024-11-15,West,Furniture,Bed Frame,,2.0,0.0,Credit Card,37.0
ORD14391,2024-12-10,NORTH,FURNITURE,Desk,475.94,7.0,0.0,Credit Card,52.0
ORD10667,2024-09-30, south ,Furniture,Desk,145.23,,0.0,Cash,32.0
ORD12899,2025-06-07,South,Groceries,Coffee,251.14,2.0,0.0,Cash,52.0
ORD13426,2024-03-30,South,Toys,Lego Set,325.15,3.0,0.0,Credit Card,39.0
ORD10672,2024-03-13,West,Furniture,Sofa,381.2,2.0,0.0,Online Wallet,40.0
ORD11908,2025-02-09,South,Clothing,Jacket,25.92,7.0,0.0,Credit Card,58.0
ORD12108,2024-01-03,North,ELECTRONICS,Laptop,155.51,3.0,10.0,Online Wallet,24.0
ORD11646,2024-07-18,North,GROCERIES,Snacks,471.67,7.0,0.0,Debit Card,44.0
ORD12035,2024-08-03,North,Clothing,Jeans,419.88,8.0,0.0,Credit Card,36.0
ORD11681,2024-09-26,West,Groceries,Juice,237.56,1.0,0.0,ONLINE WALLET,42.0
ORD12231,2025-01-13,North,Toys,RC Car,456.47,7.0,0.0,Online Wallet,43.0
ORD10264,2025-03-10,North,Clothing,T-Shirt,40.27,8.0,0.0,Online Wallet,38.0
ORD13299,2025-01-15,SOUTH,Furniture,Desk,,8.0,0.0,Online Wallet,47.0
ORD11323,2025-08-17,North,Electronics,Headphones,30.88,6.0,0.0,Credit Card,47.0
ORD12504,2025-09-01,WEST, clothing ,Sneakers,415.2,4.0,0.0,Online Wallet,60.0
ORD10596,2024-06-30,South,Groceries,Cereal,303.56,2.0,0.0,DEBIT CARD,37.0
ORD10092,2024-09-30,North,Clothing,Sneakers,226.47,3.0,0.0,Online Wallet,42.0
ORD11411,2025-11-18,East,Clothing,Jacket,436.74,4.0,0.0,Cash,54.0
ORD13470,2024-08-12,South,Toys,Board Game,376.11,4.0,0.0,Credit Card,33.0
ORD14766,2025-05-08,SOUTH,Clothing,Cap,108.63,8.0,0.0, cash ,33.0
ORD13030,2025-09-26,West,Furniture,Sofa,325.21,4.0,0.0, cash ,49.0
ORD10409,2024-09-08,East,Electronics,Tablet,497.44,9.0,0.0,Credit Card,42.0
ORD11691,2025-11-14, north ,Clothing,T-Shirt,52.15,6.0,15.0,Debit Card,49.0
ORD10209,2025-01-18,East,Groceries,Juice,70.69,4.0,5.0,DEBIT CARD,25.0
ORD14040,2024-11-02,West,Groceries,Cereal,243.13,3.0,0.0,Debit Card,37.0
ORD12696,2024-03-21,East,GROCERIES,Cereal,296.77,3.0,0.0,Online Wallet,52.0
ORD12250,2025-11-27,East, furniture ,Bed Frame,201.77,3.0,5.0,Cash,53.0
ORD12395,2024-06-19,South,Electronics,Smartphone,198.19,1.0,10.0,Online Wallet,52.0
ORD13966,2025-03-02, west ,Groceries,Pasta,439.12,3.0,5.0, cash ,46.0
ORD11500,2025-08-06,North,Groceries,Pasta,430.95,3.0,5.0,Credit Card,61.0
ORD12291,2024-10-07,North,Furniture,Bookshelf,17.88,5.0,5.0,Cash,64.0
ORD14061,2024-03-16,South,Furniture,Office Chair,440.72,3.0,0.0, cash ,43.0
ORD11084,2024-12-29,South,Clothing,Jeans,152.54,9.0,0.0,Online Wallet,20.0
ORD11267,2024-01-29,East,Groceries,Snacks,12.42,5.0,0.0,ONLINE WALLET,60.0
ORD11109,2025-03-23, west ,Clothing,T-Shirt,352.14,7.0,0.0,Online Wallet,59.0
ORD13547,2024-04-01,South,Toys,Board Game,369.77,4.0,10.0,Online Wallet,29.0
ORD12749,2024-05-24, east ,Toys,Puzzle,422.6,7.0,5.0,Online Wallet,54.0
ORD12978,2024-11-23,South,Clothing,Cap,449.25,3.0,5.0,Online Wallet,45.0
ORD13454,2024-04-27,East,Furniture,Bed Frame,341.54,5.0,0.0,Online Wallet,60.0
ORD13933,2024-07-21,South,Electronics,Smartphone,386.69,5.0,,Debit Card,37.0
ORD10634,2025-06-24,East,TOYS,Lego Set,143.77,5.0,0.0,Online Wallet,56.0
ORD13667,2025-12-06,West,Clothing,Jacket,471.11,5.0,0.0,Credit Card,48.0
ORD12882,2025-04-14,West,Electronics,Headphones,6.98,2.0,10.0,Debit Card,53.0
ORD13437,2025-09-25,West,Clothing,Jacket,365.78,2.0,0.0,Debit Card,57.0
ORD13679,2025-04-19,West,Electronics,Headphones,254.46,7.0,10.0,Credit Card,42.0
ORD12315,2025-03-08,West,Toys,Lego Set,364.65,2.0,0.0, credit card ,44.0
ORD13322,2024-11-18,SOUTH,Groceries,Snacks,386.19,2.0,5.0, credit card ,63.0
ORD12232,2024-06-28,East,Electronics,Laptop,21.43,6.0,0.0,Credit Card,50.0
ORD12162,2024-04-19,South,Toys,RC Car,116.16,5.0,10.0,Debit Card,24.0
ORD13107,2025-07-16,North,Toys,Board Game,351.3,7.0,5.0,Cash,49.0
ORD10809,2025-11-23,North,Toys,Puzzle,286.65,8.0,0.0,Credit Card,57.0
ORD13170,2025-07-03,North,Furniture,Bookshelf,294.04,3.0,0.0,Online Wallet,26.0
ORD13028,2025-01-04,EAST, toys ,RC Car,128.11,3.0,20.0,Credit Card,45.0
ORD12875,2024-12-27,North,Furniture,Sofa,115.5,4.0,5.0,Online Wallet,23.0
ORD13254,2025-09-24,South,Electronics,Headphones,307.57,8.0,10.0,Debit Card,26.0
ORD13332,2024-09-29,West,Toys,RC Car,389.88,-1.0,0.0,Cash,55.0
ORD13029,2024-03-09,East,Furniture,Office Chair,487.73,9.0,0.0,Online Wallet,21.0
ORD14970,2025-09-27,North,Clothing,Jacket,357.6,5.0,0.0,Online Wallet,22.0
ORD14718,2025-11-04, north ,Toys,RC Car,111.21,3.0,0.0,Cash,27.0
ORD14045,2024-06-04,South,Clothing,Jeans,141.15,8.0,10.0,Cash,29.0
ORD10051,2024-12-01,West,Toys,Lego Set,323.0,,10.0,Online Wallet,44.0
ORD12353,2024-05-26,East,Clothing,Sneakers,47.04,2.0,10.0,Credit Card,55.0
ORD14833,2024-11-23,EAST, electronics ,Tablet,41.41,6.0,0.0,Credit Card,57.0
ORD13618,2024-05-28,WEST,Electronics,Smartphone,426.37,3.0,0.0,Debit Card,49.0
ORD12128,2025-04-14,West,GROCERIES,Cereal,237.21,6.0,0.0,Cash,30.0
ORD14288,2024-04-30,NORTH,Furniture,Sofa,148.34,8.0,0.0,Credit Card,20.0
ORD11037,2024-09-13,South,Groceries,Coffee,,8.0,10.0,Credit Card,52.0
ORD14793,2024-05-03,South,Toys,Puzzle,278.78,5.0,0.0,Online Wallet,39.0
ORD12774,2024-08-25,East,Clothing,Jeans,,4.0,0.0,Online Wallet,55.0
ORD10369,2024-05-26,North,ELECTRONICS,Headphones,159.39,3.0,0.0,Credit Card,64.0
ORD13154,2025-11-07,South,Toys,Puzzle,384.34,2.0,0.0,Online Wallet,27.0
ORD11969,2024-07-25,West,Groceries,Cereal,37.47,6.0,0.0,Online Wallet,57.0
ORD13268,2024-03-07,West,Clothing,Jacket,356.87,2.0,0.0,Online Wallet,41.0
ORD12713,2024-04-18,South,Clothing,Jeans,200.67,9.0,5.0, credit card ,64.0
ORD11482,2025-08-01,East,Groceries,Coffee,318.49,1.0,0.0,Debit Card,40.0
ORD11362,2024-01-10,WEST,Toys,Puzzle,421.26,4.0,10.0,Debit Card,53.0
ORD11514,2024-12-24,West,ELECTRONICS,Smartphone,34.51,1.0,0.0,Cash,69.0
ORD12152,2024-03-11,West,Toys,RC Car,66.38,8.0,20.0,Debit Card,31.0
ORD13535,2024-02-12,South,Clothing,Cap,300.48,8.0,0.0,Cash,62.0
ORD14462,2024-03-27,North,TOYS,Lego Set,365.55,4.0,0.0,Cash,24.0
ORD10112,2025-11-26,West,Groceries,Pasta,253.63,8.0,0.0,Cash,21.0
ORD14331,2024-11-09,South,Toys,Board Game,464.01,6.0,0.0,Debit Card,47.0
ORD10168,2025-07-10, east ,Electronics,Smartwatch,350.25,4.0,0.0,Debit Card,24.0
ORD12322,2024-10-24,East,Electronics,Smartphone,222.31,8.0,0.0,Online Wallet,21.0
ORD14060,2025-06-08,South,CLOTHING,T-Shirt,462.23,6.0,0.0,Credit Card,51.0
ORD11599,2024-06-28,East,ELECTRONICS,Smartphone,329.84,6.0,0.0,Credit Card,61.0
ORD10575,2024-09-07,North,ELECTRONICS,Smartphone,469.57,7.0,0.0,Credit Card,64.0
ORD14588,2024-09-23,SOUTH,Clothing,Cap,69.25,1.0,5.0,Credit Card,65.0
ORD14446,2024-12-26,SOUTH,Electronics,Laptop,5.79,4.0,0.0,Cash,31.0
ORD14393,2025-12-02,East,Groceries,Pasta,493.02,9.0,0.0,DEBIT CARD,19.0
ORD12879,2024-02-18,South,FURNITURE,Bookshelf,450.69,4.0,10.0, online wallet ,51.0
ORD12602,2024-06-13,East,Electronics,Headphones,372.69,1.0,0.0,Cash,36.0
ORD14118,2025-09-03,North,Toys,Puzzle,95.25,1.0,0.0, online wallet ,69.0
ORD10160,2025-05-31, west ,Furniture,Bookshelf,33.63,7.0,10.0, cash ,37.0
ORD11245,2025-04-22,North,Electronics,Laptop,55.04,3.0,0.0,CREDIT CARD,61.0
ORD11354,2024-01-11,East,Clothing,Jacket,445.7,9.0,0.0,Cash,20.0
ORD11289,2024-08-22,East,Toys,Lego Set,403.03,1.0,0.0,Credit Card,63.0
ORD13141,2025-07-08,East, clothing ,Jacket,403.46,7.0,0.0,Credit Card,22.0
ORD10139,2025-03-30, west , clothing ,Jeans,288.78,1.0,0.0,Online Wallet,63.0
ORD11157,2024-05-25,South,GROCERIES,Snacks,492.3,9.0,0.0,Online Wallet,60.0
ORD13450,2024-08-26,South,Electronics,Smartphone,337.78,9.0,15.0,Online Wallet,52.0
ORD13537,2024-08-26,West,Clothing,Jeans,366.4,9.0,,Online Wallet,51.0
ORD14358,2024-04-28,North,Groceries,Snacks,189.49,4.0,10.0, cash ,44.0
ORD13542,2025-05-21, west ,Clothing,T-Shirt,223.43,9.0,0.0,DEBIT CARD,31.0
ORD13326,2025-06-22,West,Toys,Action Figure,201.22,9.0,0.0,Credit Card,49.0
ORD14133,2024-11-06,South,Clothing,Jacket,171.43,9.0,0.0,Online Wallet,20.0
ORD11115,2024-07-02,West,Clothing,Sneakers,78.31,4.0,0.0,Credit Card,60.0
ORD12483,2024-01-22,WEST,Groceries,Juice,312.75,3.0,20.0,Cash,
ORD10853,2025-01-08,West,Groceries,Snacks,494.3,9.0,0.0,CREDIT CARD,20.0
ORD14778,2024-05-11,East, groceries ,Juice,254.53,8.0,0.0,Cash,33.0
ORD14515,2025-03-23,East, toys ,RC Car,159.51,4.0,0.0,Credit Card,30.0
ORD12435,2025-01-09,West,CLOTHING,T-Shirt,87.76,6.0,0.0,Credit Card,61.0
ORD14653,2025-12-27,East,Toys,Puzzle,397.5,6.0,0.0,Online Wallet,45.0
ORD14403,2024-09-20,East, furniture ,Bed Frame,310.6,8.0,0.0,Online Wallet,21.0
ORD12258,2025-08-15,South,Groceries,Juice,25.29,6.0,0.0,Credit Card,38.0
ORD10053,2025-02-20,North,Groceries,Cereal,327.48,2.0,0.0,Debit Card,52.0
ORD12827,2024-01-27,East,Furniture,Bookshelf,79.81,7.0,0.0,Cash,27.0
ORD11493,2024-05-14,North,Furniture,Sofa,446.07,7.0,0.0,CASH,64.0
ORD12705,2024-04-01, west ,Groceries,Juice,482.61,3.0,0.0,Cash,38.0
ORD12434,2024-02-23,North,Furniture,Bookshelf,414.31,2.0,10.0,Debit Card,64.0
ORD14581,2025-05-27,West,Furniture,Desk,115.21,1.0,0.0,Online Wallet,61.0
ORD12177,2025-12-27,East,Electronics,Laptop,101.15,5.0,0.0,Online Wallet,56.0
ORD12194,2025-04-25,West,Toys,Board Game,421.64,9.0,5.0,Credit Card,41.0
ORD13735,2025-06-06,West,CLOTHING,Jacket,165.58,6.0,0.0,Cash,69.0
ORD10161,2025-05-04,North,Furniture,Office Chair,260.05,2.0,0.0,Online Wallet,20.0
ORD10619,2025-10-27,West,Clothing,Cap,386.37,3.0,15.0,Debit Card,41.0
ORD10995,2025-06-03,North,Groceries,Juice,167.49,5.0,10.0,Debit Card,33.0
ORD13737,2025-09-06,South, furniture ,Sofa,323.78,1.0,20.0,Cash,39.0
ORD14123,2025-04-01,North,Groceries,Juice,421.45,1.0,0.0,Online Wallet,54.0
ORD11601,2024-12-03,West,Clothing,Sneakers,34.81,2.0,,Cash,33.0
ORD12841,2024-10-30,West,Electronics,Laptop,451.91,8.0,0.0,Debit Card,25.0
ORD12557,2025-11-16,WEST,Toys,Action Figure,443.36,9.0,0.0,Online Wallet,20.0
ORD11212,2025-09-17,North,Furniture,Bookshelf,331.89,2.0,0.0,Debit Card,32.0
ORD14119,2024-12-24,West,Electronics,Laptop,218.43,7.0,0.0,Online Wallet,60.0
ORD10167,2024-08-03,South,Toys,Puzzle,399.73,8.0,0.0,Cash,65.0
ORD13145,2025-01-07,North,Furniture,Office Chair,127.3,9.0,0.0,CASH,29.0
ORD12001,2025-02-10, south ,Clothing,Sneakers,40.78,5.0,10.0,Debit Card,24.0
ORD13849,2025-08-19,SOUTH,Clothing,Sneakers,291.41,9.0,0.0,Credit Card,44.0
ORD14975,2024-02-01,West,Toys,RC Car,342.82,1.0,0.0, credit card ,33.0
ORD14500,2024-01-03,East, clothing ,Cap,355.65,1.0,0.0,Cash,39.0
ORD14830,2024-03-26,West,Groceries,Pasta,242.61,3.0,0.0,Cash,69.0
ORD14032,2024-11-09,East,Clothing,T-Shirt,281.57,6.0,0.0,Debit Card,42.0
ORD14991,2025-05-10,South,Clothing,T-Shirt,86.35,6.0,0.0,Credit Card,64.0
ORD13591,2024-12-24,North, electronics ,Laptop,40.24,3.0,0.0, cash ,40.0
ORD14811,2024-12-15,SOUTH,Furniture,Office Chair,83.09,9.0,0.0,Cash,44.0
ORD12765,2024-02-01,East,Furniture,Desk,299.69,7.0,0.0,Debit Card,24.0
ORD12828,2025-11-07,South,ELECTRONICS,Headphones,202.95,1.0,20.0,Cash,24.0
ORD10663,2024-02-04,West,GROCERIES,Pasta,448.8,4.0,0.0,Credit Card,60.0
ORD10515,2024-11-04,West,TOYS,Lego Set,487.79,1.0,0.0,DEBIT CARD,47.0
ORD14657,2024-03-10,West,Furniture,Office Chair,10.24,6.0,15.0,Debit Card,48.0
ORD12709,2024-02-14,North, toys ,Action Figure,388.11,5.0,20.0,Debit Card,30.0
ORD10356,2024-05-04,South, clothing ,Jeans,231.97,5.0,10.0,Credit Card,59.0
ORD12866,2025-04-30,East, toys ,Lego Set,39.3,4.0,0.0,Cash,66.0
ORD11431,2024-09-13,South,Groceries,Cereal,39.6,9.0,0.0,Credit Card,26.0
ORD14647,2024-03-08,NORTH,Clothing,Cap,185.76,9.0,0.0,Cash,66.0
ORD13341,2025-07-26,East,Electronics,Laptop,467.43,-8.0,0.0,Online Wallet,33.0
ORD12710,2025-08-03,East,GROCERIES,Snacks,494.83,2.0,20.0,Online Wallet,48.0
ORD14195,2025-12-22,West,Electronics,Tablet,205.69,2.0,0.0,Cash,19.0
ORD10529,2025-01-21, south ,ELECTRONICS,Laptop,447.52,1.0,5.0,Credit Card,22.0
ORD13320,2024-07-18,South, furniture ,Bookshelf,178.24,3.0,0.0,Debit Card,66.0
ORD12286,2024-06-27, south ,Toys,Action Figure,268.04,4.0,15.0, cash ,52.0
ORD10059,2025-03-30,North,Clothing,Sneakers,478.62,4.0,0.0,Cash,33.0
ORD10948,2024-02-03,South,Electronics,Laptop,,1.0,0.0,Cash,63.0
ORD13904,2024-10-22,East,Toys,RC Car,80.93,4.0,0.0,Credit Card,49.0
ORD13815,2025-06-13, north ,Electronics,Tablet,315.5,6.0,0.0,Credit Card,64.0
ORD10281,2025-11-28,North,Clothing,Jacket,187.31,-4.0,5.0,Online Wallet,52.0
ORD11183,2024-09-19, west ,Furniture,Bookshelf,489.97,2.0,10.0,Cash,50.0
ORD13348,2025-12-23,North,Furniture,Bed Frame,59.28,7.0,0.0, cash ,28.0
ORD11629,2025-01-21,East, clothing ,Cap,16.94,2.0,0.0,Online Wallet,27.0
ORD12782,2024-01-29,West, toys ,Action Figure,348.61,6.0,0.0,Online Wallet,22.0
ORD14410,2025-10-01,North, furniture ,Bed Frame,398.01,6.0,0.0, online wallet ,66.0
ORD14812,2024-11-19,West, toys ,Board Game,241.36,6.0,0.0,Cash,56.0
ORD13769,2024-10-06, east ,Clothing,Sneakers,327.86,2.0,0.0,Debit Card,43.0
ORD14931,2024-08-23,West,Clothing,Cap,393.06,5.0,0.0,Cash,69.0
ORD14354,2025-10-05,South, clothing ,Jeans,479.23,6.0,0.0,Cash,31.0
ORD10451,2024-02-28,West,Electronics,Laptop,300.85,4.0,15.0,Debit Card,42.0
ORD13575,2024-08-15,North,Clothing,Cap,469.52,1.0,0.0,Debit Card,56.0
ORD11326,2025-06-14,South,Groceries,Snacks,417.47,4.0,0.0,Debit Card,33.0
ORD13229,2025-03-22,East,Electronics,Smartphone,434.98,2.0,0.0,Cash,19.0
ORD12732,2024-09-15, north , electronics ,Smartwatch,389.56,,0.0,Online Wallet,21.0
ORD12901,2024-04-26,South,ELECTRONICS,Laptop,386.83,9.0,0.0,Credit Card,54.0
ORD13888,2025-09-10,West,Furniture,Bookshelf,34.74,6.0,0.0,CASH,51.0
ORD11276,2025-10-29,West,Furniture,Bookshelf,202.43,7.0,0.0,Credit Card,60.0
ORD11283,2024-07-22,South,GROCERIES,Coffee,416.93,3.0,0.0,ONLINE WALLET,41.0
ORD13676,2025-11-27,WEST,TOYS,Lego Set,69.65,9.0,0.0,Cash,25.0
ORD14780,2024-12-05,East,Furniture,Bed Frame,463.33,8.0,0.0,Online Wallet,58.0
ORD11530,2024-06-10,North,Electronics,Laptop,331.68,8.0,0.0,Cash,43.0
ORD13758,2024-03-02,North,Furniture,Desk,354.55,4.0,0.0,Cash,59.0
ORD10805,2024-06-16,North,Clothing,Sneakers,359.72,3.0,0.0,Online Wallet,42.0
ORD14825,2025-11-09,EAST,Electronics,Tablet,94.81,9.0,5.0,Credit Card,28.0
ORD11529,2024-02-12,East,Toys,Lego Set,424.23,4.0,10.0,Online Wallet,62.0
ORD12554,2025-12-01, east ,Electronics,Smartwatch,266.8,,5.0,Online Wallet,27.0
ORD14497,2025-09-03,West,Furniture,Desk,381.74,1.0,0.0,Debit Card,53.0
ORD13991,2024-09-03,East,TOYS,RC Car,94.33,6.0,0.0,CREDIT CARD,55.0
ORD10049,2024-07-22,North,Electronics,Tablet,13.49,5.0,0.0,Credit Card,47.0
ORD11570,2025-05-03,East,ELECTRONICS,Smartphone,470.39,2.0,10.0,Online Wallet,31.0
ORD12691,2024-08-10,North,Toys,Board Game,170.31,9.0,0.0,Credit Card,53.0
ORD11558,2025-05-26,NORTH,Groceries,Snacks,358.6,6.0,0.0,Debit Card,63.0
ORD13054,2024-01-30,East,Clothing,Jeans,175.29,6.0,0.0,Debit Card,67.0
ORD11746,2024-07-05,West,Furniture,Desk,437.66,7.0,10.0,CREDIT CARD,55.0
ORD10801,2025-02-21,South,Furniture,Bookshelf,421.6,6.0,10.0,Debit Card,49.0
ORD14475,2024-01-04, west ,Toys,Action Figure,432.83,3.0,10.0,Cash,56.0
ORD11367,2024-03-31, south , clothing ,Sneakers,,2.0,20.0,Cash,44.0
ORD11310,2025-07-26,North,FURNITURE,Office Chair,415.44,1.0,5.0,ONLINE WALLET,65.0
ORD14069,2025-04-03,East,Electronics,Tablet,295.32,2.0,0.0,Debit Card,59.0
ORD12897,2025-11-17,East,FURNITURE,Desk,344.41,3.0,0.0,Online Wallet,47.0
ORD10424,2025-06-19,West,Clothing,Cap,179.54,4.0,0.0, credit card ,66.0
ORD14898,2025-04-08,North,Toys,Action Figure,73.01,8.0,0.0,Cash,43.0
ORD13660,2024-07-15,South,Furniture,Office Chair,365.22,5.0,10.0,Cash,59.0
ORD10000,2024-04-16,East,Groceries,Pasta,390.95,5.0,0.0,CASH,40.0
ORD14301,2025-09-24, west ,Clothing,Jacket,31.28,5.0,0.0,Debit Card,59.0
ORD13529,2025-08-15,EAST,CLOTHING,Sneakers,297.5,1.0,0.0, credit card ,55.0
ORD13457,2025-12-19,South,Furniture,Bed Frame,318.27,7.0,10.0,Credit Card,55.0
ORD14441,2024-07-22,West, clothing ,Jeans,171.36,4.0,0.0,Debit Card,29.0
ORD14492,2025-01-24,West,Groceries,Pasta,105.23,2.0,0.0,Online Wallet,66.0
ORD10976,2025-11-30,South, toys ,Puzzle,340.45,3.0,0.0,Debit Card,20.0
ORD12034,2025-02-20,West,Groceries,Snacks,28.88,2.0,0.0,Online Wallet,46.0
ORD11269,2025-04-21,South,Clothing,Jeans,22.23,3.0,10.0,Cash,36.0
ORD10176,2025-06-21,South,Clothing,Jacket,83.67,2.0,20.0,Credit Card,52.0
ORD14559,2025-05-27,South,Furniture,Office Chair,383.23,6.0,20.0,Online Wallet,40.0
ORD13803,2025-02-07,West,Toys,RC Car,465.59,2.0,15.0,Credit Card,69.0
ORD10512,2025-12-21,West,Groceries,Pasta,305.39,4.0,0.0, debit card ,60.0
ORD12584,2025-02-25,South,Furniture,Office Chair,459.87,2.0,0.0,Cash,57.0
ORD11286,2025-04-04, east ,Furniture,Bed Frame,254.85,4.0,5.0, credit card ,20.0
ORD12967,2024-11-25,East,Toys,Puzzle,,3.0,0.0,ONLINE WALLET,28.0
ORD11462,2025-09-17,North,Furniture,Desk,37.98,2.0,15.0,Credit Card,54.0
ORD12409,2024-10-25,East,Groceries,Pasta,494.32,2.0,0.0,Debit Card,69.0
ORD11812,2025-06-23,North,Electronics,Tablet,440.01,8.0,0.0, cash ,60.0
ORD13291,2024-04-16, south ,Clothing,Sneakers,49.73,7.0,0.0,Online Wallet,29.0
ORD11139,2024-02-25,North,Groceries,Juice,369.3,8.0,20.0,Debit Card,58.0
ORD14258,2024-12-09, east ,Groceries,Juice,392.69,5.0,0.0,Online Wallet,42.0
ORD11855,2024-02-03,North,Groceries,Coffee,63.61,4.0,0.0,ONLINE WALLET,68.0
ORD14701,2025-08-09,North,Groceries,Cereal,259.39,,0.0,Debit Card,48.0
ORD12384,2025-07-14,WEST,TOYS,Action Figure,489.72,4.0,5.0, debit card ,51.0
ORD10766,2025-09-01,East,Groceries,Coffee,401.91,3.0,0.0,Credit Card,35.0
ORD11348,2025-08-03,North,Electronics,Laptop,158.86,1.0,10.0,Cash,21.0
ORD12482,2025-01-22,South,Clothing,Cap,384.26,7.0,0.0,Debit Card,19.0
ORD14165,2024-09-26,East, groceries ,Coffee,110.82,8.0,0.0,Online Wallet,18.0
ORD11054,2024-03-13,North,FURNITURE,Sofa,307.46,5.0,10.0,Debit Card,31.0
ORD11317,2025-08-02,East,Electronics,Laptop,300.25,1.0,0.0,Credit Card,37.0
ORD10179,2025-10-20, west ,Toys,Board Game,140.74,3.0,0.0,Debit Card,55.0
ORD13781,2024-06-18,WEST,ELECTRONICS,Smartphone,341.17,3.0,0.0,Debit Card,61.0
ORD12578,2024-03-07,East,Furniture,Office Chair,416.08,6.0,0.0,Debit Card,37.0
ORD12455,2024-07-14,EAST,Clothing,Jeans,356.66,9.0,5.0,Debit Card,56.0
ORD11262,2024-11-06,East,Electronics,Headphones,437.42,9.0,5.0,Cash,64.0
ORD12356,2024-12-30,North,Clothing,Jacket,147.44,4.0,0.0,Cash,61.0
ORD12344,2025-12-14,East,Toys,Action Figure,193.08,1.0,0.0,CREDIT CARD,63.0
ORD10532,2024-09-29,East,ELECTRONICS,Headphones,150.5,8.0,15.0,Credit Card,40.0
ORD14494,2025-12-06,South,Electronics,Tablet,332.72,6.0,5.0,Debit Card,64.0
ORD14633,2024-07-25,West,Clothing,T-Shirt,161.64,5.0,0.0,Online Wallet,24.0
ORD14531,2025-06-21,South,Groceries,Cereal,231.34,1.0,0.0,Online Wallet,62.0
ORD14590,2024-10-06,East,GROCERIES,Snacks,491.41,9.0,,ONLINE WALLET,59.0
ORD10380,2024-06-08,West,Groceries,Juice,265.51,,5.0,Online Wallet,41.0
ORD11866,2024-03-11,East,Electronics,Headphones,295.36,3.0,0.0,DEBIT CARD,
ORD14606,2024-03-01,West,Groceries,Snacks,191.19,1.0,0.0,Cash,31.0
ORD13346,2025-01-07, south ,Toys,Lego Set,106.83,1.0,0.0,CREDIT CARD,68.0
ORD13037,2024-05-30,East,Clothing,Cap,5.68,4.0,0.0,Debit Card,56.0
ORD12681,2025-02-21,West,Clothing,T-Shirt,97.83,3.0,0.0,Debit Card,62.0
ORD14326,2025-11-17,West,ELECTRONICS,Smartwatch,458.04,1.0,0.0,Cash,
ORD10930,2024-10-02,North,Electronics,Smartwatch,182.91,8.0,0.0,Credit Card,58.0
ORD12626,2024-03-24,West,Electronics,Headphones,482.41,5.0,0.0,CREDIT CARD,59.0
ORD12526,2024-06-26,South,Groceries,Juice,449.86,3.0,0.0,Credit Card,39.0
ORD13787,2025-01-28,South,Groceries,Coffee,411.23,9.0,0.0,Online Wallet,45.0
ORD10195,2024-07-25,South,TOYS,RC Car,132.55,1.0,10.0,Cash,41.0
ORD11272,2025-11-28,West,Toys,Board Game,117.75,,0.0,Credit Card,21.0
ORD13867,2025-09-13,North,Groceries,Pasta,57.03,2.0,0.0,Cash,37.0
ORD10419,2024-09-22,East,Groceries,Juice,420.71,9.0,0.0,Debit Card,18.0
ORD10625,2024-10-04,East,Electronics,Smartphone,72.0,1.0,0.0,Debit Card,24.0
ORD13714,2025-09-24,SOUTH,Groceries,Pasta,45.54,8.0,0.0,Credit Card,64.0
ORD12087,2024-07-18, east ,Groceries,Coffee,53.3,3.0,0.0,Debit Card,42.0
ORD13215,2024-07-29,North,Toys,Puzzle,250.13,5.0,0.0,Credit Card,67.0
ORD11480,2024-06-28,South,Electronics,Laptop,194.5,1.0,0.0,Online Wallet,34.0
ORD14694,2025-09-23,West,Electronics,Laptop,206.38,4.0,0.0,Online Wallet,61.0
ORD11059,2025-12-08,East,Toys,Board Game,69.88,3.0,0.0,Debit Card,67.0
ORD11970,2025-06-30,West,Groceries,Coffee,95.35,3.0,5.0,Credit Card,64.0
ORD10080,2025-03-13,South,Furniture,Desk,387.3,2.0,10.0,Debit Card,61.0
ORD14730,2025-03-23,West,Electronics,Tablet,333.56,5.0,0.0, debit card ,18.0
ORD10073,2025-07-11,North,Toys,Lego Set,42.72,6.0,15.0,Online Wallet,22.0
ORD13842,2024-07-30,WEST,Furniture,Office Chair,467.12,,5.0,Cash,40.0
ORD13173,2025-07-31,SOUTH,Clothing,Jeans,313.37,1.0,0.0,CASH,32.0
ORD12604,2024-05-26,SOUTH,Toys,Lego Set,17.39,4.0,0.0,Cash,51.0
ORD13140,2024-03-19,East,TOYS,Puzzle,435.49,4.0,10.0,Debit Card,19.0
ORD12880,2025-05-10,South,Electronics,Laptop,243.77,3.0,20.0, credit card ,61.0
ORD11252,2024-06-18,West,Furniture,Bookshelf,28.96,9.0,0.0, cash ,37.0
ORD13994,2024-09-23,South,Clothing,Jeans,460.83,9.0,0.0,Cash,59.0
ORD14544,2025-10-16, west ,Toys,Board Game,363.77,-5.0,0.0,Online Wallet,54.0
ORD13830,2024-10-10,South, groceries ,Coffee,89.06,1.0,0.0,Cash,47.0
ORD13837,2024-07-22,North,Furniture,Desk,79.31,7.0,0.0,Debit Card,52.0
ORD11894,2025-06-11,West,Electronics,Smartwatch,412.8,2.0,0.0,Debit Card,40.0
ORD12598,2025-03-07,West,Groceries,Coffee,273.51,5.0,0.0,DEBIT CARD,24.0
ORD12589,2024-08-07, west , electronics ,Smartwatch,65.99,9.0,0.0,Debit Card,55.0
ORD11864,2024-11-03,North,Toys,Lego Set,336.57,8.0,0.0,Credit Card,46.0
ORD11461,2025-10-07,East,Furniture,Office Chair,429.46,8.0,0.0,Online Wallet,62.0
ORD10507,2025-02-28, east ,Groceries,Pasta,323.91,9.0,0.0,Debit Card,39.0
ORD11181,2024-06-10,West,Toys,Puzzle,413.98,8.0,10.0,Cash,61.0
ORD10214,2025-11-18,North,Electronics,Headphones,377.45,5.0,0.0,Credit Card,28.0
ORD10488,2024-08-07, east ,Groceries,Coffee,198.42,1.0,0.0,Cash,20.0
ORD11124,2024-01-17,North,Clothing,Sneakers,266.02,3.0,10.0,Cash,40.0
ORD11257,2025-03-03,North,Groceries,Juice,484.83,1.0,0.0,Debit Card,59.0
ORD11541,2024-06-25,South,TOYS,Puzzle,166.85,9.0,5.0,Credit Card,18.0
ORD10388,2025-12-23,North,Electronics,Headphones,323.85,1.0,0.0,Online Wallet,56.0
ORD12265,2025-06-08,East,Groceries,Juice,95.65,2.0,0.0,Debit Card,19.0
ORD13065,2025-04-03,North,Electronics,Headphones,479.06,5.0,15.0,Online Wallet,63.0
ORD13293,2024-05-27,North,Furniture,Bed Frame,480.29,9.0,20.0, cash ,42.0
ORD13987,2025-03-11,South,Groceries,Cereal,429.47,7.0,0.0, online wallet ,50.0
ORD12211,2025-06-30,North,Clothing,Cap,282.45,3.0,0.0,Online Wallet,45.0
ORD11290,2024-07-31,East,Electronics,Headphones,423.99,6.0,0.0,Online Wallet,23.0
ORD12510,2025-10-20,East,Clothing,Sneakers,307.55,7.0,0.0,Credit Card,44.0
ORD12450,2025-02-02,South,Toys,RC Car,397.69,2.0,0.0,Cash,30.0
ORD12995,2024-06-26,South, electronics ,Smartwatch,8.67,9.0,0.0,Credit Card,25.0
ORD10861,2024-11-24, east ,FURNITURE,Office Chair,100.21,8.0,10.0,Credit Card,28.0
ORD14865,2024-04-18,East,Furniture,Desk,429.41,9.0,0.0,CREDIT CARD,46.0
ORD14001,2024-01-20,NORTH,GROCERIES,Juice,210.65,3.0,20.0, credit card ,31.0
ORD12552,2025-04-20,East,Furniture,Bookshelf,243.39,8.0,5.0,Online Wallet,36.0
ORD10455,2025-11-20,South,Furniture,Bookshelf,50.85,5.0,15.0,ONLINE WALLET,
ORD12331,2025-10-07,North,Toys,Lego Set,445.55,3.0,0.0,Debit Card,62.0
ORD10815,2025-04-23,South,Toys,RC Car,151.79,2.0,,Online Wallet,55.0
ORD13518,2024-02-01,East,Groceries,Snacks,440.98,4.0,0.0,Online Wallet,41.0
ORD11086,2024-07-21,South,Furniture,Desk,145.03,1.0,0.0,Cash,48.0
ORD12920,2024-03-20,North,Groceries,Juice,454.87,5.0,5.0,Credit Card,20.0
ORD12638,2024-04-03,WEST, toys ,RC Car,438.69,7.0,10.0,Debit Card,28.0
ORD11358,2025-04-23,East,Groceries,Juice,438.96,3.0,5.0,Debit Card,36.0
ORD11576,2024-08-31,South,Furniture,Desk,327.41,1.0,5.0,Debit Card,
ORD12112,2024-10-27,West,Toys,Board Game,312.33,6.0,0.0,CASH,26.0
ORD13130,2024-10-23,West,Groceries,Snacks,336.73,4.0,,Credit Card,59.0
ORD14971,2024-05-08, west ,Toys,Puzzle,274.36,5.0,0.0,Cash,31.0
ORD10611,2024-07-11,South,Clothing,Sneakers,,5.0,0.0,Credit Card,19.0
ORD11279,2025-03-30,East,Electronics,Smartphone,296.79,4.0,0.0,Credit Card,45.0
ORD10604,2025-06-13,West,Toys,Lego Set,292.69,7.0,,Cash,33.0
ORD14080,2025-07-27,South,Toys,Puzzle,259.46,5.0,0.0,Credit Card,41.0
ORD12777,2025-08-13,South,FURNITURE,Desk,174.91,8.0,0.0,Cash,38.0
ORD12222,2025-12-27,East, clothing ,Cap,44.18,8.0,0.0,Online Wallet,36.0
ORD10352,2025-07-21,North,Toys,Lego Set,382.14,4.0,0.0, debit card ,35.0
ORD13001,2024-05-29,North,Electronics,Tablet,62.35,8.0,0.0,Debit Card,30.0
ORD13448,2025-12-24,West,Furniture,Office Chair,496.67,1.0,15.0,Debit Card,32.0
ORD10323,2024-09-07,South,Clothing,T-Shirt,5.09,2.0,0.0,Debit Card,31.0
ORD14728,2024-07-23,West,Toys,Action Figure,144.47,8.0,0.0,Cash,61.0
ORD14353,2024-12-01,East, clothing ,Sneakers,261.0,5.0,0.0,Online Wallet,59.0
ORD13719,2025-04-12, east ,Clothing,Sneakers,427.44,,5.0,Online Wallet,46.0
ORD11998,2025-03-21,West,Furniture,Sofa,361.0,3.0,0.0, debit card ,41.0
ORD13389,2025-12-16,North,Electronics,Smartwatch,485.64,7.0,0.0,Online Wallet,46.0
ORD13427,2025-10-13,South,Toys,Puzzle,385.98,8.0,15.0,DEBIT CARD,27.0
ORD11655,2025-02-26,South,Toys,Action Figure,309.49,2.0,0.0,Debit Card,68.0
ORD12198,2024-04-24,North,Toys,Puzzle,89.86,3.0,0.0,Cash,53.0
ORD12082,2025-10-20,South,Clothing,Sneakers,197.45,6.0,0.0,Cash,37.0
ORD14026,2025-05-19,East,TOYS,Puzzle,257.05,9.0,0.0,Credit Card,33.0
ORD11405,2025-05-16,South,Toys,Action Figure,38.91,6.0,0.0,Online Wallet,57.0
ORD10025,2025-05-25,East,Clothing,Jeans,117.12,7.0,0.0,CREDIT CARD,57.0
ORD11699,2025-06-25, west , groceries ,Cereal,16.53,7.0,5.0,Cash,67.0
ORD11705,2025-02-15,West,Furniture,Office Chair,212.09,2.0,0.0,Online Wallet,28.0
ORD12913,2024-05-10,East,Clothing,T-Shirt,84.96,9.0,15.0,Cash,32.0
ORD13727,2025-08-04,South,Furniture,Office Chair,464.35,4.0,,Cash,33.0
ORD12067,2025-05-16, north ,Electronics,Laptop,40.35,6.0,0.0,CASH,48.0
ORD13853,2025-10-19,NORTH,Electronics,Tablet,99.36,7.0,0.0,Online Wallet,24.0
ORD10622,2024-02-23, south ,Clothing,T-Shirt,236.03,1.0,0.0,Debit Card,52.0
ORD12992,2025-06-11, north ,Furniture,Sofa,183.91,3.0,0.0,Credit Card,
ORD14252,2025-10-26, west ,Clothing,Cap,226.91,8.0,0.0,Online Wallet,45.0
ORD14213,2025-12-30, west ,Toys,Board Game,324.3,8.0,10.0,Debit Card,26.0
ORD10782,2024-03-20,East,Toys,Lego Set,481.22,7.0,0.0,Debit Card,42.0
ORD11831,2025-09-03,North,Clothing,Jacket,13.0,2.0,10.0,Cash,47.0
ORD11274,2025-11-08, east ,Clothing,Jeans,89.99,,0.0,Debit Card,36.0
ORD12207,2025-08-21,West,Electronics,Tablet,43.27,7.0,0.0,Cash,53.0
ORD13129,2025-09-25,NORTH,Groceries,Pasta,36.03,3.0,0.0,Debit Card,51.0
ORD10163,2025-10-10,North,Clothing,Sneakers,26.97,,10.0,Credit Card,32.0
ORD11753,2024-07-31, west ,Groceries,Cereal,229.24,8.0,0.0,Debit Card,66.0
ORD12047,2025-12-25,West,Furniture,Bookshelf,132.96,2.0,0.0,Cash,36.0
ORD14126,2024-02-28,South, electronics ,Laptop,58.79,9.0,0.0, debit card ,42.0
ORD13224,2025-03-28,South,Clothing,Cap,392.54,2.0,15.0,Online Wallet,68.0
ORD12870,2024-02-15,South,Toys,Board Game,260.07,7.0,0.0, cash ,41.0
ORD12246,2024-05-21,South,Groceries,Cereal,494.36,7.0,0.0,Debit Card,68.0
ORD13280,2024-09-10,EAST, groceries ,Coffee,415.26,5.0,0.0,Debit Card,35.0
ORD13360,2025-07-12,West,Furniture,Bookshelf,356.04,8.0,0.0,Online Wallet,41.0
ORD13688,2024-01-27,South,Toys,Action Figure,92.55,8.0,10.0,Cash,21.0
ORD13563,2024-02-18,South,Furniture,Bookshelf,268.33,2.0,10.0,Online Wallet,61.0
ORD14712,2024-07-30,South,Furniture,Sofa,483.38,1.0,0.0, cash ,40.0
ORD11198,2025-09-28, west ,Clothing,Jeans,353.25,3.0,0.0,Debit Card,66.0
ORD10408,2025-12-21, north ,Clothing,Sneakers,490.69,2.0,10.0,Online Wallet,61.0
ORD10142,2024-10-15,West,Furniture,Bed Frame,138.61,4.0,0.0,Online Wallet,60.0
ORD10022,2024-05-09,SOUTH, electronics ,Laptop,267.81,6.0,0.0,ONLINE WALLET,28.0
ORD12252,2025-10-23,West, clothing ,Cap,235.96,5.0,0.0,Credit Card,46.0
ORD13260,2024-02-27,North,Furniture,Desk,356.0,5.0,0.0,Online Wallet,69.0
ORD11770,2024-04-01,North,Furniture,Bookshelf,315.58,5.0,0.0,Credit Card,63.0
ORD14347,2025-03-24,North,Electronics,Smartphone,437.5,4.0,5.0, debit card ,41.0
ORD11005,2024-11-25,West,Toys,Lego Set,452.54,2.0,0.0,Debit Card,28.0
ORD10641,2024-03-07, east ,Toys,RC Car,194.48,7.0,0.0,Cash,21.0
ORD14605,2025-02-12,West,Furniture,Desk,485.31,7.0,10.0, debit card ,42.0
ORD12654,2024-12-15,West,Clothing,T-Shirt,293.39,5.0,5.0,Debit Card,40.0
ORD11343,2024-03-08,North,Furniture,Sofa,88.71,5.0,0.0,Online Wallet,54.0
ORD10384,2024-06-05,North,Toys,Lego Set,465.79,9.0,,Cash,26.0
ORD10888,2024-11-20,North,Furniture,Sofa,121.66,9.0,5.0,Debit Card,66.0
ORD11557,2025-02-22,North,Groceries,Snacks,182.03,7.0,0.0,Online Wallet,33.0
ORD11085,2024-01-07,East,GROCERIES,Pasta,49.16,6.0,0.0,DEBIT CARD,40.0
ORD14419,2024-02-10,South,FURNITURE,Office Chair,53.84,8.0,0.0,DEBIT CARD,21.0
ORD10531,2025-09-17, east , toys ,RC Car,31.49,4.0,5.0,Debit Card,53.0
ORD13979,2025-05-02, east ,GROCERIES,Pasta,71.62,,0.0,Credit Card,34.0
ORD11853,2024-06-11,South,Toys,RC Car,375.15,7.0,10.0,Debit Card,64.0
ORD11935,2025-02-16,North, furniture ,Office Chair,195.13,1.0,0.0,Cash,63.0
ORD13906,2024-12-27,East,Furniture,Bookshelf,22.68,9.0,0.0,Debit Card,36.0
ORD13387,2025-02-15,WEST,Clothing,Cap,,5.0,0.0,Debit Card,32.0
ORD13153,2025-09-22,North,Electronics,Smartphone,103.34,7.0,0.0,Credit Card,38.0
ORD13779,2024-10-12,West,Toys,RC Car,403.66,9.0,0.0,Online Wallet,65.0
ORD12447,2024-03-15,WEST,Clothing,T-Shirt,160.51,2.0,0.0,Debit Card,48.0
ORD11075,2024-10-19,South,Groceries,Coffee,483.6,1.0,0.0,Cash,37.0
ORD12366,2025-01-18,West,Furniture,Desk,29.93,5.0,0.0,Debit Card,30.0
ORD12688,2024-06-19,North,Toys,RC Car,478.42,3.0,0.0, online wallet ,43.0
ORD12931,2024-12-31,East,Clothing,Jacket,224.44,6.0,,DEBIT CARD,21.0
ORD11932,2025-02-04,South,Electronics,Laptop,349.63,5.0,20.0,Debit Card,67.0
ORD12767,2025-03-08,East,Electronics,Smartphone,153.81,4.0,0.0,Debit Card,52.0
ORD11671,2024-05-29,South,Toys,RC Car,318.89,7.0,5.0,Cash,40.0
ORD12438,2024-03-03,East,Electronics,Tablet,378.5,2.0,10.0,Debit Card,60.0
ORD12983,2024-05-16,East,Clothing,Sneakers,106.35,8.0,0.0,Debit Card,58.0
ORD12109,2024-04-18,North,Groceries,Juice,265.71,8.0,0.0,Online Wallet,65.0
ORD12186,2025-10-31,East,Furniture,Bed Frame,456.77,4.0,10.0,Cash,33.0
ORD11148,2024-06-23, north ,Electronics,Smartwatch,62.07,5.0,20.0,Online Wallet,47.0
ORD10786,2025-05-11,North,Clothing,Cap,455.25,1.0,0.0,Cash,36.0
ORD11585,2025-11-05,East,Furniture,Office Chair,417.44,6.0,15.0,Online Wallet,52.0
ORD13166,2024-05-23,South,GROCERIES,Snacks,159.89,7.0,0.0,Credit Card,56.0
ORD10266,2024-12-15,NORTH,Furniture,Bed Frame,416.11,8.0,0.0, debit card ,64.0
ORD13763,2025-02-14,East,CLOTHING,Sneakers,270.51,3.0,0.0,Debit Card,57.0
ORD14962,2024-06-27,West,Clothing,Jeans,38.33,2.0,,Cash,59.0
ORD13736,2024-10-23,North,Groceries,Coffee,36.02,8.0,0.0,Online Wallet,58.0
ORD10360,2025-05-11,South,Toys,Board Game,256.19,5.0,20.0,Cash,21.0
ORD11460,2024-07-20,East,Groceries,Juice,379.57,5.0,5.0,Cash,62.0
ORD13421,2024-07-01,North,Groceries,Juice,485.32,2.0,0.0,Cash,23.0
ORD13680,2024-08-14,East,Toys,RC Car,442.66,5.0,0.0,Online Wallet,45.0
ORD10952,2024-11-18,West, groceries ,Pasta,243.83,3.0,0.0,CASH,23.0
ORD12160,2024-11-21,EAST,Groceries,Cereal,74.71,,0.0, credit card ,64.0
ORD14062,2024-12-05,South,TOYS,Action Figure,363.42,7.0,0.0,Cash,56.0
ORD13235,2025-07-16,South,CLOTHING,Cap,312.72,4.0,0.0,CASH,27.0
ORD13243,2024-05-30,West,Groceries,Cereal,70.3,9.0,0.0,DEBIT CARD,20.0
ORD13372,2024-02-26,North,Furniture,Bookshelf,104.76,6.0,5.0,Debit Card,36.0
ORD12699,2025-07-05,SOUTH,Electronics,Headphones,443.01,3.0,0.0,Debit Card,69.0
ORD11574,2025-06-12,East,Clothing,Sneakers,101.61,4.0,0.0,Online Wallet,25.0
ORD14308,2024-09-28,West,Furniture,Desk,219.83,8.0,5.0,Cash,30.0
ORD11955,2024-11-28,West,Groceries,Juice,327.78,6.0,0.0,Online Wallet,62.0
ORD14527,2024-10-21,NORTH,Groceries,Juice,467.08,6.0,0.0,Cash,58.0
ORD13337,2025-06-24,East,Furniture,Bed Frame,226.23,3.0,0.0, debit card ,27.0
ORD12176,2024-02-22,WEST,Clothing,Cap,346.65,2.0,0.0, online wallet ,67.0
ORD11313,2025-09-07,WEST,Groceries,Pasta,186.4,4.0,0.0,Cash,63.0
ORD14400,2024-08-02,South,Furniture,Bed Frame,416.11,4.0,5.0,Online Wallet,59.0
ORD11331,2025-03-22,NORTH,GROCERIES,Cereal,443.86,5.0,0.0,Cash,41.0
ORD11842,2025-09-18,West, groceries ,Coffee,240.57,6.0,0.0,Online Wallet,59.0
ORD12208,2025-02-24,West,Furniture,Desk,442.05,9.0,0.0,ONLINE WALLET,37.0
ORD12979,2024-05-25,West,Electronics,Tablet,129.97,7.0,0.0,Cash,68.0
ORD13436,2025-12-20,East,Furniture,Bed Frame,55.22,5.0,0.0,Online Wallet,36.0
ORD14332,2024-07-12,East,Groceries,Juice,163.61,2.0,0.0,ONLINE WALLET,25.0
ORD14239,2025-12-09,East,Groceries,Juice,78.62,5.0,0.0,Cash,
ORD10754,2025-06-29,West,Clothing,T-Shirt,32.83,8.0,0.0,Online Wallet,22.0
ORD14106,2025-01-22,East,ELECTRONICS,Smartphone,413.3,1.0,5.0,Online Wallet,48.0
ORD11378,2024-08-01,West,Electronics,Laptop,146.75,6.0,0.0,Online Wallet,40.0
ORD14955,2024-02-27, south ,Electronics,Headphones,483.93,3.0,0.0,Online Wallet,51.0
ORD10980,2024-11-19,West,Toys,RC Car,169.34,6.0,0.0,Credit Card,47.0
ORD12100,2024-03-25,South,Furniture,Bookshelf,,9.0,10.0,CASH,
ORD10286,2025-12-04,East,FURNITURE,Bed Frame,262.55,4.0,0.0,CREDIT CARD,50.0
ORD14556,2024-02-27,West,Clothing,Sneakers,55.27,6.0,0.0,Credit Card,40.0
ORD13533,2025-11-16, south ,Groceries,Cereal,375.7,9.0,0.0,Credit Card,69.0
ORD13088,2025-10-09,North,GROCERIES,Snacks,53.07,1.0,0.0,Credit Card,23.0
ORD14580,2024-08-23,NORTH,Clothing,Jeans,62.68,,0.0,Online Wallet,
ORD13571,2024-12-08, east ,TOYS,RC Car,416.7,9.0,0.0, cash ,30.0
ORD14348,2025-11-05,West,Groceries,Cereal,221.98,6.0,0.0,Online Wallet,69.0
ORD11154,2024-06-17,West,Furniture,Bed Frame,155.09,9.0,0.0,Online Wallet,57.0
ORD11079,2025-10-08,West,Toys,Action Figure,461.38,4.0,0.0,Cash,28.0
ORD13008,2024-09-12,West,Clothing,Jacket,386.21,9.0,5.0,Cash,47.0
ORD11511,2025-03-29,South,CLOTHING,Jacket,43.43,9.0,15.0,Online Wallet,48.0
ORD10892,2025-12-01,North,Furniture,Office Chair,364.4,3.0,0.0,CASH,54.0
ORD10135,2024-07-27,East,Electronics,Smartphone,138.0,8.0,0.0,Credit Card,56.0
ORD13261,2024-09-29,West,CLOTHING,Cap,469.88,1.0,0.0,ONLINE WALLET,42.0
ORD14078,2024-06-13,West,Toys,Board Game,402.64,6.0,0.0,Credit Card,50.0
ORD12191,2024-09-18,North,Electronics,Smartwatch,218.67,5.0,0.0,Debit Card,38.0
ORD10211,2025-02-17, east ,Electronics,Smartphone,251.1,1.0,10.0,Cash,57.0
ORD10433,2025-02-10,East,Clothing,T-Shirt,66.94,9.0,0.0,CASH,58.0
ORD13164,2024-06-26,South,Electronics,Smartphone,329.35,2.0,0.0,Debit Card,58.0
ORD10274,2025-06-17,North,Clothing,Jacket,272.08,2.0,0.0,Credit Card,32.0
ORD13012,2025-09-10,West,Clothing,Jacket,365.27,1.0,0.0,Debit Card,29.0
ORD10088,2024-08-20,North,Toys,Puzzle,181.22,2.0,0.0,Debit Card,62.0
ORD12798,2025-09-15,South,Groceries,Snacks,463.39,4.0,0.0,Online Wallet,63.0
ORD12324,2024-12-11,South,Groceries,Cereal,165.68,4.0,0.0,Credit Card,62.0
ORD10298,2024-01-21, south ,Electronics,Smartwatch,131.98,3.0,5.0,Credit Card,41.0
ORD12545,2024-09-21,West,Electronics,Laptop,293.64,2.0,10.0,Online Wallet,68.0
ORD10567,2024-07-08,WEST,Groceries,Cereal,82.36,2.0,0.0,Debit Card,25.0
ORD13916,2024-12-26,North,Electronics,Smartphone,328.36,8.0,0.0,Debit Card,47.0
ORD13674,2024-01-25,North,Furniture,Sofa,9.63,1.0,10.0,Cash,44.0
ORD14645,2025-08-26,North,Furniture,Bed Frame,370.69,5.0,0.0,Credit Card,66.0
ORD13776,2025-09-27, east ,Groceries,Coffee,358.44,1.0,0.0,Credit Card,33.0
ORD13754,2024-08-30,West,Clothing,Sneakers,158.06,4.0,0.0,Online Wallet,22.0
ORD14253,2025-09-25, north ,Groceries,Coffee,199.63,7.0,0.0,Credit Card,30.0
ORD10315,2025-03-09,South,Electronics,Tablet,59.82,9.0,0.0,CASH,61.0
ORD14554,2025-04-15, east ,FURNITURE,Sofa,58.0,2.0,10.0,CASH,18.0
ORD12151,2025-11-21,EAST,Clothing,Jeans,83.11,7.0,10.0,Cash,64.0
ORD13662,2025-08-17,South,Toys,Board Game,50.72,1.0,0.0,Online Wallet,37.0
ORD13288,2025-03-22,West,Electronics,Tablet,450.58,9.0,0.0,Debit Card,37.0
ORD13117,2024-08-07,North,Toys,RC Car,17.91,5.0,15.0,Debit Card,28.0
ORD10522,2024-07-02,NORTH,Electronics,Smartphone,185.09,6.0,5.0,Online Wallet,35.0
ORD12020,2025-06-20,South,Furniture,Desk,9.4,9.0,0.0,Debit Card,46.0
ORD14421,2025-05-12,North,Toys,RC Car,355.36,1.0,20.0, cash ,66.0
ORD12974,2025-04-08,West,Furniture,Desk,428.63,3.0,0.0,Cash,32.0
ORD11275,2024-06-23,South,Groceries,Snacks,251.34,2.0,0.0,Cash,33.0
ORD13181,2024-02-16,South,Clothing,Sneakers,21.3,9.0,0.0,Debit Card,64.0
ORD12413,2025-07-03,East,Furniture,Sofa,24.46,4.0,0.0, online wallet ,44.0
ORD12752,2025-07-21,West,Groceries,Snacks,369.51,5.0,0.0,Online Wallet,25.0
ORD10528,2025-10-04,WEST,Toys,Board Game,95.5,2.0,15.0,Online Wallet,55.0
ORD14921,2024-03-28,North,Electronics,Laptop,435.42,6.0,0.0,Online Wallet,43.0
ORD10308,2024-10-23,West, furniture ,Sofa,290.91,5.0,0.0,Credit Card,64.0
ORD11505,2025-10-12,North,Electronics,Smartwatch,412.43,3.0,20.0, credit card ,58.0
ORD13598,2024-12-10,East,Toys,Board Game,210.33,8.0,0.0,Online Wallet,67.0
ORD12496,2024-03-29,North,Toys,Puzzle,495.09,7.0,0.0,Online Wallet,61.0
ORD11374,2025-07-18,South,Furniture,Desk,396.72,7.0,0.0,Cash,57.0
ORD12619,2024-11-30,West,CLOTHING,Sneakers,314.71,1.0,0.0,CASH,39.0
ORD11134,2025-08-25,South,Toys,RC Car,282.4,8.0,0.0,Online Wallet,36.0
ORD11203,2025-05-05,East,Electronics,Headphones,24.96,9.0,10.0, online wallet ,60.0
ORD13681,2025-01-19,South,Groceries,Juice,302.32,6.0,0.0,Credit Card,35.0
ORD13220,2024-12-30,East,Electronics,Laptop,485.13,9.0,0.0,Cash,57.0
ORD11318,2025-09-03,West,Electronics,Headphones,324.47,7.0,0.0,Credit Card,60.0
ORD12647,2024-02-02,West, clothing ,Jeans,460.05,2.0,0.0, credit card ,66.0
ORD12332,2025-08-30,North,Toys,RC Car,491.59,3.0,0.0,Cash,62.0
ORD13380,2024-07-19,West,Groceries,Pasta,352.08,6.0,,Credit Card,63.0
ORD10833,2025-07-18,South, toys ,Action Figure,391.82,2.0,10.0,ONLINE WALLET,39.0
ORD12989,2025-08-08,South,Groceries,Juice,93.54,7.0,0.0,Credit Card,60.0
ORD12110,2025-12-21,West,Groceries,Pasta,217.76,1.0,0.0,Online Wallet,28.0
ORD11682,2024-04-04, south ,Electronics,Tablet,20.9,7.0,0.0,Debit Card,33.0
ORD13034,2024-01-04,South, groceries ,Coffee,285.28,9.0,0.0,Online Wallet,56.0
ORD12287,2025-12-15,North,Toys,Lego Set,171.76,3.0,10.0,Online Wallet,62.0
ORD12380,2025-06-18,North,Clothing,Jacket,394.46,4.0,0.0,Online Wallet,56.0
ORD14787,2024-06-02, south ,Furniture,Bed Frame,371.6,6.0,0.0,Cash,28.0
ORD12004,2025-07-22,East,Toys,Action Figure,227.02,1.0,5.0,Debit Card,31.0
ORD14448,2025-02-25,West, clothing ,T-Shirt,290.43,9.0,0.0,Credit Card,29.0
ORD14136,2024-02-04,East,Toys,Action Figure,87.42,8.0,0.0,Online Wallet,69.0
ORD12616,2024-12-23,South,Furniture,Office Chair,8.87,3.0,0.0,Credit Card,26.0
ORD11166,2024-02-05, north ,Groceries,Cereal,318.56,2.0,10.0,Cash,
ORD10629,2024-01-31,East,Clothing,Jacket,299.86,1.0,0.0,Debit Card,43.0
ORD13471,2024-02-15, east ,Groceries,Juice,489.06,5.0,0.0, credit card ,68.0
ORD14300,2025-11-30,North,Toys,Puzzle,499.92,8.0,0.0,Debit Card,28.0
ORD14562,2024-05-12,North, furniture ,Bed Frame,110.34,1.0,5.0,Credit Card,24.0
ORD10727,2024-09-29,South,Furniture,Office Chair,153.12,1.0,0.0,Cash,60.0
ORD10354,2024-07-22,West,Furniture,Sofa,282.05,4.0,0.0,DEBIT CARD,22.0
ORD12140,2024-09-24, south , furniture ,Bookshelf,350.41,4.0,0.0,Cash,44.0
ORD12871,2025-02-21,West,Groceries,Pasta,82.1,5.0,0.0,Cash,58.0
ORD11861,2024-11-17,East,Furniture,Office Chair,236.69,2.0,5.0, credit card ,52.0
ORD11222,2025-02-18,West,Clothing,Jacket,397.85,7.0,0.0,Debit Card,43.0
ORD14946,2024-07-07,North,Clothing,Cap,403.62,6.0,0.0,Cash,24.0
ORD14352,2024-03-18,West,Furniture,Bookshelf,339.05,6.0,0.0,Debit Card,48.0
ORD12508,2025-05-16,West,Toys,Puzzle,30.16,5.0,5.0, cash ,55.0
ORD10847,2024-10-23,South,Clothing,Sneakers,391.45,5.0,10.0,Online Wallet,29.0
ORD10159,2024-12-31,North,Toys,Board Game,119.18,2.0,0.0, credit card ,66.0
ORD12787,2024-05-04, east , furniture ,Sofa,256.58,5.0,0.0,Online Wallet,64.0
ORD11982,2024-10-03,East,FURNITURE,Bookshelf,417.96,2.0,0.0,Debit Card,67.0
ORD14356,2025-03-05,West,Electronics,Laptop,231.66,9.0,15.0,Credit Card,57.0
ORD12103,2024-09-04,East,Furniture,Bookshelf,216.92,5.0,0.0,Online Wallet,38.0
ORD14020,2025-01-01,West,ELECTRONICS,Laptop,51.6,3.0,0.0,Debit Card,49.0
ORD10371,2025-10-25,North,Groceries,Snacks,367.86,9.0,5.0, cash ,36.0
ORD13482,2024-01-08,West,Clothing,Cap,74.95,7.0,0.0,Debit Card,41.0
ORD12970,2024-04-01,West,Electronics,Headphones,114.64,4.0,0.0,Online Wallet,58.0
ORD12131,2025-04-28,North,Furniture,Bookshelf,301.82,6.0,0.0,Cash,21.0
ORD13418,2025-09-11,EAST, clothing ,Sneakers,281.09,4.0,0.0,Credit Card,49.0
ORD13424,2025-03-05,South,Clothing,Jeans,15.81,1.0,0.0,Online Wallet,36.0
ORD11538,2024-01-13,South,Furniture,Sofa,,3.0,0.0,Online Wallet,33.0
ORD13554,2025-07-23,South,Groceries,Juice,,9.0,15.0,Cash,43.0
ORD14937,2025-08-21,East, clothing ,Jacket,168.54,5.0,0.0,Online Wallet,29.0
ORD12475,2024-05-31,West,Toys,Lego Set,451.94,2.0,10.0,Credit Card,33.0
ORD12337,2025-12-06,South, furniture ,Desk,44.96,9.0,0.0,Cash,19.0
ORD12744,2025-07-14,West,Furniture,Desk,252.53,6.0,0.0,Cash,22.0
ORD11553,2025-02-22, north ,Groceries,Cereal,321.61,9.0,10.0,Cash,39.0
ORD10239,2025-02-03,North,Electronics,Tablet,334.13,4.0,0.0,Debit Card,62.0
ORD11429,2024-08-04, west ,Groceries,Juice,416.75,6.0,0.0,Cash,30.0
ORD11978,2024-10-27,East,Groceries,Cereal,85.0,7.0,0.0,Cash,44.0
ORD13245,2025-10-12,East,Toys,Action Figure,188.96,9.0,0.0,Credit Card,19.0
ORD12817,2024-05-11,East,Toys,Action Figure,477.34,2.0,5.0,Online Wallet,19.0
ORD13671,2024-04-01,West,Toys,Puzzle,372.14,5.0,0.0,Credit Card,51.0
ORD12449,2024-04-18,North,Toys,Lego Set,320.99,7.0,0.0,Online Wallet,62.0
ORD14307,2024-11-01,East,Clothing,Jacket,260.81,6.0,0.0,ONLINE WALLET,19.0
ORD14914,2024-01-29,West,Clothing,Cap,259.73,8.0,0.0,Online Wallet,57.0
ORD12202,2025-05-05,NORTH,Electronics,Headphones,486.78,7.0,0.0,Credit Card,59.0
ORD10618,2024-08-07,South, groceries ,Coffee,449.48,8.0,0.0,Online Wallet,64.0
ORD12381,2024-07-10,South,FURNITURE,Bookshelf,292.21,8.0,10.0,Debit Card,23.0
ORD11090,2025-06-16,North, groceries ,Coffee,345.52,4.0,0.0,Credit Card,61.0
ORD10295,2025-08-04,North,Furniture,Office Chair,,4.0,0.0,Online Wallet,35.0
ORD10430,2024-02-01,South,Clothing,Jeans,87.82,9.0,0.0,Online Wallet,27.0
ORD10279,2024-04-21,South, clothing ,Jacket,392.98,4.0,0.0,Debit Card,43.0
ORD13524,2025-06-24,EAST,Groceries,Pasta,259.29,4.0,0.0, cash ,66.0
ORD12629,2025-09-16,North,Groceries,Coffee,163.53,4.0,15.0,Debit Card,20.0
ORD12766,2024-06-30,North,Furniture,Desk,470.54,6.0,0.0,Cash,
ORD13895,2025-10-09,South,GROCERIES,Coffee,369.99,8.0,0.0,Debit Card,54.0
ORD11656,2024-08-19,South,Toys,RC Car,115.85,,0.0,Online Wallet,58.0
ORD10969,2025-09-18,EAST,ELECTRONICS,Laptop,427.93,3.0,0.0,DEBIT CARD,29.0
ORD11843,2025-08-31,North,Electronics,Laptop,468.22,6.0,10.0,Cash,20.0
ORD13024,2025-04-03,East,Electronics,Tablet,175.6,5.0,,Cash,26.0
ORD13151,2025-12-21,North,Toys,RC Car,60.75,8.0,0.0,Cash,21.0
ORD13386,2025-06-19, north ,CLOTHING,Cap,109.55,9.0,0.0,Credit Card,51.0
ORD14546,2024-07-27,North,ELECTRONICS,Laptop,398.12,7.0,0.0,Cash,35.0
ORD11211,2025-08-27,North,Toys,Puzzle,59.96,5.0,5.0,Credit Card,21.0
ORD14390,2025-12-19, east ,Furniture,Office Chair,448.34,9.0,0.0,DEBIT CARD,18.0
ORD11428,2024-08-02,West, clothing ,Jeans,257.48,9.0,0.0,Debit Card,25.0
ORD14716,2024-12-13,EAST,Clothing,T-Shirt,305.3,4.0,,Online Wallet,64.0
ORD10426,2025-11-10,South,Toys,Puzzle,116.93,6.0,0.0,Online Wallet,20.0
ORD14094,2025-10-16, west ,Groceries,Snacks,453.23,6.0,15.0,Cash,33.0
ORD11923,2024-04-21,North,Groceries,Juice,153.06,8.0,0.0,Debit Card,66.0
ORD13395,2025-05-23,North,Furniture,Bookshelf,155.79,7.0,0.0,DEBIT CARD,45.0
ORD14815,2025-09-07,North,Toys,RC Car,127.48,8.0,10.0,Debit Card,27.0
ORD10404,2025-05-05,East,Groceries,Juice,405.88,4.0,0.0,Debit Card,64.0
ORD10491,2025-12-16,South,Clothing,Jeans,363.55,1.0,,Debit Card,29.0
ORD14671,2025-01-06,North,Groceries,Cereal,437.21,7.0,0.0,Online Wallet,43.0
ORD13494,2024-02-17,East,Clothing,Jacket,213.12,3.0,10.0,Online Wallet,24.0
ORD10824,2025-01-23,South,Electronics,Laptop,180.87,5.0,0.0,Debit Card,61.0
ORD12542,2024-09-13,South,ELECTRONICS,Tablet,412.24,4.0,0.0,DEBIT CARD,35.0
ORD13673,2024-03-01,West,Clothing,Sneakers,163.45,7.0,0.0,ONLINE WALLET,52.0
ORD12790,2025-11-15,South,Toys,Puzzle,,5.0,0.0,Cash,22.0
ORD14226,2025-11-28,West,Groceries,Juice,341.25,9.0,5.0,Debit Card,58.0
ORD13515,2025-11-25,North,Groceries,Pasta,101.77,3.0,0.0,CREDIT CARD,67.0
ORD14461,2025-05-24,North, toys ,Lego Set,387.13,1.0,20.0,DEBIT CARD,52.0
ORD14947,2024-09-16,North,Electronics,Smartphone,58.1,1.0,0.0,Online Wallet,21.0
ORD11788,2025-07-21,EAST,Furniture,Bookshelf,319.34,2.0,0.0,Debit Card,18.0
ORD12187,2024-11-06,East,Groceries,Juice,104.54,1.0,20.0,Online Wallet,37.0
ORD12145,2024-01-07,NORTH,Furniture,Bed Frame,309.38,5.0,,Cash,
ORD13246,2025-03-27,West,TOYS,Action Figure,316.89,7.0,15.0,Credit Card,50.0
ORD11841,2025-08-06,North,Toys,Board Game,247.37,2.0,0.0,Credit Card,24.0
ORD11209,2024-09-24,EAST,Clothing,Jeans,364.67,6.0,0.0,Credit Card,52.0
ORD10974,2024-10-28,West,Furniture,Office Chair,89.98,6.0,0.0,Debit Card,67.0
ORD10474,2025-11-04,West,Groceries,Cereal,262.02,7.0,0.0,Debit Card,36.0
ORD13311,2024-06-11,East,Furniture,Bed Frame,256.19,8.0,0.0, online wallet ,44.0
ORD10215,2024-04-11,North,Groceries,Snacks,166.88,6.0,0.0,Debit Card,35.0
ORD10656,2024-03-05,North,Toys,Puzzle,180.42,3.0,0.0,Cash,60.0
ORD13235,2025-07-16,South,CLOTHING,Cap,312.72,4.0,0.0,CASH,27.0
ORD12519,2025-06-26,South,Clothing,Jeans,431.72,3.0,0.0,Online Wallet,61.0
ORD11583,2025-02-09,North, groceries ,Pasta,178.85,6.0,0.0,CASH,27.0
ORD14485,2024-02-27,North,Electronics,Smartwatch,456.59,9.0,0.0,Cash,20.0
ORD11130,2025-02-23,South, toys ,Board Game,291.05,1.0,20.0,Credit Card,18.0
ORD13038,2024-06-04, south ,Toys,Board Game,226.3,6.0,0.0,Cash,59.0
ORD12063,2025-08-26,North,Electronics,Headphones,405.57,1.0,0.0,Online Wallet,57.0
ORD10131,2025-09-15,East,Electronics,Smartwatch,94.81,4.0,0.0,Debit Card,19.0
ORD13566,2024-12-08,West, furniture ,Desk,336.85,2.0,0.0,Credit Card,46.0
ORD11341,2024-12-25,South,Toys,Board Game,205.43,5.0,0.0,Credit Card,41.0
ORD12184,2024-12-29,NORTH,Toys,Puzzle,370.64,8.0,15.0,ONLINE WALLET,40.0
ORD14382,2025-08-06,East,Clothing,T-Shirt,111.7,7.0,0.0,CASH,46.0
ORD10594,2024-11-16, west , clothing ,Sneakers,327.79,5.0,5.0,Debit Card,59.0
ORD14634,2025-10-11,South,Toys,RC Car,137.34,8.0,0.0,Cash,68.0
ORD10810,2025-05-31,East,Toys,Board Game,,7.0,0.0,Debit Card,59.0
ORD10247,2024-09-22,South,Furniture,Sofa,412.13,9.0,0.0,CREDIT CARD,53.0
ORD10029,2025-02-23,North,Groceries,Cereal,449.78,4.0,0.0,Online Wallet,42.0
ORD11119,2024-11-20,South,Furniture,Office Chair,155.76,3.0,0.0,CREDIT CARD,
ORD13363,2025-09-28,East,Clothing,Jeans,128.66,3.0,10.0,CASH,35.0
ORD12792,2025-02-14,East, clothing ,Jeans,34.87,6.0,10.0,Cash,65.0
ORD14379,2025-10-29,West,Clothing,Cap,21.59,7.0,0.0,Debit Card,27.0
ORD11974,2025-04-22,West,CLOTHING,T-Shirt,267.94,3.0,0.0,Cash,26.0
ORD10633,2024-02-02,South, toys ,Puzzle,78.82,6.0,0.0,Cash,26.0
ORD10046,2024-02-27,NORTH,Groceries,Pasta,458.03,2.0,0.0,DEBIT CARD,65.0
ORD14569,2024-07-02,SOUTH,Toys,Action Figure,213.31,4.0,20.0,Credit Card,53.0
ORD14392,2025-06-28,East,Furniture,Bookshelf,39.35,3.0,,Online Wallet,68.0
ORD10868,2024-10-04,East,Furniture,Sofa,449.84,7.0,0.0,Credit Card,30.0
ORD11320,2025-11-21,North,Clothing,T-Shirt,341.51,4.0,0.0, online wallet ,29.0
ORD14499,2024-05-23,WEST,Clothing,Sneakers,,2.0,0.0,Credit Card,19.0
ORD11543,2024-01-30,North,Groceries,Cereal,383.3,3.0,0.0,Cash,47.0
ORD14129,2025-09-28,West,Clothing,T-Shirt,163.3,6.0,0.0,Cash,46.0
ORD13559,2024-11-12,West,Clothing,Jacket,39.43,8.0,0.0,Debit Card,59.0
ORD12503,2025-09-23, north ,Furniture,Sofa,72.77,4.0,0.0, debit card ,52.0
ORD13567,2024-07-18,South,Groceries,Cereal,22.84,8.0,0.0,Online Wallet,22.0
ORD13058,2024-07-14,SOUTH,Electronics,Smartphone,49.34,1.0,0.0,CREDIT CARD,44.0
ORD10860,2025-07-09,South,GROCERIES,Juice,437.4,2.0,0.0,Credit Card,
ORD14105,2024-06-11,West,Toys,RC Car,408.23,8.0,5.0, debit card ,24.0
ORD12138,2024-07-25,East,Groceries,Cereal,418.34,2.0,,Credit Card,46.0
ORD11984,2024-02-25, south ,Clothing,Jacket,60.21,2.0,5.0, debit card ,58.0
ORD12310,2024-08-27, west ,Toys,Action Figure,315.75,7.0,0.0,Cash,49.0
ORD12759,2024-06-22,West,Furniture,Bookshelf,441.66,9.0,0.0,Credit Card,68.0
ORD12531,2024-07-23,North,Groceries,Snacks,187.18,1.0,0.0,Debit Card,61.0
ORD10848,2025-01-23,EAST,TOYS,Lego Set,382.25,1.0,20.0,Debit Card,26.0
ORD11243,2024-03-22,West,Electronics,Headphones,338.39,8.0,0.0,Cash,30.0
ORD14174,2025-05-27,South,Furniture,Desk,345.74,1.0,0.0,Cash,19.0
ORD13045,2025-10-17,South, groceries ,Juice,95.26,1.0,,Cash,32.0
ORD11180,2024-01-21,West,Furniture,Desk,107.07,7.0,10.0,ONLINE WALLET,27.0
ORD13460,2025-05-26,North,Clothing,Sneakers,229.39,5.0,0.0,Credit Card,49.0
ORD12371,2024-03-30,North,Furniture,Sofa,307.13,3.0,0.0,DEBIT CARD,58.0
ORD10002,2024-10-03,West,Groceries,Snacks,310.65,6.0,0.0,Credit Card,66.0
ORD14964,2025-05-07,West,Clothing,Jacket,308.93,5.0,0.0,Debit Card,44.0
ORD11755,2024-03-24,North,Furniture,Office Chair,236.6,9.0,0.0,Cash,25.0
ORD14011,2024-01-11,West,Furniture,Desk,168.05,4.0,0.0, debit card ,29.0
ORD11048,2024-08-05,South,Groceries,Cereal,243.59,6.0,0.0,Debit Card,67.0
ORD11418,2024-11-28,East,Clothing,Cap,326.52,6.0,0.0,Online Wallet,19.0
ORD14820,2025-02-11,North,Toys,Action Figure,180.43,8.0,0.0,Online Wallet,67.0
ORD10862,2024-01-26,West,Clothing,Jacket,220.47,3.0,0.0,Debit Card,46.0
ORD13863,2025-01-17,North,Groceries,Cereal,284.62,9.0,0.0,Debit Card,23.0
ORD12688,2024-06-19,North,Toys,RC Car,478.42,3.0,0.0, online wallet ,43.0
ORD12551,2025-09-11,North,Furniture,Office Chair,39.81,3.0,15.0,Debit Card,34.0
ORD10370,2024-01-22,West,Toys,Action Figure,345.42,3.0,0.0,Debit Card,38.0
ORD12431,2024-12-20,North,Furniture,Office Chair,288.42,9.0,0.0,Cash,69.0
ORD13797,2025-01-21,North,Clothing,Jeans,418.99,5.0,0.0,Online Wallet,43.0
ORD10310,2024-02-09,South,Clothing,Jacket,255.99,1.0,0.0,Online Wallet,54.0
ORD11618,2025-07-30,East,Clothing,Sneakers,6.22,6.0,0.0,Debit Card,39.0
ORD11092,2025-08-08, east ,Electronics,Tablet,333.55,8.0,5.0,CREDIT CARD,52.0
ORD11940,2025-12-28,South,Groceries,Juice,484.84,8.0,0.0,CASH,40.0
ORD13825,2024-08-29,East,TOYS,Lego Set,33.48,7.0,0.0, cash ,22.0
ORD11229,2025-07-06,East,Groceries,Cereal,267.78,6.0,0.0,Credit Card,41.0
ORD14818,2024-03-26,South,TOYS,Action Figure,18.48,1.0,,Credit Card,37.0
ORD11733,2024-03-30,East,Toys,RC Car,124.91,7.0,10.0,Cash,47.0
ORD14758,2024-07-19,East,Furniture,Sofa,373.31,6.0,0.0,DEBIT CARD,46.0
ORD13750,2025-06-28,North,Furniture,Bookshelf,47.57,7.0,,Cash,38.0
ORD13063,2024-09-28,East,TOYS,Puzzle,150.12,9.0,15.0,Credit Card,47.0
ORD12622,2025-08-20,North,Furniture,Bed Frame,14.18,4.0,15.0,DEBIT CARD,37.0
ORD11393,2025-07-19,South,TOYS,Board Game,280.64,,0.0,DEBIT CARD,32.0
ORD12834,2025-12-20,North,ELECTRONICS,Smartphone,244.71,3.0,0.0,Online Wallet,47.0
ORD12405,2024-09-13,East, clothing ,Cap,300.5,9.0,,Debit Card,26.0
ORD13009,2024-10-12,West, clothing ,T-Shirt,147.89,5.0,0.0,Online Wallet,51.0
ORD14122,2025-01-29,South, clothing ,T-Shirt,402.37,4.0,10.0,Credit Card,31.0
ORD10762,2025-11-24,North,Electronics,Tablet,312.49,3.0,0.0, debit card ,51.0
ORD13890,2025-06-14,EAST,FURNITURE,Desk,392.57,8.0,0.0,Credit Card,21.0
ORD14481,2024-10-08,East,Toys,Puzzle,300.57,4.0,0.0,Credit Card,39.0
ORD10966,2024-02-25,South,Groceries,Coffee,441.22,5.0,20.0,Debit Card,33.0
ORD13314,2024-08-09,South,Groceries,Cereal,5.25,1.0,0.0,Credit Card,43.0
ORD13441,2025-02-09,South,Groceries,Cereal,20.24,3.0,15.0,Credit Card,56.0
ORD10682,2024-01-21,WEST, clothing ,Jeans,342.91,7.0,5.0,ONLINE WALLET,68.0
ORD12546,2025-10-18,South,TOYS,Puzzle,321.12,8.0,0.0,Online Wallet,42.0
ORD10991,2024-07-19,East,Electronics,Smartphone,287.24,9.0,10.0,Debit Card,18.0
ORD10914,2025-03-31,North,Furniture,Bed Frame,125.55,4.0,5.0,Credit Card,51.0
ORD14236,2024-10-23,East,TOYS,RC Car,448.91,,0.0,Debit Card,67.0
ORD14272,2025-12-23, west ,Toys,Lego Set,68.57,8.0,0.0,Online Wallet,39.0
ORD10185,2024-04-11,North, clothing ,Cap,454.37,6.0,5.0,Credit Card,34.0
ORD10922,2024-08-08, east ,Groceries,Cereal,470.74,2.0,15.0,Debit Card,
ORD14459,2024-11-13,WEST,Toys,Puzzle,,8.0,0.0, debit card ,57.0
ORD14170,2024-07-18,West,TOYS,Action Figure,389.08,9.0,0.0, online wallet ,34.0
ORD13556,2024-10-14,SOUTH,CLOTHING,T-Shirt,458.14,1.0,0.0,Credit Card,62.0
ORD11619,2024-06-14,West,Groceries,Juice,289.34,4.0,0.0,Credit Card,58.0
ORD11830,2024-02-19,West,Clothing,Cap,436.84,7.0,0.0, debit card ,64.0
ORD12484,2024-08-06,East,Furniture,Bed Frame,413.8,7.0,0.0,Cash,31.0
ORD13148,2024-06-25,North, electronics ,Tablet,447.84,5.0,10.0,Debit Card,38.0
ORD10740,2024-12-29,South,FURNITURE,Sofa,50.89,2.0,0.0,Debit Card,34.0
ORD14495,2024-02-13, south ,Furniture,Sofa,274.87,3.0,0.0,Cash,56.0
ORD10971,2024-07-20,South,Electronics,Headphones,132.9,6.0,10.0,Online Wallet,60.0
ORD12564,2024-09-26,South,Electronics,Headphones,282.8,2.0,0.0,Debit Card,24.0
ORD13962,2024-04-01, east ,Clothing,Sneakers,424.69,1.0,0.0,Credit Card,36.0
ORD11116,2025-05-10,NORTH,Clothing,Sneakers,188.7,6.0,0.0, credit card ,44.0
ORD10156,2024-10-19,South,Furniture,Sofa,25.84,1.0,15.0,Cash,26.0
ORD12467,2024-08-28,East,Electronics,Headphones,229.89,1.0,10.0,Credit Card,
ORD13860,2025-09-04,North,Toys,Board Game,414.31,7.0,0.0,Debit Card,60.0
ORD10831,2025-10-08,South,Toys,RC Car,346.26,9.0,0.0, debit card ,19.0
ORD10835,2025-04-22,North,Toys,Lego Set,,3.0,5.0,Cash,41.0
ORD12825,2025-06-01,East,Furniture,Sofa,85.05,1.0,0.0,Online Wallet,50.0
ORD10502,2025-05-29,East,Clothing,Jeans,314.18,5.0,0.0,Cash,42.0
ORD10989,2025-07-31,North,Toys,RC Car,404.59,4.0,0.0,Cash,27.0
ORD13937,2025-09-26,West,Groceries,Snacks,154.45,9.0,15.0, debit card ,41.0
ORD10923,2024-08-23,South,Electronics,Smartphone,328.1,5.0,0.0,Credit Card,64.0
ORD12044,2024-03-30,North, electronics ,Tablet,22.32,1.0,0.0,Cash,
ORD11980,2025-02-26,North,Furniture,Bed Frame,431.37,4.0,,Online Wallet,36.0
ORD10249,2025-06-20,West,Toys,Action Figure,120.11,4.0,0.0,ONLINE WALLET,23.0
ORD13911,2024-11-28, south , furniture ,Sofa,336.11,3.0,15.0,Cash,68.0
ORD12683,2024-11-01,East,Furniture,Office Chair,110.66,8.0,0.0,Debit Card,42.0
ORD11346,2024-08-16,North,Groceries,Cereal,302.67,5.0,0.0,Cash,65.0
ORD14866,2024-11-16,West,Groceries,Pasta,459.41,3.0,15.0,Credit Card,46.0
ORD14367,2024-09-30,East,Clothing,Jacket,457.74,9.0,5.0,Credit Card,31.0
ORD13653,2024-01-30,West,Electronics,Smartphone,436.24,6.0,0.0,Debit Card,42.0
ORD10355,2025-07-10,East,Clothing,Jacket,195.18,6.0,,Cash,59.0
ORD10744,2024-04-21,West,Furniture,Bed Frame,96.96,6.0,5.0,Debit Card,38.0
ORD10844,2024-03-06,SOUTH, electronics ,Smartphone,340.18,7.0,0.0,Credit Card,43.0
ORD10723,2025-08-08, west ,FURNITURE,Bed Frame,269.61,2.0,5.0,Online Wallet,54.0
ORD11976,2024-05-07,East,Furniture,Bed Frame,352.88,8.0,0.0,Online Wallet,21.0
ORD12955,2024-09-08,North,Clothing,Jacket,232.11,5.0,0.0,Debit Card,59.0
ORD12214,2024-02-27,West,Furniture,Bookshelf,306.71,1.0,0.0,DEBIT CARD,52.0
ORD13648,2024-12-27,South,Furniture,Office Chair,241.67,4.0,10.0,Online Wallet,56.0
ORD13870,2024-03-18,South,Clothing,T-Shirt,467.3,3.0,5.0,Cash,64.0
ORD13292,2024-05-12,West,ELECTRONICS,Laptop,15.86,5.0,0.0,Cash,63.0
ORD14691,2025-08-15,South, clothing ,T-Shirt,309.87,9.0,0.0,Debit Card,34.0
ORD11258,2025-12-08, east ,Groceries,Snacks,387.16,9.0,0.0, cash ,26.0
ORD12988,2025-04-09,South, toys ,Lego Set,237.53,6.0,0.0,Online Wallet,44.0
ORD10085,2024-02-22,South,Toys,Action Figure,176.97,3.0,0.0,Cash,33.0
ORD10746,2025-07-09,SOUTH, toys ,Lego Set,,6.0,,Debit Card,55.0
ORD11867,2024-08-21,South,Toys,Action Figure,462.59,7.0,0.0, online wallet ,43.0
ORD11315,2025-08-02,North, furniture ,Bed Frame,18.17,6.0,10.0,Debit Card,59.0
ORD13898,2024-04-05,West,Groceries,Juice,51.81,6.0,0.0,Cash,49.0
ORD10962,2024-04-01,South,Clothing,Jeans,376.38,1.0,0.0,Online Wallet,18.0
ORD10265,2025-03-11,East,FURNITURE,Sofa,388.45,7.0,5.0,Cash,60.0
ORD12428,2025-03-19,East,Electronics,Smartwatch,403.61,5.0,0.0,Online Wallet,33.0
ORD14116,2025-08-12,South,Electronics,Smartphone,88.8,8.0,5.0,Debit Card,
ORD13086,2024-06-01,South,Groceries,Juice,292.19,4.0,20.0,Credit Card,57.0
ORD13139,2024-07-04,East,Electronics,Smartwatch,84.3,6.0,20.0,Credit Card,63.0
ORD12069,2025-02-09,North,Electronics,Smartwatch,19.26,1.0,0.0, credit card ,25.0
ORD14202,2025-09-24,South, electronics ,Tablet,343.36,5.0,20.0,Online Wallet,19.0
ORD11800,2025-10-20,East,Furniture,Office Chair,477.41,5.0,15.0,Online Wallet,47.0
ORD12235,2024-10-01,South,Clothing,Sneakers,207.64,4.0,0.0,Cash,28.0
ORD13543,2024-04-05,West,CLOTHING,Jacket,20.6,2.0,0.0,Online Wallet,65.0
ORD13062,2024-03-11,West,GROCERIES,Juice,126.53,6.0,10.0, credit card ,62.0
ORD12212,2025-10-12,South,Groceries,Coffee,383.89,2.0,0.0,Online Wallet,63.0
ORD14987,2025-07-22,South,Electronics,Headphones,293.08,3.0,0.0,CREDIT CARD,21.0
ORD14266,2024-03-30,West,Groceries,Coffee,464.34,9.0,10.0,Online Wallet,44.0
ORD14803,2024-09-28,NORTH,Electronics,Laptop,37.06,8.0,0.0,Online Wallet,44.0
ORD11985,2024-11-11, west ,Clothing,Cap,380.7,8.0,0.0,Credit Card,38.0
ORD11371,2024-05-08,West,Clothing,Jacket,165.71,6.0,10.0,Online Wallet,28.0
ORD12122,2024-02-06,East,Furniture,Sofa,205.59,5.0,5.0,Credit Card,63.0
ORD13907,2024-02-05,North,Electronics,Headphones,32.02,4.0,0.0,Online Wallet,23.0
ORD14892,2024-01-30,North, electronics ,Tablet,132.47,5.0,20.0,Debit Card,68.0
ORD12057,2025-02-24,East,Groceries,Coffee,14.55,8.0,0.0,Online Wallet,62.0
ORD14890,2025-04-30,South, clothing ,Jeans,94.46,6.0,0.0,Credit Card,62.0
ORD13947,2024-01-16,East,CLOTHING,Sneakers,152.9,7.0,10.0,Debit Card,58.0
ORD12058,2024-10-04,East,Electronics,Headphones,424.37,5.0,10.0,Credit Card,67.0
ORD13711,2025-09-03,North,Clothing,Sneakers,245.77,1.0,15.0,Debit Card,54.0
ORD12904,2024-02-07,West,Electronics,Smartwatch,337.86,2.0,0.0,Debit Card,21.0
ORD13838,2025-05-09,West,Groceries,Pasta,226.32,1.0,0.0,Online Wallet,39.0
ORD14573,2025-04-22,East,Groceries,Cereal,73.44,7.0,0.0,Credit Card,39.0
ORD13070,2024-08-06,South,Groceries,Juice,262.43,2.0,0.0,Credit Card,50.0
ORD10284,2025-05-14,East, toys ,Action Figure,282.53,8.0,0.0,Debit Card,36.0
ORD10095,2025-01-03,East,Groceries,Snacks,284.41,9.0,0.0,ONLINE WALLET,43.0
ORD14868,2024-06-23,North,Electronics,Headphones,381.36,1.0,5.0,Cash,44.0
ORD12664,2025-10-02, west ,Electronics,Laptop,92.84,7.0,0.0,Online Wallet,48.0
ORD13955,2025-10-20,West,Clothing,Cap,70.49,3.0,5.0,Debit Card,41.0
ORD13442,2024-09-17, east ,Groceries,Cereal,181.67,1.0,0.0,Debit Card,46.0
ORD14338,2024-12-27,EAST,Electronics,Smartphone,192.43,6.0,0.0,Cash,33.0
ORD13527,2025-07-07,West,Electronics,Laptop,362.06,4.0,5.0,Credit Card,52.0
ORD12649,2024-01-13,WEST, clothing ,T-Shirt,197.68,5.0,20.0,Online Wallet,
ORD12280,2025-10-19,East,GROCERIES,Juice,471.42,,0.0,Debit Card,42.0
ORD12521,2024-04-05,East,Furniture,Bed Frame,406.28,1.0,5.0,Cash,33.0
ORD13613,2024-12-07,NORTH,Electronics,Headphones,310.12,2.0,0.0,Credit Card,57.0
ORD11284,2024-01-13,East,FURNITURE,Sofa,,8.0,0.0,ONLINE WALLET,26.0
ORD14022,2025-11-27,South,Toys,Board Game,377.35,4.0,10.0, cash ,30.0
ORD12003,2024-10-21,East,Electronics,Smartphone,258.58,5.0,0.0,Debit Card,41.0
ORD12153,2024-07-11,North,Electronics,Smartwatch,197.21,4.0,0.0,Debit Card,61.0
ORD13764,2025-09-12,East,TOYS,Board Game,287.43,8.0,0.0, online wallet ,63.0
ORD12239,2024-06-28,West,FURNITURE,Sofa,113.18,,0.0, online wallet ,42.0
ORD13932,2025-09-20,East,Furniture,Office Chair,66.58,6.0,5.0,Cash,35.0
ORD14371,2024-10-14,East,Groceries,Juice,481.62,1.0,20.0,Cash,31.0
ORD14151,2025-08-02,North,GROCERIES,Juice,301.45,7.0,0.0,Credit Card,39.0
ORD10043,2024-07-14,East, groceries ,Pasta,421.8,4.0,0.0, cash ,57.0
ORD13956,2025-05-30,North,Toys,RC Car,380.3,8.0,0.0,Online Wallet,42.0
ORD12802,2024-03-08, north ,Toys,Puzzle,225.41,3.0,0.0,ONLINE WALLET,25.0
ORD13089,2024-12-24,North,Clothing,Jeans,156.19,9.0,0.0, cash ,52.0
ORD14927,2024-07-01, north ,Groceries,Pasta,216.77,5.0,0.0,Online Wallet,39.0
ORD14575,2024-02-13,WEST,Furniture,Office Chair,452.55,2.0,0.0,CASH,66.0
ORD14333,2025-06-02,North,Toys,RC Car,461.47,5.0,0.0,Credit Card,
ORD11809,2024-05-06,West,Groceries,Juice,43.52,2.0,10.0,Credit Card,58.0
ORD11003,2024-02-12,South,Groceries,Snacks,386.26,6.0,0.0,DEBIT CARD,47.0
ORD13859,2025-05-06,West,TOYS,RC Car,474.77,7.0,0.0,Online Wallet,44.0
ORD12393,2024-06-11,South,Furniture,Office Chair,479.71,8.0,0.0,Debit Card,37.0
ORD11076,2024-03-28,North,Toys,Action Figure,474.71,6.0,0.0,Debit Card,42.0
ORD14535,2025-11-14, north ,Toys,Puzzle,48.83,8.0,0.0,Cash,41.0
ORD13855,2024-05-04,North,Toys,Action Figure,183.98,5.0,0.0,Online Wallet,18.0
ORD13412,2025-10-27, east ,Groceries,Coffee,432.38,4.0,0.0,Online Wallet,36.0
ORD14357,2025-12-01,East,CLOTHING,Jacket,279.72,8.0,0.0, online wallet ,42.0
ORD10300,2025-08-20,East,Furniture,Office Chair,282.81,1.0,20.0,Credit Card,51.0
ORD12898,2024-03-21,South,Clothing,T-Shirt,325.56,8.0,10.0,CASH,48.0
ORD12507,2024-03-20, east ,GROCERIES,Juice,386.23,8.0,0.0,Cash,65.0
ORD10942,2025-09-03,NORTH,Toys,RC Car,28.65,7.0,0.0,Credit Card,56.0
ORD14428,2024-07-22,East,Furniture,Bed Frame,490.29,6.0,0.0,Online Wallet,21.0
ORD12370,2025-04-25,East,Groceries,Snacks,356.5,1.0,0.0,CASH,24.0
ORD11259,2024-02-12,West, toys ,Puzzle,273.31,4.0,10.0,Cash,58.0
ORD14431,2024-03-15,SOUTH,Electronics,Tablet,268.21,6.0,0.0,Credit Card,50.0
ORD12522,2025-12-26,East,Clothing,Cap,205.1,2.0,20.0,Credit Card,47.0
ORD13156,2025-04-29,South,Toys,Puzzle,24.33,1.0,0.0,DEBIT CARD,52.0
ORD14101,2025-07-14,EAST, furniture ,Bookshelf,144.17,3.0,10.0,Online Wallet,61.0
ORD10841,2024-07-06,NORTH, groceries ,Pasta,98.21,6.0,0.0,Cash,42.0
ORD11868,2025-12-08,East,Toys,Lego Set,14.07,,5.0,Cash,31.0
ORD10326,2025-01-09,West, electronics ,Laptop,268.67,3.0,10.0,Debit Card,55.0
ORD12436,2025-09-04,West, groceries ,Juice,130.42,1.0,0.0,CASH,32.0
ORD13208,2025-08-19,East,Clothing,Jacket,476.01,7.0,0.0,ONLINE WALLET,37.0
ORD14736,2025-05-01,NORTH,Furniture,Desk,278.38,6.0,0.0,CREDIT CARD,38.0
ORD11464,2025-01-08,EAST,Groceries,Coffee,281.32,7.0,0.0,Debit Card,34.0
ORD13131,2024-06-17,North,Groceries,Coffee,420.86,9.0,0.0,Cash,
ORD12061,2025-09-14,North, toys ,Action Figure,168.46,9.0,0.0,Cash,35.0
ORD12571,2024-05-16,EAST,Groceries,Coffee,391.55,3.0,10.0,Credit Card,50.0
ORD13103,2025-06-26,West,Groceries,Coffee,261.8,9.0,0.0,Debit Card,48.0
ORD13333,2024-11-24,North,Toys,RC Car,130.9,6.0,0.0,CASH,37.0
ORD10603,2024-01-22,West, groceries ,Pasta,265.11,4.0,0.0,Online Wallet,50.0
ORD10865,2024-01-18,East,Clothing,T-Shirt,106.11,7.0,0.0,Online Wallet,18.0
ORD11890,2024-12-07, east , groceries ,Snacks,,5.0,0.0,Debit Card,25.0
ORD14042,2024-12-04,South, groceries ,Cereal,354.87,2.0,0.0,Debit Card,42.0
ORD14684,2025-01-01,North, clothing ,Jeans,261.35,4.0,0.0,Credit Card,36.0
ORD14624,2025-04-29,East,TOYS,Lego Set,400.68,9.0,0.0,Debit Card,44.0
ORD13367,2025-04-07,South, toys ,Board Game,477.47,3.0,0.0,Credit Card,34.0
ORD11280,2024-04-11,South,Electronics,Smartphone,122.44,6.0,5.0, credit card ,44.0
ORD10830,2025-05-25,North,Electronics,Headphones,497.41,3.0,0.0,Online Wallet,45.0
ORD13149,2024-05-05, west , electronics ,Laptop,336.53,6.0,5.0,Debit Card,61.0
ORD13799,2025-02-06,East,Toys,Action Figure,333.79,7.0,20.0, cash ,45.0
ORD11904,2025-07-20,South, furniture ,Desk,155.94,1.0,0.0,Cash,66.0
ORD12050,2024-10-22,East,Clothing,Jeans,396.26,6.0,20.0,Credit Card,29.0
ORD11302,2025-10-18,East,Electronics,Smartwatch,346.46,8.0,0.0,Cash,45.0
ORD10328,2024-11-29,East,CLOTHING,Cap,372.88,4.0,0.0,Online Wallet,25.0
ORD11704,2025-06-20,East,Furniture,Office Chair,,7.0,0.0, debit card ,40.0
ORD12493,2025-01-24,East,ELECTRONICS,Smartphone,488.77,9.0,0.0,Cash,
ORD13557,2025-08-31,East, furniture ,Desk,84.47,8.0,10.0,Debit Card,51.0
ORD14025,2024-03-27,East,Groceries,Coffee,77.42,2.0,10.0,ONLINE WALLET,24.0
ORD10479,2024-09-07,North,Electronics,Laptop,239.76,5.0,0.0,Debit Card,33.0
ORD13629,2025-04-15,East,Toys,RC Car,95.39,5.0,0.0,Credit Card,36.0
ORD11175,2024-07-09, north ,Groceries,Snacks,420.29,6.0,0.0,Cash,58.0
ORD14667,2025-05-15,West,Electronics,Tablet,387.69,4.0,0.0,Debit Card,50.0
ORD12957,2024-08-01,East,Toys,Action Figure,40.65,1.0,20.0,Debit Card,35.0
ORD14010,2024-05-24,WEST,Groceries,Cereal,145.65,3.0,15.0,Credit Card,39.0
ORD10117,2025-01-12,East,Electronics,Tablet,39.12,3.0,5.0,Online Wallet,58.0
ORD12862,2024-09-04,North,Clothing,T-Shirt,480.17,4.0,0.0,Credit Card,33.0
ORD10879,2024-03-25,North,Furniture,Bed Frame,476.37,3.0,0.0, debit card ,41.0
ORD11029,2024-01-10,East,Electronics,Smartphone,176.08,,0.0,Cash,28.0
ORD10466,2024-01-21,West,Electronics,Smartphone,374.65,3.0,10.0,Online Wallet,36.0
ORD11982,2024-10-03,East,FURNITURE,Bookshelf,417.96,2.0,0.0,Debit Card,67.0
ORD13083,2024-11-26,South,ELECTRONICS,Headphones,493.19,8.0,0.0,DEBIT CARD,59.0
ORD11901,2025-11-18,NORTH,Clothing,Jacket,94.72,5.0,10.0,Debit Card,30.0
ORD11975,2024-10-23,East,Toys,Action Figure,225.49,9.0,0.0,Credit Card,29.0
ORD10776,2024-01-19,West,Groceries,Juice,238.46,7.0,0.0,Credit Card,21.0
ORD11786,2025-10-09,East,Toys,Action Figure,253.77,5.0,5.0,Online Wallet,34.0
ORD14886,2025-09-18,North,Furniture,Desk,88.88,8.0,10.0,Cash,57.0
ORD10275,2025-08-29,South, groceries ,Cereal,,7.0,10.0,Credit Card,39.0
ORD10084,2024-05-12,North, furniture ,Bookshelf,399.25,8.0,10.0,Credit Card,37.0
ORD11665,2025-12-04,North, electronics ,Smartphone,205.02,8.0,0.0,CASH,32.0
ORD13487,2025-05-07,East,Clothing,Cap,368.19,5.0,0.0,Cash,56.0
ORD12789,2024-02-11,North,Toys,Lego Set,387.88,3.0,0.0,Online Wallet,61.0
ORD12143,2024-08-02,East,Electronics,Tablet,289.4,5.0,0.0,ONLINE WALLET,30.0
ORD12199,2024-03-15,North,Electronics,Laptop,319.37,1.0,0.0,Cash,46.0
ORD10511,2025-03-13,NORTH, furniture ,Bed Frame,293.68,8.0,0.0,CASH,39.0
ORD13209,2024-07-22,South,Toys,RC Car,25.53,7.0,0.0,Credit Card,58.0
ORD10731,2024-10-27,North,Electronics,Smartphone,193.34,3.0,20.0,Credit Card,43.0
ORD12220,2024-11-19,East,Clothing,Cap,435.24,9.0,5.0,Credit Card,48.0
ORD12783,2024-09-04,South,Groceries,Cereal,278.61,2.0,0.0,Credit Card,52.0
ORD12002,2025-05-12,South,Electronics,Laptop,486.27,9.0,10.0,Debit Card,28.0
ORD14949,2024-03-06, north ,Toys,Lego Set,402.22,8.0,0.0,Cash,51.0
ORD13666,2025-01-19,WEST,Toys,Board Game,148.9,4.0,5.0,DEBIT CARD,29.0
ORD14649,2025-09-25,East,Clothing,Sneakers,185.68,5.0,0.0,Credit Card,31.0
ORD11633,2024-01-06,South,Clothing,Jeans,283.78,4.0,0.0,Debit Card,48.0
ORD12757,2025-03-08,South,Electronics,Headphones,439.45,1.0,0.0,ONLINE WALLET,63.0
ORD12859,2025-03-25,North,Toys,Action Figure,276.65,1.0,20.0,Cash,51.0
ORD11184,2025-03-31,NORTH,Toys,Board Game,356.94,6.0,0.0,CREDIT CARD,49.0
ORD13122,2025-05-23,West,Toys,Board Game,413.54,5.0,10.0,Online Wallet,31.0
ORD13184,2024-03-18,South,Electronics,Tablet,384.24,3.0,0.0,Debit Card,18.0
ORD12055,2024-10-28,East, groceries ,Pasta,264.37,5.0,0.0,Debit Card,46.0
ORD14334,2024-12-07,WEST,Toys,Board Game,436.34,2.0,5.0,Credit Card,
ORD14083,2024-02-15,WEST,Furniture,Desk,319.08,7.0,0.0,Debit Card,67.0
ORD10127,2024-06-10,SOUTH, furniture ,Bookshelf,207.32,7.0,20.0,Online Wallet,67.0
ORD10164,2024-08-13,EAST,Electronics,Smartwatch,,6.0,0.0,Credit Card,65.0
ORD14832,2024-02-10,East,Electronics,Headphones,254.64,4.0,5.0, credit card ,64.0
ORD11510,2024-09-03,East,Furniture,Bed Frame,437.68,6.0,0.0,Cash,49.0
ORD13199,2025-11-22,North,Electronics,Tablet,126.72,9.0,10.0,Debit Card,19.0
ORD11319,2025-12-20,West,Electronics,Headphones,230.53,3.0,15.0,Debit Card,34.0
ORD12540,2024-01-06,North,Clothing,T-Shirt,373.28,1.0,15.0,Debit Card,34.0
ORD10472,2024-09-03,North,Groceries,Pasta,5.99,2.0,0.0, online wallet ,35.0
ORD11997,2025-08-27,SOUTH,Furniture,Bookshelf,,6.0,0.0,Cash,37.0
ORD10018,2025-09-24,East, electronics ,Headphones,409.92,9.0,0.0,Debit Card,25.0
ORD13952,2025-11-20,North,Furniture,Desk,397.72,5.0,0.0,ONLINE WALLET,21.0
ORD12956,2024-08-24,East,Clothing,Cap,186.57,2.0,0.0,Credit Card,60.0
ORD12042,2025-01-06,East, toys ,Action Figure,449.85,3.0,0.0,Credit Card,46.0
ORD12137,2024-05-13,North,Furniture,Office Chair,49.4,4.0,0.0,Online Wallet,27.0
ORD11025,2024-03-04,South,Groceries,Snacks,35.04,8.0,10.0,Online Wallet,28.0
ORD10097,2025-03-21,South,Toys,Lego Set,146.12,8.0,10.0, cash ,20.0
ORD14574,2024-02-17,South, clothing ,T-Shirt,384.91,3.0,0.0,Cash,51.0
ORD13114,2025-03-16, east ,Electronics,Smartphone,140.73,6.0,20.0,Debit Card,45.0
ORD12835,2025-03-19, west ,Toys,Action Figure,,5.0,0.0,Online Wallet,64.0
ORD13161,2024-10-01,East,Toys,Action Figure,201.5,5.0,0.0,Cash,46.0
ORD10449,2024-05-27,North,Groceries,Cereal,301.53,4.0,0.0,Debit Card,47.0
ORD10550,2025-03-08,North,Clothing,Jeans,412.13,5.0,5.0,Credit Card,69.0
ORD14372,2025-09-24,North, furniture ,Desk,399.51,7.0,15.0,Debit Card,58.0
ORD13744,2025-02-06,North,Clothing,Sneakers,407.32,7.0,0.0, debit card ,64.0
ORD10178,2025-12-07,East,Groceries,Cereal,475.68,8.0,0.0,Credit Card,64.0
ORD13654,2024-03-13,NORTH,Groceries,Pasta,485.6,3.0,15.0,CASH,49.0
ORD11340,2025-03-05,West,Groceries,Pasta,137.94,1.0,5.0,CASH,67.0
ORD14952,2025-06-24,South,TOYS,Puzzle,40.36,1.0,0.0,Cash,28.0
ORD13548,2025-07-21,East,CLOTHING,Jacket,274.7,3.0,0.0,Debit Card,46.0
ORD13520,2024-08-04,West,Clothing,Sneakers,107.91,8.0,0.0,Credit Card,57.0
ORD11591,2025-06-09,North, furniture ,Bed Frame,314.8,8.0,0.0, credit card ,28.0
ORD11516,2024-05-13, south ,Electronics,Smartphone,391.36,7.0,10.0,Debit Card,47.0
ORD10741,2025-05-30,South,Electronics,Laptop,91.42,2.0,0.0,Debit Card,
ORD11769,2024-02-09,NORTH,Furniture,Office Chair,21.03,,0.0, cash ,67.0
ORD14726,2025-05-12,West,Electronics,Tablet,301.04,7.0,0.0,Credit Card,47.0
ORD10483,2024-10-18,WEST,Groceries,Coffee,424.72,4.0,0.0, credit card ,35.0
ORD14901,2024-07-14,East,Electronics,Smartphone,69.01,3.0,15.0,Credit Card,60.0
ORD12810,2024-12-02,South,Clothing,Jacket,452.14,2.0,0.0,Online Wallet,39.0
ORD12021,2025-07-07,South,Toys,Board Game,140.15,3.0,0.0,Cash,47.0
ORD11218,2024-09-21,North,Electronics,Smartphone,17.44,3.0,0.0,Debit Card,68.0
ORD11910,2025-02-08,West,Clothing,Sneakers,204.85,9.0,10.0,Debit Card,67.0
ORD12485,2025-09-27,WEST,Furniture,Sofa,477.3,9.0,0.0,Credit Card,45.0
ORD10780,2024-11-01,West,Clothing,Jacket,10.2,8.0,10.0,CREDIT CARD,60.0
ORD10077,2025-10-06,East,Electronics,Smartwatch,498.34,5.0,0.0,CREDIT CARD,54.0
ORD11889,2024-02-16,West,Groceries,Cereal,317.84,8.0,0.0,Debit Card,48.0
ORD14705,2025-10-05, south ,TOYS,Board Game,87.67,,0.0,Online Wallet,33.0
ORD10673,2024-06-27,South,Toys,RC Car,443.71,9.0,0.0,Online Wallet,61.0
ORD12203,2024-10-17,South,Toys,Board Game,293.39,7.0,0.0,Cash,37.0
ORD10458,2024-12-31,North,Groceries,Coffee,139.05,2.0,0.0,Credit Card,67.0
ORD12865,2025-01-21,South,Furniture,Bookshelf,10.32,4.0,0.0,ONLINE WALLET,55.0
ORD10752,2025-03-11,East,Toys,Action Figure,496.67,2.0,20.0,Online Wallet,50.0
ORD10121,2024-06-27,West,Clothing,T-Shirt,127.87,9.0,0.0,Debit Card,41.0
ORD13637,2024-08-27,North,Electronics,Laptop,24.8,-1.0,0.0,Debit Card,31.0
ORD10699,2024-07-07,East,Toys,Board Game,256.9,2.0,10.0,Cash,47.0
ORD12924,2024-08-12,NORTH,Toys,Action Figure,299.8,9.0,10.0,Online Wallet,28.0
ORD14516,2025-07-12,East,ELECTRONICS,Headphones,,4.0,0.0,DEBIT CARD,48.0
ORD11492,2025-06-10,North,TOYS,Board Game,382.51,8.0,0.0,DEBIT CARD,68.0
ORD12530,2024-05-25,South,Furniture,Desk,235.97,4.0,0.0, cash ,54.0
ORD11948,2025-12-30,North,Electronics,Laptop,,4.0,0.0,Debit Card,20.0
ORD12086,2024-02-09,East,Groceries,Snacks,442.14,7.0,10.0,Cash,29.0
ORD13365,2025-10-22,South,Toys,Lego Set,271.64,1.0,0.0,Cash,23.0
ORD10031,2025-02-01,North,Electronics,Tablet,166.07,4.0,0.0, online wallet ,24.0
ORD12154,2024-10-27,North,Clothing,Jacket,277.49,2.0,20.0,Credit Card,65.0
ORD12758,2025-10-13,North,Clothing,Cap,336.21,1.0,5.0,Online Wallet,24.0
ORD10069,2024-08-14, west ,Groceries,Pasta,349.23,9.0,0.0,Credit Card,66.0
ORD11449,2025-04-09,South,Electronics,Smartphone,412.03,6.0,0.0,Credit Card,65.0
ORD13175,2025-07-14,SOUTH,Clothing,Jeans,471.39,9.0,0.0,Online Wallet,67.0
ORD13627,2024-03-20,East,Toys,Action Figure,92.04,4.0,0.0,Credit Card,50.0
ORD13877,2025-02-21,West, electronics ,Tablet,368.14,2.0,0.0,CREDIT CARD,27.0
ORD13959,2025-06-06,East, toys ,Puzzle,336.48,,15.0,Credit Card,41.0
ORD14841,2024-03-22,North, furniture ,Office Chair,384.24,5.0,0.0,Debit Card,59.0
ORD13221,2025-11-09, east ,Groceries,Cereal,246.3,1.0,0.0,Online Wallet,60.0
ORD13146,2024-03-01,West,Groceries,Snacks,375.36,8.0,0.0,Online Wallet,30.0
ORD11531,2025-12-01,East,Clothing,Sneakers,,6.0,0.0,Debit Card,51.0
ORD14501,2025-09-21,East,Furniture,Bookshelf,273.58,9.0,0.0,CREDIT CARD,18.0
ORD12432,2025-05-17,NORTH,Electronics,Smartwatch,214.44,3.0,0.0,Debit Card,58.0
ORD14361,2024-12-04,West,Furniture,Desk,,7.0,0.0,Online Wallet,42.0
ORD13574,2025-09-21,South,Clothing,Jeans,429.79,-7.0,0.0,Debit Card,26.0
ORD13182,2024-08-10,North,Clothing,Sneakers,468.73,4.0,0.0,Online Wallet,38.0
ORD11912,2024-12-11,East,Groceries,Snacks,244.58,3.0,0.0,Online Wallet,23.0
ORD10504,2025-10-12,East,Groceries,Cereal,464.92,7.0,0.0,Cash,22.0
ORD10339,2025-01-16,South,Furniture,Bookshelf,142.52,8.0,0.0,Credit Card,34.0
ORD13580,2024-05-01,West,Electronics,Tablet,381.58,8.0,0.0,Cash,45.0
ORD14779,2025-04-08,South,Clothing,Jeans,443.14,7.0,0.0,Credit Card,68.0
ORD10798,2024-05-14,North,Groceries,Coffee,161.24,5.0,5.0,Debit Card,55.0
ORD14784,2025-01-31,North,Toys,Board Game,492.85,2.0,0.0,Cash,22.0
ORD14903,2024-03-19,West,Clothing,Jacket,369.63,7.0,0.0,Cash,31.0
ORD10061,2024-02-11,North,Electronics,Smartwatch,487.25,5.0,5.0,Credit Card,60.0
ORD11775,2024-05-02,SOUTH,CLOTHING,Jeans,439.43,6.0,10.0,Credit Card,36.0
ORD12845,2024-07-14,East,Clothing,Cap,214.15,6.0,15.0,Online Wallet,38.0
ORD10470,2024-02-08,East,Clothing,Cap,100.96,6.0,5.0,CASH,34.0
ORD12460,2025-09-03,NORTH, clothing ,T-Shirt,246.99,9.0,20.0,Online Wallet,65.0
ORD14237,2024-02-25,South,CLOTHING,Sneakers,31.63,6.0,5.0,ONLINE WALLET,46.0
ORD11567,2025-10-19,North,Furniture,Office Chair,157.74,6.0,0.0,Debit Card,19.0
ORD14289,2025-03-29,North,Toys,Puzzle,12.48,4.0,0.0,DEBIT CARD,61.0
ORD14456,2024-02-28,South,GROCERIES,Pasta,376.75,6.0,0.0,Online Wallet,18.0
ORD12848,2025-12-03,East,TOYS,Puzzle,224.81,9.0,0.0,Cash,22.0
ORD11689,2024-04-19,South,Furniture,Desk,315.71,7.0,10.0,CREDIT CARD,54.0
ORD14153,2025-08-09,North,Clothing,Jacket,289.38,4.0,0.0,Debit Card,32.0
ORD12986,2024-05-16,South,Toys,Lego Set,494.9,4.0,10.0,DEBIT CARD,31.0
ORD12419,2025-03-13,EAST,Groceries,Juice,222.36,6.0,,ONLINE WALLET,48.0
ORD14454,2024-02-26,East,Toys,Action Figure,244.23,2.0,0.0,CREDIT CARD,57.0
ORD14816,2025-09-13,North,Clothing,Jacket,72.34,4.0,5.0,Debit Card,50.0
ORD11568,2025-02-15,NORTH,Clothing,Cap,71.01,4.0,0.0,Debit Card,20.0
ORD13965,2025-06-27,North, clothing ,Cap,140.92,1.0,0.0,Cash,69.0
ORD12339,2024-04-07,South,Clothing,Jacket,294.19,6.0,0.0,Cash,59.0
ORD12094,2024-05-16,East,Electronics,Smartwatch,126.39,3.0,0.0,Cash,56.0
ORD12041,2025-08-25,North,Toys,Board Game,474.65,1.0,0.0,Credit Card,35.0
ORD14373,2025-11-19,SOUTH,Groceries,Pasta,388.01,3.0,0.0,Debit Card,66.0
ORD12200,2025-03-11, south ,Electronics,Smartphone,441.19,4.0,0.0,Cash,22.0
ORD12272,2025-02-15,West,Clothing,T-Shirt,199.16,3.0,20.0,Debit Card,64.0
ORD10381,2025-04-15,East,Groceries,Pasta,361.72,7.0,0.0,Debit Card,35.0
ORD13864,2025-09-08,North,Clothing,Sneakers,271.74,2.0,0.0,Cash,28.0
ORD12412,2025-03-26,West,FURNITURE,Bookshelf,291.24,3.0,0.0,Debit Card,23.0
ORD13912,2025-02-12,South,Toys,Action Figure,115.65,3.0,10.0,Debit Card,46.0
ORD11390,2024-05-31,East,TOYS,Action Figure,84.3,9.0,10.0, cash ,40.0
ORD14598,2025-10-02,West,Furniture,Bed Frame,12.37,5.0,10.0,Debit Card,69.0
ORD13914,2024-10-28, south ,Toys,Puzzle,308.27,4.0,15.0,Cash,47.0
ORD11952,2024-12-19, east ,Clothing,Cap,102.8,4.0,0.0,Debit Card,19.0
ORD14162,2024-12-21,West,Groceries,Juice,461.14,6.0,0.0,Credit Card,45.0
ORD12915,2024-02-13,South,FURNITURE,Bed Frame,373.62,8.0,0.0,Credit Card,45.0
ORD12342,2024-02-16,North,TOYS,Board Game,258.54,7.0,0.0,CASH,54.0
ORD14209,2024-01-19,East,Groceries,Cereal,284.74,3.0,15.0,Online Wallet,45.0
ORD10245,2025-08-16, south ,Electronics,Smartphone,315.84,8.0,0.0,Debit Card,23.0
ORD11439,2024-02-26,EAST,Groceries,Snacks,60.99,2.0,0.0,Cash,59.0
ORD11022,2024-02-12,West,Furniture,Office Chair,226.15,3.0,0.0,Online Wallet,33.0
ORD13233,2025-10-28,South, groceries ,Pasta,231.03,7.0,10.0,Cash,65.0
ORD10411,2024-05-04,East,Clothing,Cap,,5.0,20.0,Debit Card,25.0
ORD12261,2024-07-12,West,Clothing,Jeans,104.71,8.0,0.0,Credit Card,50.0
ORD11062,2024-07-21, east ,Electronics,Tablet,58.17,1.0,,Cash,64.0
ORD14212,2024-10-26,East,Electronics,Smartphone,358.99,4.0,15.0,Cash,66.0
ORD13406,2024-07-02,North,Electronics,Laptop,454.79,5.0,15.0, debit card ,38.0
ORD14343,2024-04-11,East,Electronics,Laptop,421.88,2.0,10.0,Debit Card,54.0
ORD13561,2025-08-12,West,Furniture,Desk,,8.0,0.0,Credit Card,30.0
ORD10665,2025-04-25,South, electronics ,Headphones,138.05,8.0,0.0,Debit Card,42.0
ORD13731,2024-08-13,East,Toys,Action Figure,162.67,3.0,0.0,Online Wallet,58.0
ORD14748,2024-10-12,North,Electronics,Headphones,445.63,1.0,5.0,Debit Card,42.0
ORD14188,2024-09-24,South,Furniture,Sofa,399.49,8.0,0.0,Cash,23.0
ORD13691,2025-02-23,West,ELECTRONICS,Smartphone,16.99,9.0,10.0,Cash,44.0
ORD10114,2024-01-11,West,Clothing,Cap,479.74,8.0,0.0,Online Wallet,40.0
ORD13989,2025-02-15,West, toys ,Action Figure,45.45,7.0,0.0,Cash,68.0
ORD12302,2025-03-16,East,CLOTHING,T-Shirt,271.18,9.0,,Online Wallet,34.0
ORD12477,2024-01-03,West,Furniture,Sofa,121.8,,5.0,DEBIT CARD,52.0
ORD13250,2024-08-12, south ,Clothing,T-Shirt,250.61,2.0,0.0,Credit Card,40.0
ORD10118,2025-09-04,South,Clothing,T-Shirt,492.5,4.0,0.0,Credit Card,18.0
ORD11981,2024-03-29,North,GROCERIES,Pasta,199.87,5.0,0.0,Credit Card,34.0
ORD12180,2024-12-17,WEST,Electronics,Smartwatch,42.36,2.0,0.0,CREDIT CARD,41.0
ORD10162,2024-03-29,West,Clothing,Cap,298.51,5.0,0.0,Credit Card,20.0
ORD10263,2025-03-24,West, clothing ,Cap,224.42,8.0,0.0,Credit Card,40.0
ORD14342,2025-11-14,East,Clothing,Cap,136.3,1.0,0.0,Debit Card,57.0
ORD10775,2024-05-24,North,Groceries,Pasta,237.36,3.0,0.0,Debit Card,31.0
ORD14629,2024-04-02,North,GROCERIES,Juice,476.98,4.0,,Cash,43.0
ORD14473,2025-06-09,West, groceries ,Snacks,301.71,9.0,20.0,CASH,45.0
ORD10651,2024-11-04, east ,Clothing,Jacket,,6.0,5.0,Online Wallet,58.0
ORD13723,2025-08-16,South,Electronics,Tablet,285.39,4.0,15.0,Cash,55.0
ORD14603,2024-08-04,North,Toys,Puzzle,119.19,4.0,0.0, credit card ,34.0
ORD11170,2025-01-01,East,Clothing,Jeans,33.28,3.0,10.0, online wallet ,19.0
ORD14697,2024-04-03,East,Groceries,Snacks,256.15,2.0,0.0,Credit Card,22.0
ORD13011,2024-01-01,South,Toys,Board Game,16.2,7.0,0.0,DEBIT CARD,60.0
ORD14550,2025-09-12,South,FURNITURE,Office Chair,257.03,2.0,20.0,Cash,22.0
ORD13874,2024-08-17,West,Electronics,Smartwatch,304.23,2.0,0.0,Credit Card,51.0
ORD14398,2025-07-31,WEST,Clothing,T-Shirt,287.97,9.0,0.0,DEBIT CARD,35.0
ORD11368,2024-11-01, east ,Electronics,Laptop,172.17,8.0,0.0,Cash,65.0
ORD10897,2024-07-16,North,Electronics,Headphones,458.95,9.0,0.0,Debit Card,24.0
ORD10928,2024-09-29,East,Furniture,Sofa,444.88,4.0,5.0,Credit Card,26.0
ORD10014,2024-01-15,East, clothing ,T-Shirt,59.89,,0.0,Cash,66.0
ORD12548,2024-06-24,SOUTH,Groceries,Juice,125.69,5.0,0.0,Cash,44.0
ORD10967,2025-06-03, west ,Groceries,Pasta,286.62,9.0,0.0,DEBIT CARD,32.0
ORD11106,2024-01-12,South,Furniture,Sofa,375.44,9.0,0.0,Cash,43.0
ORD14680,2025-09-01,West,Electronics,Tablet,310.19,3.0,0.0,Online Wallet,61.0
ORD14336,2025-11-23,East,Furniture,Desk,128.37,8.0,0.0,Credit Card,45.0
ORD13968,2024-06-06,East,Groceries,Cereal,,3.0,0.0,Cash,63.0
ORD11254,2025-06-16,WEST,Electronics,Laptop,341.62,8.0,20.0,Cash,52.0
ORD12648,2025-08-29,WEST,Furniture,Bed Frame,342.46,6.0,0.0,Cash,20.0
ORD12923,2025-02-08,West,Toys,Lego Set,234.43,7.0,20.0,Credit Card,26.0
ORD14264,2024-12-25,East,Clothing,Sneakers,105.98,,20.0,Online Wallet,58.0
ORD13778,2024-11-20,SOUTH,Clothing,Cap,173.99,7.0,0.0,DEBIT CARD,32.0
ORD11639,2024-12-16,North,Furniture,Sofa,143.63,9.0,0.0,Cash,48.0
ORD11133,2025-09-18, north ,Clothing,T-Shirt,423.17,4.0,0.0,Credit Card,50.0
ORD14768,2025-06-15,East,Furniture,Sofa,83.31,4.0,0.0,Debit Card,68.0
ORD13519,2025-07-14,West,Electronics,Laptop,199.29,2.0,5.0,Debit Card,41.0
ORD11878,2025-07-28,East,Electronics,Laptop,172.84,6.0,10.0, cash ,47.0
ORD10271,2025-09-17,South,Clothing,Sneakers,471.82,4.0,0.0,Online Wallet,68.0
ORD11473,2024-11-02,East,Toys,Board Game,492.68,4.0,0.0,Cash,54.0
ORD11547,2025-05-25,North,Electronics,Laptop,274.08,3.0,0.0,Cash,44.0
ORD14310,2024-03-06,East,Clothing,Jacket,184.48,9.0,0.0,DEBIT CARD,27.0
ORD14945,2024-02-10,North,Furniture,Desk,247.73,4.0,0.0,Cash,27.0
ORD14440,2025-03-13,South,Groceries,Juice,170.53,6.0,5.0,DEBIT CARD,58.0
ORD10838,2024-10-25,West,Furniture,Bookshelf,464.37,2.0,20.0,Credit Card,59.0
ORD12195,2025-10-04,North,ELECTRONICS,Headphones,292.09,1.0,0.0,Debit Card,44.0
ORD11835,2024-04-24, north ,Groceries,Coffee,61.77,4.0,0.0,Debit Card,59.0
ORD10412,2025-04-22,West,Toys,Action Figure,360.57,1.0,0.0,CREDIT CARD,37.0
ORD11712,2025-08-23,West,Clothing,Jeans,44.76,2.0,0.0,Credit Card,47.0
ORD14438,2025-11-24,West,Groceries,Pasta,257.73,6.0,0.0, credit card ,64.0
ORD12795,2025-04-06,South, clothing ,Jacket,415.29,5.0,0.0,Debit Card,67.0
ORD12221,2025-07-04,West,Groceries,Juice,156.05,7.0,15.0,Debit Card,33.0
ORD10377,2024-10-21, south ,Toys,Lego Set,203.65,7.0,15.0,DEBIT CARD,44.0
ORD11491,2024-01-08,West,ELECTRONICS,Smartphone,231.53,2.0,0.0,Credit Card,26.0
ORD10738,2025-06-18,North,CLOTHING,Jeans,395.57,9.0,0.0,Credit Card,23.0
ORD13377,2025-07-19,North,Clothing,Jeans,373.22,2.0,0.0,Debit Card,57.0
ORD13615,2025-02-24,North,Electronics,Smartwatch,252.5,6.0,0.0,Debit Card,31.0
ORD14696,2025-08-14,West,CLOTHING,Sneakers,210.58,4.0,10.0,ONLINE WALLET,31.0
ORD10052,2025-11-05,SOUTH,Groceries,Juice,323.43,1.0,10.0,Cash,54.0
ORD14114,2025-07-08,North,Clothing,Jacket,119.98,2.0,5.0,Credit Card,68.0
ORD12269,2024-08-19,NORTH,FURNITURE,Office Chair,384.1,1.0,0.0,Cash,26.0
ORD13094,2025-10-28,NORTH,Groceries,Pasta,310.81,6.0,0.0,Cash,48.0
ORD11389,2024-04-16,South,ELECTRONICS,Tablet,408.51,7.0,10.0,Credit Card,35.0
ORD13188,2024-05-22,South,Electronics,Headphones,123.4,5.0,0.0,Cash,60.0
ORD13478,2024-05-06,East,Groceries,Pasta,44.86,7.0,0.0,Online Wallet,63.0
ORD13433,2025-01-31,North,Clothing,Jeans,104.37,8.0,0.0, debit card ,56.0
ORD14191,2025-08-14,North,Electronics,Tablet,318.14,1.0,10.0,Cash,66.0
ORD12309,2025-09-30,North,Furniture,Office Chair,455.88,7.0,0.0, debit card ,53.0
ORD13222,2025-12-28,North, electronics ,Smartwatch,293.11,3.0,,Online Wallet,36.0
ORD12590,2024-08-18,West,GROCERIES,Snacks,476.76,1.0,0.0,CASH,57.0
ORD11632,2024-03-13,South,Clothing,Cap,202.58,6.0,0.0,Debit Card,28.0
ORD14275,2024-05-01,WEST,Furniture,Office Chair,,5.0,0.0,Online Wallet,52.0
ORD13174,2024-10-13,North,FURNITURE,Bookshelf,377.02,4.0,5.0,Online Wallet,42.0
ORD12976,2024-09-26, north ,Electronics,Headphones,431.44,4.0,5.0,Cash,28.0
ORD14280,2024-04-30,West,Groceries,Coffee,86.69,4.0,0.0, debit card ,19.0
ORD10467,2024-05-08,North,Clothing,Sneakers,158.35,8.0,0.0,Credit Card,38.0
ORD14869,2025-08-30,South,Toys,Board Game,252.43,6.0,0.0,Credit Card,36.0
ORD10903,2024-03-24,South,Furniture,Sofa,55.65,4.0,0.0,Debit Card,40.0
ORD14845,2025-03-18,North,Groceries,Coffee,363.92,9.0,0.0, credit card ,19.0
ORD10071,2024-01-08,North,Groceries,Juice,88.99,4.0,0.0,Debit Card,67.0
ORD13217,2024-10-31,North,Electronics,Headphones,454.34,6.0,0.0,Debit Card,35.0
ORD11898,2024-11-08,North,Groceries,Snacks,234.75,3.0,15.0,Cash,
ORD13995,2025-01-14,West,Electronics,Headphones,24.44,8.0,0.0, debit card ,50.0
ORD11207,2024-12-11, south , toys ,RC Car,131.27,1.0,0.0,Debit Card,56.0
ORD12077,2024-10-25,West,Electronics,Tablet,489.58,9.0,0.0,Debit Card,56.0
ORD11590,2024-08-01,South,Clothing,Cap,428.38,7.0,0.0,DEBIT CARD,19.0
ORD12844,2024-01-10,East, electronics ,Laptop,434.06,4.0,0.0,Credit Card,63.0
ORD12205,2024-07-10,East,Clothing,Jacket,79.66,1.0,0.0,Cash,41.0
ORD12980,2024-09-18,East, electronics ,Headphones,305.99,4.0,0.0,Debit Card,55.0
ORD10658,2024-10-29,WEST,Groceries,Snacks,17.47,7.0,5.0,Online Wallet,44.0
ORD10063,2025-09-25,North,Toys,Action Figure,77.57,,0.0,Online Wallet,65.0
ORD11838,2025-06-03,North,ELECTRONICS,Laptop,59.31,3.0,0.0,Credit Card,58.0
ORD14000,2024-03-06,East,Furniture,Sofa,481.98,6.0,0.0,Online Wallet,52.0
ORD13036,2024-09-09,South,Electronics,Laptop,152.27,7.0,0.0,Credit Card,25.0
ORD10454,2025-02-23,South,Clothing,T-Shirt,364.23,6.0,20.0, credit card ,27.0
ORD10402,2025-08-30,West,Electronics,Smartwatch,327.22,6.0,0.0,Cash,43.0
ORD11472,2024-11-16,West,Toys,Puzzle,116.32,8.0,0.0,Debit Card,25.0
ORD10677,2024-09-26,East, groceries ,Cereal,95.49,6.0,0.0,Debit Card,36.0
ORD13356,2025-11-17,West,Groceries,Juice,394.81,5.0,0.0,DEBIT CARD,45.0
ORD11616,2025-07-12,North,Toys,Action Figure,448.22,7.0,0.0,Online Wallet,
ORD11251,2025-01-07, south ,Clothing,Jacket,183.28,8.0,0.0,Credit Card,
ORD11983,2025-11-27,North,Furniture,Bookshelf,113.5,4.0,0.0,Cash,18.0
ORD13425,2025-05-15,North,Electronics,Smartphone,44.9,6.0,0.0,Cash,37.0
ORD13843,2024-11-30,North, clothing ,Cap,7.99,8.0,0.0,Credit Card,61.0
ORD11033,2024-07-09,South,Groceries,Coffee,430.08,8.0,0.0,Cash,60.0
ORD10174,2025-12-05,SOUTH, groceries ,Coffee,33.67,8.0,0.0,DEBIT CARD,31.0
ORD10939,2025-08-20,EAST,Toys,RC Car,48.63,1.0,, credit card ,63.0
ORD13102,2024-12-19,West,Electronics,Headphones,80.55,4.0,10.0,Online Wallet,21.0
ORD12587,2025-09-26,South,GROCERIES,Pasta,47.27,6.0,0.0,Cash,50.0
ORD10334,2025-03-30,East, clothing ,Sneakers,70.19,4.0,0.0, credit card ,20.0
ORD10873,2024-01-24,West,Toys,RC Car,197.75,4.0,20.0,Debit Card,63.0
ORD12853,2025-05-11,NORTH,Furniture,Office Chair,445.33,3.0,0.0,Credit Card,54.0
ORD11486,2024-09-16,West,Groceries,Coffee,314.48,8.0,0.0,Online Wallet,48.0
ORD14293,2024-11-11,North,Groceries,Juice,195.0,4.0,5.0,Online Wallet,21.0
ORD10296,2025-06-16,North,Furniture,Bookshelf,268.55,1.0,5.0,Debit Card,32.0
ORD14950,2024-04-17,East,Groceries,Coffee,107.4,9.0,0.0,Credit Card,23.0
ORD14883,2025-06-18,East,Toys,Board Game,283.48,5.0,0.0,CASH,32.0
ORD13845,2024-10-16,NORTH,Groceries,Cereal,191.47,7.0,0.0,Online Wallet,25.0
ORD14218,2024-10-03, north ,Furniture,Bookshelf,73.57,7.0,5.0, cash ,57.0
ORD13760,2025-07-02,East,Groceries,Juice,426.97,5.0,20.0,Online Wallet,65.0
ORD10378,2024-11-16,EAST,Toys,RC Car,276.75,5.0,0.0,Cash,36.0
ORD13110,2024-12-11,North,Toys,Puzzle,136.54,8.0,5.0, cash ,61.0
ORD12770,2025-11-21,South,TOYS,Board Game,180.47,7.0,0.0,Cash,68.0
ORD13918,2024-04-28,South,Clothing,Sneakers,439.99,7.0,0.0,Debit Card,24.0
ORD14138,2025-02-23,EAST,Electronics,Smartwatch,,7.0,0.0,Credit Card,35.0
ORD12210,2025-12-25,South,Clothing,Jeans,298.46,5.0,0.0,Online Wallet,39.0
ORD12172,2025-04-22,WEST,Groceries,Pasta,258.81,3.0,0.0,Online Wallet,20.0
ORD12599,2024-09-21,East,Toys,Puzzle,188.72,9.0,0.0,Online Wallet,51.0
ORD12052,2024-06-10,South,Clothing,Jeans,410.62,5.0,0.0, cash ,68.0
ORD10915,2024-01-07, north ,FURNITURE,Office Chair,355.08,7.0,0.0,Online Wallet,31.0
ORD13032,2024-04-04,West,Electronics,Tablet,141.12,5.0,10.0,Debit Card,18.0
ORD14880,2025-11-18,West,Groceries,Juice,413.05,3.0,0.0,Cash,42.0
ORD14707,2025-10-14,EAST,Clothing,Jeans,193.09,8.0,0.0,Credit Card,36.0
ORD12335,2025-07-19,East,Toys,RC Car,133.4,6.0,0.0,Debit Card,55.0
ORD13820,2025-06-24,South,Clothing,Jeans,49.31,5.0,0.0, online wallet ,
ORD10956,2025-03-16,WEST,Groceries,Juice,,3.0,0.0,Cash,41.0
ORD11887,2025-06-05,West, electronics ,Smartphone,383.51,3.0,10.0,Cash,36.0
ORD10004,2024-01-21,East,Toys,Board Game,228.0,2.0,15.0,Online Wallet,31.0
ORD13717,2025-12-08,South,Groceries,Coffee,469.32,4.0,0.0,CREDIT CARD,31.0
ORD14027,2024-02-28, west ,Toys,Board Game,461.93,7.0,0.0,Credit Card,65.0
ORD11182,2024-08-08,South,Furniture,Bookshelf,437.84,5.0,0.0,Debit Card,
ORD13788,2025-06-27,SOUTH,Groceries,Juice,459.0,5.0,15.0, cash ,43.0
ORD14602,2024-04-10,East,Electronics,Headphones,363.71,4.0,0.0, debit card ,53.0
ORD14452,2024-08-11, north ,Electronics,Headphones,113.15,5.0,0.0,Credit Card,29.0
ORD11423,2024-02-21,West,Electronics,Smartwatch,337.59,,,ONLINE WALLET,66.0
ORD14434,2025-01-12,NORTH,Clothing,T-Shirt,350.16,1.0,0.0,Debit Card,23.0
ORD12400,2025-11-26,South,Toys,Lego Set,232.32,5.0,15.0,Cash,39.0
ORD12892,2025-07-12,North,Electronics,Smartwatch,45.6,5.0,10.0,Online Wallet,51.0
ORD13596,2024-01-24,West,Furniture,Desk,128.68,4.0,0.0,Credit Card,20.0
ORD11722,2024-01-15,South,Electronics,Smartwatch,26.18,7.0,0.0,Online Wallet,61.0
ORD11667,2024-08-28,North,Electronics,Headphones,461.26,2.0,0.0,Debit Card,59.0
ORD12884,2024-01-16,East,Electronics,Headphones,462.0,6.0,0.0,Debit Card,52.0
ORD12994,2025-02-01,West,Toys,Action Figure,405.16,8.0,0.0,Online Wallet,68.0
ORD10886,2024-01-16,West,Furniture,Sofa,49.29,7.0,20.0,ONLINE WALLET,49.0
ORD14056,2024-09-15,West,Toys,RC Car,451.08,3.0,0.0,Debit Card,55.0
ORD14876,2024-10-18,South,Groceries,Pasta,173.4,6.0,0.0,Credit Card,20.0
ORD10333,2025-08-27,South,Electronics,Laptop,89.44,5.0,0.0,Online Wallet,46.0
ORD10153,2024-09-30,North,Clothing,Cap,469.84,3.0,0.0,DEBIT CARD,69.0
ORD10721,2024-08-16,West,ELECTRONICS,Headphones,,9.0,0.0,Online Wallet,
ORD10373,2025-07-02,East,TOYS,Puzzle,7.8,8.0,5.0,Online Wallet,26.0
ORD10312,2024-04-18, east ,CLOTHING,T-Shirt,492.13,5.0,5.0,Debit Card,21.0
ORD11849,2025-09-22,North,Furniture,Sofa,146.12,1.0,15.0,Debit Card,52.0
ORD11622,2025-08-05,EAST,Furniture,Office Chair,49.04,6.0,5.0,Cash,54.0
ORD10042,2024-02-23,South,GROCERIES,Snacks,270.86,5.0,0.0, credit card ,61.0
ORD12693,2025-02-25,North,Groceries,Juice,480.93,5.0,0.0,Debit Card,49.0
ORD14618,2024-10-07,North,Furniture,Bed Frame,482.55,3.0,10.0,Online Wallet,54.0
ORD10417,2025-09-16,East,Toys,Board Game,224.96,1.0,5.0,Online Wallet,46.0
ORD14993,2024-05-09,East,Electronics,Smartwatch,106.28,3.0,15.0,Online Wallet,31.0
ORD14755,2025-09-23,North,Groceries,Juice,13.66,8.0,0.0,Debit Card,
ORD10704,2024-05-05,West,Toys,Board Game,249.01,9.0,0.0,Credit Card,48.0
ORD10732,2025-09-11,South,CLOTHING,Jeans,240.17,1.0,5.0,Online Wallet,51.0
ORD10944,2024-06-30,South,Clothing,Jeans,55.94,5.0,15.0,ONLINE WALLET,42.0
ORD13614,2025-10-31,East,Toys,Board Game,64.68,4.0,10.0,Debit Card,30.0
ORD11806,2024-07-29,EAST,Electronics,Smartwatch,472.96,2.0,10.0,Online Wallet,
ORD11018,2025-05-22,West,Clothing,Cap,309.7,9.0,0.0, credit card ,30.0
ORD10907,2024-09-16,North,Furniture,Bed Frame,35.53,8.0,0.0,Cash,52.0
ORD11693,2024-07-04,East,Electronics,Tablet,243.23,1.0,0.0,Credit Card,33.0
ORD12791,2025-08-16,South,Toys,Board Game,490.4,4.0,0.0,CREDIT CARD,34.0
ORD14368,2024-02-15,South,Electronics,Smartwatch,120.19,6.0,0.0,Online Wallet,46.0
ORD10519,2024-01-13, north ,ELECTRONICS,Tablet,35.97,,0.0,Online Wallet,48.0
ORD10814,2024-02-21,NORTH,Toys,RC Car,136.45,2.0,0.0,Cash,35.0
ORD10818,2025-07-18,SOUTH, toys ,Lego Set,418.31,3.0,5.0,Credit Card,68.0
ORD13449,2024-02-07,South,Groceries,Coffee,40.05,4.0,0.0,ONLINE WALLET,64.0
ORD11522,2025-10-27, west ,Furniture,Bed Frame,398.75,2.0,5.0,Online Wallet,27.0
ORD11638,2025-07-30,East,Clothing,Jeans,360.41,7.0,0.0,Debit Card,59.0
ORD14301,2025-09-24, west ,Clothing,Jacket,31.28,5.0,0.0,Debit Card,59.0
ORD13557,2025-08-31,East, furniture ,Desk,84.47,8.0,10.0,Debit Card,51.0
ORD14799,2024-06-14,South,Furniture,Bed Frame,146.26,1.0,20.0,Debit Card,27.0
ORD11700,2024-03-31,West,Groceries,Pasta,340.96,5.0,10.0,Online Wallet,32.0
ORD13526,2024-08-22,East,Toys,RC Car,138.31,,0.0,Cash,37.0
ORD13734,2025-06-06, west ,ELECTRONICS,Smartwatch,217.06,9.0,0.0,Credit Card,29.0
ORD13046,2025-02-23,North,Toys,Lego Set,,7.0,0.0,Debit Card,54.0
ORD11883,2024-07-20,East,Electronics,Smartphone,44.7,2.0,, cash ,34.0
ORD12592,2024-07-25,North,Toys,Puzzle,494.83,9.0,10.0,Debit Card,31.0
ORD10379,2024-01-31,South,Electronics,Headphones,444.89,7.0,10.0,Debit Card,27.0
ORD13775,2024-08-06,East, groceries ,Juice,381.17,9.0,10.0,Debit Card,38.0
ORD14003,2024-12-06,West,Electronics,Tablet,461.03,5.0,10.0,Credit Card,27.0
ORD12251,2024-10-10,North,Groceries,Cereal,461.61,9.0,15.0, cash ,66.0
ORD14439,2024-08-03,South,Toys,Action Figure,331.13,7.0,0.0,ONLINE WALLET,27.0
ORD12148,2024-03-23,WEST,Clothing,T-Shirt,198.15,2.0,10.0,ONLINE WALLET,21.0
ORD13726,2024-11-20,East,Toys,Board Game,131.69,4.0,0.0,Debit Card,49.0
ORD12144,2024-05-21,West,Furniture,Bookshelf,377.16,5.0,5.0,Debit Card,68.0
ORD12566,2024-08-28,West,ELECTRONICS,Laptop,323.42,4.0,10.0, cash ,32.0
ORD11803,2025-02-08,WEST,Furniture,Office Chair,74.46,8.0,0.0,Online Wallet,21.0
ORD13621,2024-04-27,EAST,Electronics,Smartwatch,281.74,5.0,0.0,Online Wallet,18.0
ORD13967,2024-12-07,North,Toys,Lego Set,132.56,6.0,5.0,CASH,66.0
ORD11594,2024-07-26,South,Furniture,Desk,499.67,7.0,0.0, debit card ,22.0
ORD14328,2024-01-20,North, toys ,Lego Set,289.88,1.0,0.0,Debit Card,42.0
ORD11706,2025-04-04,North,Electronics,Smartwatch,348.73,1.0,0.0,Online Wallet,57.0
ORD14392,2025-06-28,East,Furniture,Bookshelf,39.35,3.0,,Online Wallet,68.0
ORD13790,2025-12-26,East, groceries ,Coffee,490.59,2.0,5.0,Debit Card,21.0
ORD11820,2025-01-12,WEST,Toys,Action Figure,257.95,,0.0,Credit Card,43.0
ORD12562,2025-10-16,West, electronics ,Smartphone,348.64,8.0,0.0,Debit Card,63.0
ORD12559,2024-10-15,South,Groceries,Snacks,498.15,2.0,0.0,Debit Card,50.0
ORD14208,2025-03-19, north ,Toys,RC Car,226.07,5.0,15.0,Cash,41.0
ORD11582,2025-07-29,North,Toys,Puzzle,410.57,1.0,0.0,Credit Card,56.0
ORD12547,2025-02-19,South,Furniture,Bookshelf,272.02,9.0,0.0,Cash,42.0
ORD10319,2025-12-24,North,Clothing,Jacket,370.95,2.0,0.0,Online Wallet,45.0
ORD14321,2024-05-18,North,Toys,Lego Set,385.94,3.0,0.0,Debit Card,64.0
ORD13364,2025-04-08,North,Electronics,Laptop,27.46,8.0,,Credit Card,
ORD11763,2025-07-02, east ,ELECTRONICS,Tablet,439.04,3.0,,Cash,19.0
ORD12843,2024-01-13,South,Toys,Action Figure,125.2,1.0,5.0,DEBIT CARD,48.0
ORD14717,2024-03-01, north ,TOYS,RC Car,304.33,3.0,0.0,Credit Card,49.0
ORD14819,2025-06-05,North,Toys,Action Figure,448.0,2.0,15.0,Online Wallet,51.0
ORD12141,2024-11-23, north ,FURNITURE,Sofa,449.62,3.0,0.0,Cash,30.0
ORD10213,2025-08-24,North,Toys,RC Car,177.54,2.0,20.0,DEBIT CARD,26.0
ORD14433,2025-03-21,North,Electronics,Smartphone,127.65,9.0,15.0,DEBIT CARD,59.0
ORD13497,2025-08-09,North,Clothing,Jacket,285.8,7.0,0.0,ONLINE WALLET,42.0
ORD10803,2025-08-22,East,Groceries,Snacks,123.18,6.0,5.0,Online Wallet,27.0
ORD14132,2024-08-19, west ,Furniture,Desk,272.55,,0.0,Online Wallet,47.0
ORD10105,2024-08-16,WEST,Groceries,Pasta,104.81,3.0,0.0,CREDIT CARD,36.0
ORD14458,2024-05-07,South,Furniture,Office Chair,343.06,3.0,0.0,Online Wallet,33.0
ORD13805,2024-02-21,East,Electronics,Smartwatch,442.33,7.0,0.0,Cash,47.0
ORD12806,2025-03-02,East,Furniture,Office Chair,418.74,2.0,0.0,Credit Card,39.0
ORD11465,2024-01-14,South,Furniture,Bed Frame,449.27,2.0,0.0,CREDIT CARD,57.0
ORD12953,2025-01-19,West,Toys,Lego Set,248.98,,0.0,ONLINE WALLET,35.0
ORD10565,2024-05-01, west ,Groceries,Cereal,417.65,8.0,0.0,CREDIT CARD,34.0
ORD14311,2025-09-01,West,Furniture,Office Chair,79.61,4.0,0.0,Cash,23.0
ORD14345,2025-10-21,East,Toys,Puzzle,420.24,8.0,0.0,Credit Card,62.0
ORD12524,2024-03-29, east ,TOYS,Lego Set,482.93,6.0,0.0, online wallet ,56.0
ORD11474,2025-01-12,South,Groceries,Juice,226.57,6.0,0.0,Credit Card,22.0
ORD13236,2025-07-26,North,Electronics,Tablet,313.91,1.0,0.0, debit card ,38.0
ORD12829,2024-03-24,East,ELECTRONICS,Tablet,84.49,9.0,0.0,Credit Card,31.0
ORD12502,2025-08-21,South,Electronics,Smartphone,240.0,9.0,0.0,Debit Card,46.0
ORD10317,2024-08-05, west ,Toys,Lego Set,54.82,5.0,0.0,Debit Card,58.0
ORD11200,2024-04-08, west ,Clothing,Jacket,357.44,4.0,0.0,Debit Card,33.0
ORD12278,2025-04-15,North,Groceries,Cereal,81.31,6.0,10.0, cash ,57.0
ORD10652,2025-12-26,East,Electronics,Laptop,94.54,6.0,0.0,ONLINE WALLET,45.0
ORD10070,2024-09-15,South,Electronics,Smartwatch,451.07,9.0,15.0,DEBIT CARD,49.0
ORD12658,2024-02-25, north ,Toys,RC Car,,2.0,0.0,Debit Card,33.0
ORD11174,2025-08-11,South,Toys,Puzzle,356.04,5.0,0.0,Cash,44.0
ORD11088,2025-08-29,South,Electronics,Headphones,79.52,6.0,0.0,Credit Card,60.0
ORD10078,2024-05-24,East,Furniture,Desk,124.34,9.0,0.0,Cash,62.0
ORD10410,2024-11-06,East,Furniture,Bookshelf,110.91,2.0,20.0,Online Wallet,61.0
ORD14064,2025-11-22,East,Toys,Puzzle,483.6,6.0,5.0,Credit Card,41.0
ORD14992,2024-11-25, east ,Clothing,Sneakers,470.02,7.0,,Debit Card,27.0
ORD12386,2025-01-04,South,Furniture,Bookshelf,197.03,7.0,0.0,Online Wallet,52.0
ORD12091,2025-02-19,NORTH,Toys,Board Game,,6.0,5.0,Online Wallet,24.0
ORD14635,2025-05-30,South,Electronics,Smartwatch,233.26,6.0,0.0,Debit Card,53.0
ORD10601,2025-07-22,East,Clothing,Jeans,482.82,5.0,0.0,Credit Card,56.0
ORD13013,2024-01-07,North,Furniture,Desk,97.18,4.0,0.0, debit card ,58.0
ORD14792,2024-12-22,West,Electronics,Headphones,329.26,6.0,15.0,Debit Card,26.0
ORD12219,2024-05-15,East,Toys,RC Car,368.26,2.0,0.0,Cash,62.0
ORD12465,2024-07-19, north ,Clothing,Sneakers,299.87,5.0,0.0,Credit Card,19.0
ORD10837,2024-07-25,East, clothing ,T-Shirt,82.6,9.0,0.0,Credit Card,32.0
ORD13325,2024-11-01,South,Clothing,Cap,239.13,1.0,5.0,Debit Card,19.0
ORD10624,2025-09-09, south ,Electronics,Laptop,308.92,5.0,0.0,ONLINE WALLET,55.0
ORD11627,2024-09-09,West,Toys,Puzzle,237.94,3.0,0.0,Online Wallet,69.0
ORD10806,2024-05-20,South,Toys,Lego Set,183.04,1.0,0.0,Credit Card,52.0
ORD13115,2024-11-12,South,Toys,Board Game,439.05,5.0,0.0,Cash,29.0
ORD10637,2024-05-13,East,Furniture,Sofa,235.73,7.0,0.0,Cash,33.0
ORD10423,2025-05-19,South,Clothing,Sneakers,185.36,3.0,0.0,Cash,64.0
ORD14823,2024-12-20,East,Furniture,Office Chair,171.73,4.0,15.0,DEBIT CARD,44.0
ORD11996,2025-11-24,East,Groceries,Coffee,76.07,8.0,0.0,Credit Card,33.0
ORD14472,2025-01-02,East,Electronics,Smartphone,233.73,7.0,0.0,Cash,20.0
ORD14620,2025-09-29,North,Toys,Action Figure,192.54,3.0,0.0,Debit Card,59.0
ORD12486,2025-10-08,South,Furniture,Desk,108.55,1.0,0.0,Credit Card,52.0
ORD10150,2025-02-05,East,Furniture,Sofa,263.61,7.0,,Cash,41.0
ORD13109,2024-11-27,South,Furniture,Sofa,19.09,8.0,20.0,Credit Card,62.0
ORD11580,2025-03-01,West,Groceries,Pasta,249.45,2.0,0.0,Cash,26.0
ORD10626,2025-11-03,South,TOYS,Action Figure,67.78,,0.0,ONLINE WALLET,34.0
ORD13002,2025-02-26,East,Electronics,Laptop,104.29,8.0,10.0,DEBIT CARD,64.0
ORD14601,2024-04-06,West,Toys,Lego Set,123.13,7.0,0.0,ONLINE WALLET,39.0
ORD13796,2024-03-29,SOUTH,Clothing,Cap,499.2,4.0,0.0,Cash,18.0
ORD13481,2025-10-18,South,Groceries,Pasta,295.45,4.0,0.0,Cash,24.0
ORD10143,2025-04-26,North, electronics ,Laptop,313.55,2.0,0.0,Credit Card,57.0
ORD14813,2025-09-13,North,Toys,Board Game,256.86,7.0,0.0,Debit Card,43.0
ORD12574,2024-04-21,South,Clothing,T-Shirt,139.25,9.0,10.0,Debit Card,26.0
ORD14662,2024-08-20,North,Groceries,Juice,189.0,3.0,0.0,CASH,68.0
ORD14014,2025-11-29,North,Groceries,Cereal,105.51,5.0,10.0,Cash,40.0
ORD11880,2024-10-03,West,Clothing,Sneakers,366.31,5.0,0.0,Cash,44.0
ORD13452,2025-05-06,East,Groceries,Coffee,330.15,7.0,0.0,Debit Card,47.0
ORD13605,2025-03-05,West,Toys,Lego Set,253.44,9.0,0.0,Credit Card,52.0
ORD13342,2025-10-24,West,Groceries,Pasta,97.98,8.0,0.0,CASH,54.0
ORD14891,2024-10-10,West,Furniture,Desk,64.75,7.0,5.0,Credit Card,43.0
ORD12171,2025-08-07,South,Furniture,Desk,402.86,1.0,0.0,Credit Card,24.0
ORD12780,2025-03-23,West,Furniture,Sofa,65.98,5.0,0.0,Credit Card,62.0
ORD14720,2025-05-15,South,Furniture,Bookshelf,358.86,1.0,20.0, online wallet ,38.0
ORD12832,2024-11-09,East,TOYS,Action Figure,433.72,9.0,0.0, credit card ,34.0
ORD10687,2025-02-18,North,Groceries,Pasta,75.29,8.0,0.0,Debit Card,67.0
ORD12230,2024-08-19,East,Toys,Lego Set,56.25,3.0,0.0, credit card ,23.0
ORD10617,2025-03-14,East,CLOTHING,Sneakers,120.7,6.0,0.0,Cash,23.0
ORD11324,2025-02-06,East,Clothing,Jeans,436.42,7.0,0.0,Cash,
ORD10690,2024-04-07,North,Groceries,Coffee,87.89,7.0,10.0,Cash,42.0
ORD12288,2024-02-23,North,Groceries,Juice,488.92,,0.0,CASH,45.0
ORD13302,2024-01-30,West,CLOTHING,Jeans,268.53,-2.0,0.0,Online Wallet,64.0
ORD11350,2024-12-16, south ,CLOTHING,T-Shirt,439.04,4.0,0.0,Online Wallet,31.0
ORD12729,2024-05-22,North,Furniture,Bookshelf,222.46,3.0,0.0,Cash,53.0
ORD14561,2024-05-05,North,Toys,Lego Set,319.84,2.0,0.0,Credit Card,40.0
ORD11187,2024-05-24,West,Clothing,T-Shirt,108.61,7.0,0.0,Debit Card,50.0
ORD11191,2024-08-08,South,Toys,Lego Set,488.16,8.0,15.0,Online Wallet,
ORD10145,2025-03-10,WEST,Toys,Lego Set,139.71,2.0,0.0,Credit Card,61.0
ORD13572,2025-12-29,East,Clothing,Cap,137.92,6.0,0.0,DEBIT CARD,34.0
ORD14420,2024-03-27,South,Toys,Board Game,111.84,9.0,0.0,Online Wallet,40.0
ORD13742,2024-02-18, south ,ELECTRONICS,Smartwatch,380.9,6.0,0.0,Online Wallet,24.0
ORD11762,2025-06-09,South, groceries ,Cereal,375.81,6.0,0.0,Cash,50.0
ORD13800,2024-02-17,South,Clothing,T-Shirt,35.49,3.0,0.0,Cash,42.0
ORD14802,2025-06-24,West, toys ,Lego Set,137.09,2.0,0.0,Cash,48.0
ORD14810,2025-12-11,South,Furniture,Bed Frame,162.67,9.0,,Cash,21.0
ORD11834,2024-07-15, north ,Furniture,Bed Frame,341.54,8.0,0.0,Cash,25.0
ORD14994,2025-09-25,East,Electronics,Laptop,206.45,4.0,10.0,CREDIT CARD,47.0
ORD11111,2025-06-12,SOUTH,Furniture,Bed Frame,390.87,6.0,15.0,ONLINE WALLET,20.0
ORD12127,2024-11-18,South,FURNITURE,Sofa,455.35,4.0,0.0,Debit Card,54.0
ORD14783,2024-09-22,North,Furniture,Desk,151.54,7.0,0.0,DEBIT CARD,
ORD12277,2025-04-26,West, toys ,RC Car,400.03,9.0,0.0,Debit Card,27.0
ORD13795,2024-07-30,West,Clothing,Cap,99.06,5.0,10.0,Credit Card,65.0
ORD12499,2024-05-12,West,Toys,RC Car,411.52,3.0,5.0,Online Wallet,18.0
ORD11824,2024-11-27,East,Furniture,Office Chair,304.67,9.0,0.0,Credit Card,46.0
ORD12788,2024-04-04,West,Clothing,Jacket,167.25,7.0,0.0,Credit Card,59.0
ORD14196,2025-05-23,East, furniture ,Bed Frame,382.84,2.0,0.0,Credit Card,47.0
ORD14386,2024-09-12,South,Clothing,Jacket,183.16,8.0,20.0,ONLINE WALLET,18.0
ORD13827,2025-03-27,North,Groceries,Cereal,169.87,9.0,0.0, credit card ,18.0
ORD12492,2025-07-05,East,Toys,RC Car,260.58,9.0,10.0,Credit Card,64.0
ORD10878,2025-09-30,North,GROCERIES,Pasta,346.14,4.0,0.0,Cash,29.0
ORD11455,2025-11-10,North,Toys,RC Car,263.33,9.0,0.0,Cash,33.0
ORD10391,2025-09-12,West,CLOTHING,T-Shirt,378.24,2.0,0.0,Online Wallet,24.0
ORD14182,2024-07-05,West,Groceries,Pasta,233.35,3.0,10.0,Online Wallet,24.0
ORD12283,2025-06-22, south ,Electronics,Headphones,104.76,3.0,20.0,Debit Card,33.0
ORD12714,2024-10-07,West, groceries ,Cereal,407.71,3.0,0.0,Debit Card,50.0
ORD12958,2025-03-13,South,Clothing,Jacket,116.16,8.0,0.0,Debit Card,39.0
ORD10475,2024-05-16,North,Groceries,Cereal,210.81,1.0,0.0,Debit Card,57.0
ORD11694,2024-09-18,West,Toys,Board Game,433.27,7.0,0.0, cash ,26.0
ORD11295,2024-01-14,South,FURNITURE,Sofa,385.09,8.0,0.0,Online Wallet,62.0
ORD12092,2025-02-01,West,Electronics,Headphones,97.59,8.0,0.0,Credit Card,21.0
ORD13050,2024-03-22,North,Electronics,Tablet,241.55,6.0,0.0,Credit Card,21.0
ORD11137,2025-07-03, west , toys ,Action Figure,52.58,1.0,15.0,Cash,25.0
ORD12072,2024-12-26,West,Toys,Action Figure,463.63,3.0,10.0,ONLINE WALLET,26.0
ORD10832,2024-05-08,North,Electronics,Headphones,43.32,4.0,,Credit Card,20.0
ORD10591,2024-07-07,North,Clothing,T-Shirt,320.76,5.0,5.0,Cash,69.0
ORD14658,2024-01-13,East,Electronics,Laptop,166.5,9.0,0.0,Credit Card,27.0
ORD13592,2025-10-27,West,Furniture,Bookshelf,67.19,2.0,0.0,Debit Card,57.0
ORD10109,2025-05-14,West,Clothing,Jeans,398.04,1.0,0.0,Cash,44.0
ORD14318,2025-09-18,North,TOYS,RC Car,238.19,6.0,0.0,Credit Card,68.0
ORD11052,2025-02-15,North,Groceries,Cereal,481.37,6.0,10.0,Cash,
ORD11311,2024-01-25,North, electronics ,Laptop,414.88,6.0,5.0,Debit Card,40.0
ORD10668,2024-05-16,North,Groceries,Coffee,150.3,1.0,0.0,Cash,69.0
ORD10253,2025-07-05,East,Groceries,Juice,407.92,7.0,0.0,Credit Card,69.0
ORD12690,2024-02-09,NORTH,Toys,Puzzle,316.97,4.0,15.0,Credit Card,30.0
ORD14641,2024-05-25,West,Clothing,Jacket,228.11,6.0,10.0,Cash,63.0
ORD10843,2025-11-06,West,Toys,RC Car,47.96,4.0,10.0,Debit Card,33.0
ORD14159,2024-08-27,South,Toys,Lego Set,236.66,5.0,0.0,Cash,30.0
ORD14509,2024-09-16,South,Furniture,Bookshelf,17.74,4.0,0.0,CREDIT CARD,53.0
ORD13374,2025-10-19,SOUTH,Toys,Lego Set,139.62,3.0,0.0,Credit Card,46.0
ORD13394,2025-11-24,South,Toys,Board Game,468.7,3.0,0.0,Online Wallet,58.0
ORD10884,2024-09-17, south ,Clothing,Sneakers,294.54,7.0,0.0, cash ,20.0
ORD14547,2024-09-30,South,Furniture,Sofa,191.45,9.0,0.0,Credit Card,60.0
ORD13996,2024-05-23,South,ELECTRONICS,Laptop,413.02,5.0,5.0,Cash,43.0
ORD14752,2024-09-01,South,Toys,Lego Set,156.79,7.0,5.0, debit card ,26.0
ORD11879,2025-10-19,East,Clothing,T-Shirt,170.45,8.0,20.0,Debit Card,68.0
ORD11485,2024-02-25,South,Toys,Action Figure,302.37,7.0,0.0,Online Wallet,58.0
ORD12417,2024-06-15,South,Groceries,Cereal,278.67,6.0,0.0,Debit Card,64.0
ORD12737,2025-05-15,East,Toys,Board Game,363.56,7.0,0.0,Cash,68.0
ORD12267,2025-07-27,West,Electronics,Headphones,198.07,,0.0,Credit Card,62.0
ORD14173,2025-04-06, east ,Groceries,Coffee,24.74,8.0,20.0,Credit Card,29.0
ORD13368,2025-07-25,South,Toys,Puzzle,337.56,5.0,5.0,Online Wallet,
ORD12808,2025-04-10,North,Clothing,T-Shirt,29.13,,15.0,DEBIT CARD,24.0
ORD10869,2025-05-15,SOUTH,Toys,Puzzle,,9.0,0.0,Debit Card,42.0
ORD12468,2024-05-24,NORTH,Electronics,Laptop,414.37,6.0,0.0,Debit Card,54.0
ORD13893,2024-03-02,South,Clothing,Sneakers,311.06,6.0,0.0,Cash,60.0
ORD10450,2024-05-13,South,Toys,Action Figure,129.19,9.0,5.0,Online Wallet,23.0
ORD11979,2025-06-21,NORTH,Furniture,Bookshelf,487.03,4.0,0.0, cash ,27.0
ORD10696,2025-08-31,South,Toys,Board Game,363.39,1.0,0.0,CREDIT CARD,41.0
ORD11741,2025-10-08,North,GROCERIES,Juice,63.84,9.0,0.0,Credit Card,37.0
ORD13718,2025-10-23,East,Toys,RC Car,135.61,4.0,0.0,Credit Card,54.0
ORD10811,2025-12-12,East,Groceries,Snacks,18.41,7.0,0.0,Debit Card,58.0
ORD13284,2025-08-18,North,Toys,Board Game,43.6,9.0,0.0,CREDIT CARD,67.0
ORD12189,2024-01-21,East, electronics ,Tablet,169.56,5.0,10.0,Cash,48.0
ORD10505,2025-07-15,West,Clothing,Cap,326.51,1.0,0.0,Debit Card,42.0
ORD13303,2024-09-09,East,Groceries,Coffee,214.9,7.0,0.0, credit card ,48.0
ORD10405,2024-01-05,South, electronics ,Smartphone,251.17,9.0,0.0,DEBIT CARD,50.0
ORD13640,2025-11-03,East,Furniture,Desk,124.86,1.0,0.0,Credit Card,26.0
ORD10183,2025-06-04,West,Groceries,Juice,104.26,9.0,0.0,Debit Card,19.0
ORD14999,2024-07-21,South,Toys,Action Figure,54.61,9.0,0.0,CASH,48.0
ORD11876,2025-05-23,East,Furniture,Bookshelf,139.01,1.0,0.0,Credit Card,21.0
ORD10609,2024-11-21,North,Toys,Puzzle,407.07,6.0,0.0,Credit Card,44.0
ORD12674,2025-12-03,South,Clothing,Jacket,53.95,9.0,5.0,Debit Card,24.0
ORD12033,2024-03-18,West,Electronics,Smartphone,222.86,1.0,0.0,Credit Card,33.0
ORD13981,2025-03-17,South,Toys,Puzzle,142.38,3.0,0.0, credit card ,43.0
ORD11968,2024-05-22,South, toys ,Action Figure,416.56,-5.0,0.0, cash ,45.0
ORD10020,2025-05-11,North,Electronics,Tablet,130.69,7.0,0.0,Credit Card,54.0
ORD12218,2025-05-13,South,ELECTRONICS,Smartwatch,254.44,1.0,0.0,Cash,46.0
ORD12224,2024-09-23,South,Toys,Lego Set,125.28,9.0,0.0,Debit Card,41.0
ORD10327,2025-04-09,West,Toys,RC Car,124.74,1.0,0.0,Credit Card,31.0
ORD13270,2025-10-06,North,ELECTRONICS,Smartwatch,119.4,5.0,0.0,Cash,37.0
ORD12518,2025-07-23,West,Toys,Puzzle,65.56,1.0,0.0,CASH,68.0
ORD11874,2025-07-06,West,Electronics,Tablet,499.51,6.0,0.0,Debit Card,21.0
ORD14362,2024-12-14,East,Furniture,Bed Frame,48.18,4.0,0.0,Online Wallet,63.0
ORD11756,2024-09-02,West,Groceries,Cereal,198.91,7.0,,Credit Card,26.0
ORD12178,2025-06-15,North,Electronics,Laptop,209.55,8.0,0.0,CREDIT CARD,42.0
ORD14961,2024-04-07, north , groceries ,Coffee,299.35,2.0,10.0,Cash,49.0
ORD12261,2024-07-12,West,Clothing,Jeans,104.71,8.0,0.0,Credit Card,50.0
ORD13410,2025-10-16,North,Groceries,Coffee,374.31,9.0,,Credit Card,34.0
ORD14996,2024-11-07, east ,Toys,Action Figure,389.12,9.0,0.0,Cash,67.0
ORD10489,2025-05-04,West,Toys,Action Figure,291.51,6.0,5.0,Online Wallet,59.0
ORD10606,2024-05-21,East,Electronics,Smartwatch,68.05,1.0,10.0,Cash,61.0
ORD13212,2024-08-07,North,Electronics,Laptop,67.37,9.0,5.0,CREDIT CARD,33.0
ORD12464,2024-09-22,West,Toys,Lego Set,57.82,4.0,15.0,Cash,53.0
ORD11738,2024-08-04,North,Electronics,Smartwatch,355.19,,5.0, online wallet ,44.0
ORD10152,2025-01-31,North, electronics ,Tablet,314.82,2.0,0.0,Debit Card,51.0
ORD10889,2025-03-28, south ,Furniture,Sofa,67.92,3.0,0.0,Debit Card,46.0
ORD13503,2024-06-06,West,Groceries,Cereal,362.63,1.0,5.0,Credit Card,64.0
ORD13082,2025-02-02,NORTH,Clothing,Sneakers,99.57,8.0,0.0,Cash,39.0
ORD10269,2025-10-13,West,Furniture,Bed Frame,239.8,,0.0,CREDIT CARD,49.0
ORD10096,2024-11-10,West,Furniture,Bookshelf,493.33,,15.0,Credit Card,39.0
ORD13824,2025-06-04,South,Groceries,Pasta,357.28,2.0,10.0,Cash,36.0
ORD13885,2025-06-18,East,FURNITURE,Desk,253.75,1.0,0.0,Debit Card,49.0
ORD11799,2025-09-13,SOUTH,Furniture,Office Chair,10.66,5.0,10.0,Debit Card,20.0
ORD14967,2024-09-30,South,Furniture,Bed Frame,365.82,6.0,0.0,Cash,58.0
ORD11572,2024-10-16,WEST,Furniture,Bookshelf,86.94,8.0,0.0, credit card ,21.0
ORD14628,2025-01-15, south ,Groceries,Snacks,58.63,9.0,0.0,DEBIT CARD,48.0
ORD11067,2024-11-01,North,Groceries,Pasta,465.06,1.0,0.0,Cash,43.0
ORD12760,2025-08-19,NORTH,Toys,Lego Set,20.36,8.0,5.0,Cash,50.0
ORD10715,2024-10-13,West,Clothing,Jeans,405.09,7.0,10.0,Credit Card,31.0
ORD14059,2025-03-26,EAST,Toys,Action Figure,181.61,3.0,0.0, debit card ,43.0
ORD11841,2025-08-06,North,Toys,Board Game,247.37,2.0,0.0,Credit Card,24.0
ORD14565,2025-11-25,East,Electronics,Laptop,171.16,4.0,0.0,Online Wallet,26.0
ORD14660,2024-10-19,South,Furniture,Sofa,456.07,8.0,20.0,Cash,55.0
ORD11798,2025-02-22,East,Clothing,Jeans,,6.0,20.0,ONLINE WALLET,21.0
ORD10461,2024-03-13,North,CLOTHING,Jeans,107.08,9.0,0.0,ONLINE WALLET,45.0
ORD12944,2024-07-17,NORTH,Electronics,Smartwatch,399.09,8.0,0.0,CREDIT CARD,33.0
ORD11795,2025-04-07,North,GROCERIES,Coffee,,7.0,5.0,Credit Card,29.0
ORD11869,2025-09-27,South,Clothing,Jacket,262.94,1.0,0.0,Debit Card,22.0
ORD11345,2024-04-16,East,Furniture,Office Chair,177.51,5.0,,Debit Card,22.0
ORD14791,2025-03-30,North,ELECTRONICS,Smartwatch,207.46,1.0,20.0,Credit Card,61.0
ORD11214,2024-08-31,South,Groceries,Snacks,127.37,8.0,0.0, cash ,25.0
ORD11372,2024-06-04,South,Furniture,Office Chair,354.15,9.0,10.0,Online Wallet,39.0
ORD10243,2025-03-24,South,Electronics,Smartwatch,156.23,,0.0,DEBIT CARD,21.0
ORD14039,2025-12-11, south ,Electronics,Headphones,213.64,4.0,0.0,Cash,47.0
ORD12799,2025-11-08,South,Furniture,Bed Frame,490.87,4.0,20.0,Cash,30.0
ORD11679,2024-05-31,South,Clothing,T-Shirt,354.15,,0.0,Cash,32.0
ORD13850,2024-10-19,WEST,Electronics,Headphones,283.44,6.0,0.0,CREDIT CARD,38.0
ORD11312,2024-05-20,East,Electronics,Tablet,117.57,2.0,0.0,Debit Card,67.0
ORD10648,2024-11-18,West,Electronics,Smartphone,484.06,6.0,5.0,Online Wallet,56.0
ORD13238,2024-12-05, north ,Toys,Board Game,121.36,6.0,10.0,Cash,64.0
ORD12643,2025-08-18,EAST,Clothing,Sneakers,20.22,6.0,15.0,Credit Card,27.0
ORD14409,2024-04-07, north ,Furniture,Desk,424.57,6.0,0.0,Online Wallet,21.0
ORD10155,2024-12-24,South,Electronics,Smartphone,263.65,1.0,0.0,Cash,62.0
ORD13428,2025-01-22,East,Furniture,Desk,203.8,3.0,5.0,Debit Card,57.0
ORD13453,2024-08-10,North,Furniture,Sofa,,6.0,10.0,Debit Card,55.0
ORD11303,2024-02-15,South,Electronics,Laptop,309.73,5.0,0.0,Cash,45.0
ORD11150,2024-12-18,West,Toys,Board Game,328.38,2.0,0.0, cash ,24.0
ORD13047,2024-04-30,North,ELECTRONICS,Smartwatch,253.52,3.0,0.0,Debit Card,32.0
ORD11046,2025-07-02,South,TOYS,Lego Set,459.55,2.0,0.0,CREDIT CARD,69.0
ORD11640,2024-09-02,North,Electronics,Tablet,194.38,8.0,20.0,Cash,65.0
ORD11306,2025-01-10,South,Electronics,Tablet,363.81,9.0,0.0,Online Wallet,21.0
ORD11927,2024-08-08,North,Toys,RC Car,38.22,1.0,15.0, debit card ,31.0
ORD13439,2025-05-15,North,Toys,Puzzle,442.77,8.0,10.0,DEBIT CARD,61.0
ORD14121,2025-05-13, north ,ELECTRONICS,Headphones,380.96,7.0,0.0,CASH,45.0
ORD12244,2025-06-28,North, furniture ,Desk,456.87,6.0,0.0,Debit Card,26.0
ORD13136,2024-08-08,West,Electronics,Laptop,149.18,5.0,0.0,Debit Card,61.0
ORD10015,2025-04-29,West,Groceries,Pasta,128.4,4.0,15.0,Cash,68.0
ORD13538,2025-10-12,East,CLOTHING,Cap,203.0,9.0,0.0,Online Wallet,67.0
ORD14979,2024-02-12,West,Electronics,Smartwatch,51.06,1.0,0.0,Credit Card,42.0
ORD12669,2024-04-16,SOUTH,Groceries,Pasta,187.19,9.0,0.0, credit card ,41.0
ORD11360,2025-11-18,East,Electronics,Laptop,143.67,2.0,0.0,Credit Card,
ORD11844,2025-02-16,South,Electronics,Tablet,263.4,1.0,0.0,Cash,41.0
ORD13098,2025-06-29,North,Clothing,T-Shirt,256.71,9.0,5.0, cash ,44.0
ORD11612,2024-01-08,East,Toys,RC Car,425.36,4.0,0.0, cash ,49.0
ORD10497,2025-03-30,West,ELECTRONICS,Laptop,498.1,,0.0,Online Wallet,28.0
ORD12840,2024-03-04, north ,Groceries,Snacks,441.95,9.0,5.0,Online Wallet,67.0
ORD14611,2025-04-11,NORTH, clothing ,Jeans,490.34,7.0,0.0,Online Wallet,33.0
ORD11947,2024-05-16,South,Furniture,Bookshelf,242.42,2.0,0.0,Credit Card,59.0
ORD13633,2025-05-23,West,Toys,Action Figure,445.42,6.0,10.0,Debit Card,60.0
ORD11478,2024-01-24,East, electronics ,Tablet,251.03,6.0,0.0,DEBIT CARD,
ORD11095,2024-08-20,EAST,Electronics,Laptop,131.73,5.0,10.0,Cash,38.0
ORD10542,2025-07-03,South,Clothing,Sneakers,473.84,3.0,0.0,Debit Card,43.0
ORD14729,2024-10-09,West,Groceries,Snacks,97.67,3.0,15.0,Debit Card,68.0
ORD14074,2024-01-03,North, electronics ,Smartwatch,50.97,-8.0,0.0,Credit Card,20.0
ORD10431,2025-07-13,West,Electronics,Headphones,151.8,9.0,0.0,Credit Card,55.0
ORD10728,2025-12-12,East,Electronics,Smartphone,398.0,5.0,0.0,Debit Card,63.0
ORD14412,2025-03-02,North, furniture ,Bookshelf,411.82,2.0,10.0,Online Wallet,30.0
ORD12561,2024-08-22,East,ELECTRONICS,Smartphone,262.03,1.0,0.0, debit card ,49.0
ORD11337,2024-09-03,NORTH,Toys,Puzzle,353.65,7.0,0.0,Online Wallet,18.0
ORD13606,2024-08-06,North,Toys,Puzzle,188.73,5.0,10.0,Credit Card,51.0
ORD12877,2025-10-10,East, toys ,Lego Set,499.03,5.0,0.0,Credit Card,48.0
ORD14415,2024-09-19,EAST,Electronics,Headphones,387.03,4.0,0.0,Credit Card,61.0
ORD11031,2024-11-24,East,Groceries,Pasta,403.92,7.0,0.0,Cash,40.0
ORD11110,2025-04-17, north ,Toys,Puzzle,438.07,3.0,0.0,Debit Card,58.0
ORD11888,2025-05-16,East,Clothing,Cap,357.25,5.0,15.0,Cash,61.0
ORD13550,2024-10-14,West,Groceries,Pasta,154.64,7.0,0.0,Cash,47.0
ORD11527,2024-10-06,West,Toys,Puzzle,100.8,2.0,0.0,Cash,32.0
ORD10753,2024-02-11, west ,Toys,Puzzle,317.23,5.0,0.0,Debit Card,40.0
ORD13049,2024-12-08,NORTH,Electronics,Laptop,445.76,2.0,10.0,Online Wallet,30.0
ORD12628,2025-05-28,North,Toys,Board Game,482.75,1.0,10.0,Online Wallet,33.0
ORD10562,2025-07-23, south ,Groceries,Pasta,343.51,9.0,0.0,Cash,
ORD14764,2024-10-08,North,Groceries,Pasta,95.75,5.0,10.0,Debit Card,49.0
ORD13562,2025-09-30,North,Groceries,Pasta,51.93,6.0,10.0,Online Wallet,65.0
ORD10252,2024-04-08,North,Electronics,Laptop,41.94,3.0,0.0,Online Wallet,50.0
ORD12516,2024-01-16,East,Toys,Action Figure,56.08,4.0,0.0,Cash,67.0
ORD12962,2025-12-11, east , clothing ,Sneakers,434.52,3.0,5.0,Cash,36.0
ORD14453,2024-02-29,North,Groceries,Cereal,111.1,7.0,5.0,Online Wallet,44.0
ORD11202,2025-03-18,North,Clothing,Jacket,311.58,2.0,0.0,Cash,23.0
ORD13462,2025-08-28, east ,TOYS,Board Game,406.33,1.0,10.0,Debit Card,39.0
ORD12797,2025-09-11,West,Toys,RC Car,332.37,3.0,0.0,Online Wallet,29.0
ORD14225,2024-04-05,East,Electronics,Smartphone,,8.0,5.0,Cash,41.0
ORD10144,2024-03-01,North,Electronics,Headphones,345.76,9.0,0.0,Cash,67.0
ORD13018,2025-11-15,North,Furniture,Office Chair,430.88,5.0,5.0,Cash,51.0
ORD12895,2025-02-02,North, toys ,Puzzle,149.33,2.0,0.0,Cash,43.0
ORD12763,2024-10-25,West,Furniture,Sofa,51.18,3.0,0.0,Cash,51.0
ORD10905,2025-04-27, east ,Furniture,Desk,91.57,3.0,0.0,Debit Card,45.0
ORD13980,2024-03-11, north ,Toys,Lego Set,499.22,5.0,0.0,Online Wallet,64.0
ORD10235,2025-10-03, north ,Groceries,Pasta,336.45,5.0,0.0,ONLINE WALLET,67.0
