OrderID,OrderDate,Region,Category,Product,UnitPrice,Quantity,DiscountPct,PaymentMethod,CustomerAge,Revenue,Year,Month,MonthName
ORD14821,2025-03-18,North,Electronics,Smartwatch,369.7,7.0,0.0,Credit Card,66.0,2587.9,2025,2025-03,March
ORD12363,2024-10-14,North,Furniture,Office Chair,270.08,2.0,20.0,Cash,35.0,432.128,2024,2024-10,October
ORD13728,2025-11-14,West,Clothing,Sneakers,349.61,6.0,0.0,Cash,19.0,2097.66,2025,2025-11,November
ORD10623,2025-12-20,East,Groceries,Coffee,61.5,4.0,0.0,Cash,63.0,246.0,2025,2025-12,December
ORD11073,2024-02-18,East,Furniture,Desk,328.33,2.0,0.0,Online Wallet,34.0,656.66,2024,2024-02,February
ORD13444,2025-08-13,North,Toys,Lego Set,465.43,8.0,0.0,Debit Card,66.0,3723.44,2025,2025-08,August
ORD11545,2025-05-13,North,Groceries,Pasta,479.99,7.0,0.0,Debit Card,29.0,3359.9300000000003,2025,2025-05,May
ORD10836,2025-03-24,South,Groceries,Pasta,12.25,3.0,20.0,Online Wallet,33.0,29.400000000000002,2025,2025-03,March
ORD10745,2025-11-09,South,Groceries,Snacks,447.24,7.0,0.0,Credit Card,43.0,3130.6800000000003,2025,2025-11,November
ORD10348,2024-02-18,South,Toys,Rc Car,111.95,9.0,0.0,Credit Card,55.0,1007.5500000000001,2024,2024-02,February
ORD11987,2024-09-28,South,Clothing,Sneakers,19.74,3.0,0.0,Cash,29.0,59.22,2024,2024-09,September
ORD14340,2025-12-23,North,Clothing,Jeans,195.52,9.0,0.0,Credit Card,26.0,1759.68,2025,2025-12,December
ORD14131,2024-03-19,South,Furniture,Office Chair,123.98,7.0,0.0,Online Wallet,19.0,867.86,2024,2024-03,March
ORD11851,2025-04-12,South,Clothing,Cap,58.21,1.0,0.0,Online Wallet,34.0,58.21,2025,2025-04,April
ORD10779,2024-05-24,North,Toys,Rc Car,388.37,9.0,0.0,Online Wallet,57.0,3495.33,2024,2024-05,May
ORD10004,2024-01-21,East,Toys,Board Game,228.0,2.0,15.0,Online Wallet,31.0,387.59999999999997,2024,2024-01,January
ORD14234,2024-09-30,East,Electronics,Laptop,361.06,1.0,0.0,Online Wallet,65.0,361.06,2024,2024-09,September
ORD13739,2024-04-16,North,Electronics,Smartphone,316.66,3.0,0.0,Cash,22.0,949.98,2024,2024-04,April
ORD14951,2025-10-03,East,Clothing,Cap,341.24,6.0,5.0,Cash,60.0,1945.068,2025,2025-10,October
ORD13881,2025-03-11,North,Groceries,Coffee,482.84,4.0,0.0,Online Wallet,62.0,1931.36,2025,2025-03,March
ORD13748,2024-08-03,North,Clothing,Cap,268.85,7.0,0.0,Credit Card,61.0,1881.9500000000003,2024,2024-08,August
ORD10717,2024-07-09,East,Electronics,Smartphone,330.59,3.0,0.0,Online Wallet,33.0,991.77,2024,2024-07,July
ORD10314,2025-10-27,South,Electronics,Tablet,44.31,5.0,20.0,Online Wallet,44.0,177.24,2025,2025-10,October
ORD11840,2024-09-15,South,Groceries,Juice,40.59,5.0,0.0,Online Wallet,20.0,202.95000000000002,2024,2024-09,September
ORD14291,2024-08-03,West,Furniture,Bookshelf,472.56,4.0,0.0,Credit Card,67.0,1890.24,2024,2024-08,August
ORD14189,2024-07-08,East,Clothing,Sneakers,319.97,6.0,10.0,Online Wallet,44.0,1727.8380000000002,2024,2024-07,July
ORD14958,2025-12-22,West,Groceries,Juice,187.74,6.0,0.0,Online Wallet,62.0,1126.44,2025,2025-12,December
ORD11140,2025-05-06,West,Furniture,Office Chair,11.8,1.0,0.0,Online Wallet,26.0,11.8,2025,2025-05,May
ORD12670,2025-02-16,North,Clothing,Jacket,388.12,7.0,0.0,Credit Card,65.0,2716.84,2025,2025-02,February
ORD14801,2024-05-03,East,Furniture,Sofa,471.83,4.0,5.0,Credit Card,33.0,1792.954,2024,2024-05,May
ORD11364,2025-04-28,West,Toys,Board Game,18.06,1.0,0.0,Cash,44.0,18.06,2025,2025-04,April
ORD11564,2025-08-05,North,Toys,Board Game,6.68,8.0,0.0,Debit Card,40.0,53.44,2025,2025-08,August
ORD11141,2025-04-20,East,Groceries,Coffee,262.1,6.0,20.0,Debit Card,23.0,1258.0800000000002,2025,2025-04,April
ORD13231,2025-08-28,East,Groceries,Coffee,173.52,7.0,0.0,Debit Card,44.0,1214.64,2025,2025-08,August
ORD11094,2024-07-07,West,Electronics,Headphones,456.35,4.0,0.0,Debit Card,44.0,1825.4,2024,2024-07,July
ORD11877,2024-06-07,North,Clothing,T-Shirt,46.53,1.0,10.0,Cash,45.0,41.877,2024,2024-06,June
ORD12414,2025-06-07,East,Furniture,Sofa,110.1,7.0,0.0,Cash,26.0,770.6999999999999,2025,2025-06,June
ORD11117,2024-01-08,North,Electronics,Tablet,114.93,1.0,0.0,Debit Card,58.0,114.93,2024,2024-01,January
ORD13075,2024-09-26,North,Furniture,Bed Frame,325.45,6.0,5.0,Online Wallet,62.0,1855.0649999999998,2024,2024-09,September
ORD14430,2024-02-06,East,Toys,Lego Set,423.44,4.0,0.0,Debit Card,63.0,1693.76,2024,2024-02,February
ORD13071,2024-03-24,North,Groceries,Juice,485.44,1.0,15.0,Debit Card,63.0,412.62399999999997,2024,2024-03,March
ORD10028,2024-07-26,East,Electronics,Laptop,449.07,8.0,0.0,Credit Card,41.0,3592.56,2024,2024-07,July
ORD12457,2024-05-25,East,Electronics,Smartphone,249.69,6.0,0.0,Credit Card,52.0,1498.1399999999999,2024,2024-05,May
ORD14214,2025-05-07,North,Groceries,Cereal,392.08,9.0,0.0,Credit Card,46.0,3528.72,2025,2025-05,May
ORD10608,2024-07-08,South,Groceries,Cereal,272.45,8.0,10.0,Online Wallet,52.0,1961.6399999999999,2024,2024-07,July
ORD11561,2025-10-20,West,Furniture,Office Chair,232.11,5.0,0.0,Cash,27.0,1160.5500000000002,2025,2025-10,October
ORD13984,2024-07-19,North,Toys,Lego Set,59.96,5.0,5.0,Credit Card,55.0,284.81,2024,2024-07,July
ORD12738,2024-08-24,East,Clothing,Sneakers,427.13,7.0,0.0,Credit Card,44.0,2989.91,2024,2024-08,August
ORD10108,2024-04-13,West,Furniture,Bed Frame,314.0,3.0,0.0,Cash,24.0,942.0,2024,2024-04,April
ORD10538,2024-03-12,North,Groceries,Coffee,461.57,1.0,0.0,Debit Card,68.0,461.57,2024,2024-03,March
ORD12011,2024-11-12,South,Furniture,Bookshelf,277.01,1.0,15.0,Cash,59.0,235.4585,2024,2024-11,November
ORD14597,2025-05-08,South,Clothing,Jacket,47.92,8.0,0.0,Debit Card,42.0,383.36,2025,2025-05,May
ORD12918,2024-09-12,East,Electronics,Laptop,422.02,2.0,0.0,Online Wallet,28.0,844.04,2024,2024-09,September
ORD11673,2024-02-06,East,Clothing,Sneakers,316.61,7.0,0.0,Cash,58.0,2216.27,2024,2024-02,February
ORD11437,2024-09-17,North,Groceries,Juice,210.29,4.0,0.0,Credit Card,47.0,841.16,2024,2024-09,September
ORD13729,2024-03-20,East,Clothing,T-Shirt,371.87,6.0,0.0,Debit Card,42.0,2231.2200000000003,2024,2024-03,March
ORD14541,2024-07-15,West,Clothing,Sneakers,196.04,2.0,0.0,Cash,65.0,392.08,2024,2024-07,July
ORD12119,2025-12-25,East,Toys,Action Figure,426.68,5.0,0.0,Debit Card,31.0,2133.4,2025,2025-12,December
ORD11537,2025-10-30,East,Electronics,Laptop,210.28,5.0,0.0,Cash,25.0,1051.4,2025,2025-10,October
ORD11044,2025-03-06,South,Toys,Rc Car,122.13,1.0,20.0,Online Wallet,31.0,97.70400000000001,2025,2025-03,March
ORD12973,2024-11-20,South,Electronics,Laptop,167.4,4.0,5.0,Online Wallet,30.0,636.12,2024,2024-11,November
ORD14363,2025-11-09,North,Toys,Rc Car,469.83,4.0,0.0,Debit Card,37.0,1879.32,2025,2025-11,November
ORD14486,2025-05-13,South,Groceries,Coffee,441.19,8.0,0.0,Cash,22.0,3529.52,2025,2025-05,May
ORD10299,2025-01-18,East,Electronics,Laptop,483.84,9.0,0.0,Credit Card,21.0,4354.5599999999995,2025,2025-01,January
ORD12633,2025-10-20,West,Furniture,Desk,363.3,9.0,0.0,Cash,55.0,3269.7000000000003,2025,2025-10,October
ORD11042,2024-07-12,West,Groceries,Pasta,325.81,8.0,0.0,Cash,44.0,2606.48,2024,2024-07,July
ORD13644,2025-06-06,South,Toys,Rc Car,153.71,6.0,0.0,Debit Card,50.0,922.26,2025,2025-06,June
ORD14579,2024-07-07,East,Groceries,Pasta,421.43,4.0,0.0,Online Wallet,45.0,1685.72,2024,2024-07,July
ORD12048,2024-09-15,North,Electronics,Smartwatch,20.29,6.0,0.0,Online Wallet,20.0,121.74,2024,2024-09,September
ORD11520,2024-02-07,South,Electronics,Headphones,226.8,4.0,0.0,Online Wallet,38.0,907.2,2024,2024-02,February
ORD13353,2025-07-31,South,Clothing,Cap,355.74,8.0,5.0,Credit Card,27.0,2703.624,2025,2025-07,July
ORD13125,2025-12-17,East,Toys,Puzzle,478.3,8.0,0.0,Online Wallet,43.0,3826.4,2025,2025-12,December
ORD10567,2024-07-08,West,Groceries,Cereal,82.36,2.0,0.0,Debit Card,25.0,164.72,2024,2024-07,July
ORD10248,2025-04-27,West,Electronics,Smartwatch,202.34,9.0,0.0,Debit Card,25.0,1821.06,2025,2025-04,April
ORD14513,2025-02-26,South,Furniture,Bed Frame,178.97,3.0,0.0,Debit Card,49.0,536.91,2025,2025-02,February
ORD11247,2025-06-04,North,Toys,Rc Car,212.66,4.0,5.0,Online Wallet,54.0,808.108,2025,2025-06,June
ORD14219,2025-06-03,West,Clothing,Jacket,149.35,2.0,0.0,Debit Card,58.0,298.7,2025,2025-06,June
ORD13840,2024-06-23,East,Clothing,T-Shirt,325.81,9.0,5.0,Online Wallet,42.0,2785.6755,2024,2024-06,June
ORD10718,2025-12-21,West,Electronics,Laptop,100.61,2.0,0.0,Cash,53.0,201.22,2025,2025-12,December
ORD14930,2025-12-05,West,Toys,Action Figure,267.18,7.0,0.0,Cash,25.0,1870.26,2025,2025-12,December
ORD10033,2024-10-09,South,Toys,Board Game,220.03,5.0,0.0,Online Wallet,64.0,1100.15,2024,2024-10,October
ORD14838,2025-02-23,North,Groceries,Coffee,409.98,9.0,0.0,Online Wallet,66.0,3689.82,2025,2025-02,February
ORD12227,2024-08-28,East,Groceries,Pasta,33.78,5.0,10.0,Online Wallet,27.0,152.01000000000002,2024,2024-08,August
ORD10840,2025-03-30,East,Furniture,Office Chair,115.43,4.0,0.0,Online Wallet,49.0,461.72,2025,2025-03,March
ORD11685,2025-04-19,West,Clothing,Jeans,203.45,4.0,0.0,Credit Card,46.0,813.8,2025,2025-04,April
ORD12701,2025-09-06,East,Toys,Action Figure,184.85,9.0,0.0,Online Wallet,35.0,1663.6499999999999,2025,2025-09,September
ORD12697,2024-05-02,West,Toys,Board Game,310.93,4.0,0.0,Cash,42.0,1243.72,2024,2024-05,May
ORD10552,2024-12-29,West,Electronics,Laptop,367.84,4.0,0.0,Credit Card,45.0,1471.36,2024,2024-12,December
ORD12097,2025-04-29,North,Electronics,Tablet,284.07,2.0,0.0,Online Wallet,40.0,568.14,2025,2025-04,April
ORD12588,2025-05-12,North,Clothing,Cap,63.86,2.0,20.0,Online Wallet,69.0,102.176,2025,2025-05,May
ORD13463,2025-02-22,North,Groceries,Cereal,352.86,2.0,0.0,Cash,61.0,705.72,2025,2025-02,February
ORD12115,2025-11-18,East,Electronics,Smartphone,219.21,2.0,0.0,Online Wallet,67.0,438.42,2025,2025-11,November
ORD13476,2025-12-15,South,Clothing,Sneakers,154.98,5.0,0.0,Credit Card,61.0,774.9,2025,2025-12,December
ORD10555,2025-07-24,North,Toys,Rc Car,299.45,1.0,0.0,Cash,47.0,299.45,2025,2025-07,July
ORD10344,2024-03-24,West,Clothing,Sneakers,450.66,3.0,0.0,Cash,19.0,1351.98,2024,2024-03,March
ORD10891,2025-11-23,South,Toys,Lego Set,249.03,2.0,0.0,Debit Card,50.0,498.06,2025,2025-11,November
ORD11916,2025-06-09,North,Toys,Rc Car,265.19,3.0,0.0,Credit Card,65.0,795.5699999999999,2025,2025-06,June
ORD10636,2025-01-12,East,Groceries,Cereal,223.37,2.0,0.0,Debit Card,46.0,446.74,2025,2025-01,January
ORD12991,2025-07-17,West,Groceries,Juice,385.74,5.0,0.0,Credit Card,64.0,1928.7,2025,2025-07,July
ORD13691,2025-02-23,West,Electronics,Smartphone,16.99,9.0,10.0,Cash,44.0,137.619,2025,2025-02,February
ORD14689,2024-11-20,South,Electronics,Headphones,246.33,3.0,10.0,Credit Card,65.0,665.091,2024,2024-11,November
ORD14789,2024-07-17,East,Electronics,Tablet,160.73,9.0,10.0,Credit Card,57.0,1301.913,2024,2024-07,July
ORD10881,2024-04-10,South,Clothing,Jacket,412.22,5.0,20.0,Credit Card,46.0,1648.8800000000003,2024,2024-04,April
ORD12914,2024-12-28,East,Electronics,Smartphone,451.19,3.0,0.0,Debit Card,53.0,1353.57,2024,2024-12,December
ORD13846,2024-04-26,East,Electronics,Laptop,81.23,4.0,0.0,Cash,40.0,324.92,2024,2024-04,April
ORD10200,2025-07-06,North,Furniture,Bed Frame,127.38,8.0,0.0,Online Wallet,19.0,1019.04,2025,2025-07,July
ORD12860,2025-08-25,North,Electronics,Tablet,98.07,4.0,0.0,Cash,58.0,392.28,2025,2025-08,August
ORD11837,2025-10-29,East,Toys,Puzzle,335.1,6.0,0.0,Cash,55.0,2010.6000000000001,2025,2025-10,October
ORD12174,2025-03-18,East,Toys,Board Game,202.7,9.0,5.0,Debit Card,38.0,1733.0849999999998,2025,2025-03,March
ORD11626,2025-05-02,North,Toys,Lego Set,385.87,3.0,0.0,Online Wallet,66.0,1157.6100000000001,2025,2025-05,May
ORD11973,2025-06-01,South,Groceries,Juice,100.09,8.0,0.0,Cash,67.0,800.72,2025,2025-06,June
ORD12247,2024-07-11,East,Clothing,Jeans,43.99,6.0,0.0,Online Wallet,41.0,263.94,2024,2024-07,July
ORD11528,2024-12-24,South,Groceries,Cereal,226.87,4.0,5.0,Credit Card,58.0,862.106,2024,2024-12,December
ORD11098,2025-05-11,North,Groceries,Coffee,418.04,3.0,0.0,Credit Card,50.0,1254.1200000000001,2025,2025-05,May
ORD13772,2024-04-20,East,Furniture,Desk,120.1,8.0,0.0,Cash,47.0,960.8,2024,2024-04,April
ORD13423,2024-02-05,North,Clothing,Sneakers,291.07,9.0,0.0,Cash,52.0,2619.63,2024,2024-02,February
ORD10141,2024-01-11,West,Toys,Board Game,181.06,1.0,5.0,Online Wallet,52.0,172.007,2024,2024-01,January
ORD12816,2024-02-12,North,Electronics,Smartphone,24.74,6.0,20.0,Online Wallet,21.0,118.75200000000001,2024,2024-02,February
ORD10359,2024-12-30,South,Electronics,Smartwatch,382.14,7.0,0.0,Debit Card,51.0,2674.98,2024,2024-12,December
ORD12487,2024-08-28,East,Groceries,Snacks,191.86,8.0,20.0,Online Wallet,69.0,1227.9040000000002,2024,2024-08,August
ORD11821,2024-08-16,East,Groceries,Coffee,349.01,2.0,0.0,Online Wallet,32.0,698.02,2024,2024-08,August
ORD13757,2025-04-25,South,Groceries,Snacks,261.41,8.0,0.0,Credit Card,68.0,2091.28,2025,2025-04,April
ORD12010,2024-06-18,North,Clothing,Jacket,97.05,4.0,0.0,Cash,47.0,388.2,2024,2024-06,June
ORD13508,2024-12-01,North,Toys,Lego Set,487.12,3.0,5.0,Online Wallet,20.0,1388.2920000000001,2024,2024-12,December
ORD11559,2024-08-31,South,Toys,Rc Car,479.92,9.0,15.0,Cash,58.0,3671.3879999999995,2024,2024-08,August
ORD11959,2024-12-16,South,Toys,Action Figure,168.53,6.0,0.0,Online Wallet,62.0,1011.1800000000001,2024,2024-12,December
ORD11653,2025-11-14,West,Toys,Action Figure,333.86,7.0,0.0,Credit Card,52.0,2337.02,2025,2025-11,November
ORD12594,2025-07-15,South,Electronics,Tablet,420.1,7.0,0.0,Debit Card,50.0,2940.7000000000003,2025,2025-07,July
ORD12864,2024-05-15,East,Clothing,Jacket,190.72,7.0,0.0,Debit Card,29.0,1335.04,2024,2024-05,May
ORD12461,2025-10-09,East,Electronics,Laptop,39.98,4.0,0.0,Debit Card,46.0,159.92,2025,2025-10,October
ORD12453,2025-10-17,South,Toys,Rc Car,79.75,3.0,0.0,Online Wallet,55.0,239.25,2025,2025-10,October
ORD13816,2024-06-13,South,Groceries,Coffee,288.45,9.0,10.0,Debit Card,27.0,2336.4449999999997,2024,2024-06,June
ORD13672,2025-04-02,South,Clothing,T-Shirt,146.4,6.0,20.0,Debit Card,62.0,702.7200000000001,2025,2025-04,April
ORD14491,2025-10-24,West,Electronics,Smartphone,67.95,8.0,0.0,Credit Card,44.0,543.6,2025,2025-10,October
ORD14666,2024-06-25,East,Furniture,Desk,478.94,1.0,0.0,Cash,31.0,478.94,2024,2024-06,June
ORD12595,2025-03-03,North,Toys,Board Game,242.69,1.0,0.0,Cash,44.0,242.69,2025,2025-03,March
ORD13669,2025-01-06,West,Groceries,Juice,270.15,3.0,0.0,Credit Card,56.0,810.4499999999999,2025,2025-01,January
ORD13511,2025-06-17,East,Furniture,Bed Frame,438.28,9.0,10.0,Online Wallet,37.0,3550.0679999999998,2025,2025-06,June
ORD12355,2025-01-24,South,Toys,Rc Car,324.52,8.0,0.0,Debit Card,45.0,2596.16,2025,2025-01,January
ORD14398,2025-07-31,West,Clothing,T-Shirt,287.97,9.0,0.0,Debit Card,35.0,2591.7300000000005,2025,2025-07,July
ORD11773,2025-03-19,East,Furniture,Bookshelf,148.19,1.0,0.0,Debit Card,18.0,148.19,2025,2025-03,March
ORD14406,2025-07-13,West,Toys,Lego Set,384.17,8.0,10.0,Credit Card,53.0,2766.0240000000003,2025,2025-07,July
ORD13675,2025-11-20,East,Toys,Board Game,445.57,3.0,15.0,Credit Card,52.0,1136.2035,2025,2025-11,November
ORD12159,2025-07-29,East,Toys,Board Game,495.74,3.0,0.0,Online Wallet,34.0,1487.22,2025,2025-07,July
ORD12256,2025-07-01,East,Clothing,Jacket,203.22,2.0,0.0,Debit Card,36.0,406.44,2025,2025-07,July
ORD12982,2025-10-20,East,Toys,Board Game,383.9,2.0,0.0,Credit Card,20.0,767.8,2025,2025-10,October
ORD10899,2024-07-05,North,Toys,Board Game,462.03,2.0,0.0,Credit Card,43.0,924.06,2024,2024-07,July
ORD14255,2024-07-09,South,Clothing,Jeans,369.1,1.0,0.0,Debit Card,23.0,369.1,2024,2024-07,July
ORD10804,2025-12-23,North,Electronics,Laptop,73.96,6.0,20.0,Cash,52.0,355.00800000000004,2025,2025-12,December
ORD13924,2024-04-15,North,Toys,Action Figure,86.86,7.0,10.0,Debit Card,35.0,547.218,2024,2024-04,April
ORD11373,2025-12-23,South,Furniture,Office Chair,275.61,5.0,0.0,Online Wallet,36.0,1378.0500000000002,2025,2025-12,December
ORD11710,2025-09-05,South,Toys,Lego Set,289.26,4.0,20.0,Cash,31.0,925.6320000000001,2025,2025-09,September
ORD14682,2025-07-25,South,Furniture,Bookshelf,375.74,6.0,0.0,Cash,22.0,2254.44,2025,2025-07,July
ORD12397,2025-07-06,North,Electronics,Laptop,266.98,2.0,0.0,Online Wallet,31.0,533.96,2025,2025-07,July
ORD11833,2025-11-15,West,Toys,Lego Set,43.95,5.0,0.0,Online Wallet,49.0,219.75,2025,2025-11,November
ORD14374,2024-07-25,South,Furniture,Sofa,389.41,3.0,0.0,Cash,28.0,1168.23,2024,2024-07,July
ORD10079,2025-03-24,South,Toys,Lego Set,337.49,2.0,0.0,Online Wallet,56.0,674.98,2025,2025-03,March
ORD12543,2024-10-04,North,Furniture,Office Chair,242.58,6.0,0.0,Online Wallet,45.0,1455.48,2024,2024-10,October
ORD13692,2025-01-23,North,Electronics,Smartwatch,144.9,5.0,0.0,Cash,26.0,724.5,2025,2025-01,January
ORD11822,2025-08-30,South,Groceries,Pasta,282.08,4.0,0.0,Cash,67.0,1128.32,2025,2025-08,August
ORD11933,2025-02-11,West,Furniture,Office Chair,120.87,4.0,0.0,Debit Card,29.0,483.48,2025,2025-02,February
ORD11296,2025-06-28,North,Clothing,Sneakers,356.11,5.0,5.0,Cash,49.0,1691.5225,2025,2025-06,June
ORD11045,2024-10-02,South,Groceries,Snacks,159.81,7.0,0.0,Debit Card,27.0,1118.67,2024,2024-10,October
ORD12472,2025-03-28,South,Furniture,Sofa,399.29,6.0,0.0,Online Wallet,60.0,2395.7400000000002,2025,2025-03,March
ORD14402,2025-10-25,South,Furniture,Bed Frame,436.77,4.0,0.0,Online Wallet,30.0,1747.08,2025,2025-10,October
ORD11742,2024-04-15,South,Groceries,Coffee,201.99,5.0,0.0,Cash,42.0,1009.95,2024,2024-04,April
ORD12539,2024-02-21,South,Furniture,Sofa,81.77,1.0,0.0,Debit Card,54.0,81.77,2024,2024-02,February
ORD12936,2024-06-16,East,Electronics,Laptop,393.8,8.0,0.0,Credit Card,58.0,3150.4,2024,2024-06,June
ORD12054,2024-06-18,East,Toys,Puzzle,99.43,9.0,0.0,Debit Card,26.0,894.8700000000001,2024,2024-06,June
ORD14021,2024-04-10,East,Furniture,Bed Frame,422.19,9.0,0.0,Online Wallet,51.0,3799.71,2024,2024-04,April
ORD13631,2024-10-19,South,Furniture,Bed Frame,386.31,1.0,0.0,Credit Card,48.0,386.31,2024,2024-10,October
ORD13304,2025-05-23,North,Electronics,Smartwatch,470.51,5.0,0.0,Cash,67.0,2352.55,2025,2025-05,May
ORD11586,2024-07-10,West,Toys,Rc Car,217.72,2.0,0.0,Cash,21.0,435.44,2024,2024-07,July
ORD10280,2024-01-14,North,Furniture,Sofa,376.03,5.0,0.0,Cash,33.0,1880.1499999999999,2024,2024-01,January
ORD12735,2025-09-29,East,Groceries,Cereal,112.08,6.0,0.0,Cash,39.0,672.48,2025,2025-09,September
ORD11074,2025-07-14,North,Groceries,Juice,25.09,4.0,0.0,Cash,67.0,100.36,2025,2025-07,July
ORD12657,2024-06-22,South,Groceries,Cereal,158.11,4.0,0.0,Credit Card,26.0,632.44,2024,2024-06,June
ORD14840,2024-01-24,West,Electronics,Tablet,141.03,4.0,15.0,Cash,55.0,479.502,2024,2024-01,January
ORD12157,2025-03-25,North,Toys,Rc Car,79.76,7.0,0.0,Online Wallet,49.0,558.32,2025,2025-03,March
ORD13330,2025-01-11,South,Furniture,Bed Frame,151.68,3.0,0.0,Cash,39.0,455.04,2025,2025-01,January
ORD12851,2025-02-24,North,Electronics,Smartphone,342.68,7.0,0.0,Credit Card,30.0,2398.76,2025,2025-02,February
ORD13158,2025-06-20,East,Furniture,Office Chair,180.94,5.0,5.0,Online Wallet,64.0,859.465,2025,2025-06,June
ORD10285,2024-11-14,East,Groceries,Juice,43.14,6.0,0.0,Online Wallet,47.0,258.84000000000003,2024,2024-11,November
ORD14316,2025-06-23,East,Clothing,T-Shirt,61.67,8.0,20.0,Credit Card,24.0,394.68800000000005,2025,2025-06,June
ORD14806,2024-05-09,West,Groceries,Snacks,469.1,4.0,10.0,Credit Card,44.0,1688.7600000000002,2024,2024-05,May
ORD10839,2024-09-15,East,Furniture,Bookshelf,133.19,1.0,10.0,Credit Card,65.0,119.871,2024,2024-09,September
ORD13578,2024-07-25,West,Furniture,Bookshelf,128.91,8.0,0.0,Cash,26.0,1031.28,2024,2024-07,July
ORD13134,2024-08-25,North,Clothing,Jeans,416.62,3.0,0.0,Credit Card,53.0,1249.8600000000001,2024,2024-08,August
ORD11524,2025-02-05,North,Toys,Puzzle,237.92,4.0,10.0,Cash,58.0,856.512,2025,2025-02,February
ORD10871,2024-07-28,East,Electronics,Laptop,483.09,4.0,20.0,Cash,44.0,1545.888,2024,2024-07,July
ORD11380,2024-11-04,West,Electronics,Smartwatch,300.33,9.0,5.0,Online Wallet,66.0,2567.8214999999996,2024,2024-11,November
ORD10573,2024-04-05,North,Clothing,Jacket,483.04,4.0,0.0,Cash,22.0,1932.16,2024,2024-04,April
ORD10005,2024-12-11,North,Furniture,Desk,53.35,4.0,0.0,Online Wallet,24.0,213.4,2024,2024-12,December
ORD12183,2025-02-21,East,Furniture,Bed Frame,392.01,1.0,5.0,Online Wallet,37.0,372.4095,2025,2025-02,February
ORD11453,2024-11-05,North,Clothing,Jeans,317.11,4.0,0.0,Cash,34.0,1268.44,2024,2024-11,November
ORD10407,2024-08-10,South,Furniture,Desk,26.73,6.0,0.0,Online Wallet,62.0,160.38,2024,2024-08,August
ORD12403,2024-01-27,East,Toys,Puzzle,383.59,9.0,5.0,Cash,23.0,3279.6944999999996,2024,2024-01,January
ORD12142,2025-02-20,North,Groceries,Cereal,33.02,9.0,0.0,Online Wallet,66.0,297.18,2025,2025-02,February
ORD14477,2025-03-07,West,Toys,Puzzle,414.07,2.0,0.0,Online Wallet,56.0,828.14,2025,2025-03,March
ORD10440,2025-06-02,North,Furniture,Bookshelf,159.87,7.0,0.0,Online Wallet,36.0,1119.0900000000001,2025,2025-06,June
ORD12023,2025-10-17,North,Electronics,Tablet,201.59,8.0,0.0,Cash,63.0,1612.72,2025,2025-10,October
ORD12150,2024-03-15,South,Furniture,Bookshelf,59.57,7.0,0.0,Debit Card,53.0,416.99,2024,2024-03,March
ORD10823,2024-03-16,South,Toys,Action Figure,201.99,5.0,0.0,Debit Card,65.0,1009.95,2024,2024-03,March
ORD12279,2024-01-13,East,Toys,Board Game,87.65,1.0,0.0,Cash,26.0,87.65,2024,2024-01,January
ORD12172,2025-04-22,West,Groceries,Pasta,258.81,3.0,0.0,Online Wallet,20.0,776.4300000000001,2025,2025-04,April
ORD13514,2024-03-04,South,Electronics,Headphones,135.4,1.0,0.0,Online Wallet,32.0,135.4,2024,2024-03,March
ORD12253,2024-06-23,South,Toys,Action Figure,146.53,9.0,0.0,Debit Card,44.0,1318.77,2024,2024-06,June
ORD11379,2025-08-25,East,Clothing,Jeans,421.55,1.0,0.0,Credit Card,39.0,421.55,2025,2025-08,August
ORD13978,2024-11-26,West,Clothing,Jacket,350.11,5.0,0.0,Debit Card,44.0,1750.5500000000002,2024,2024-11,November
ORD14857,2025-12-20,East,Toys,Rc Car,110.97,1.0,0.0,Credit Card,48.0,110.97,2025,2025-12,December
ORD11420,2024-01-03,North,Groceries,Juice,228.04,2.0,0.0,Cash,20.0,456.08,2024,2024-01,January
ORD10457,2024-07-30,South,Electronics,Headphones,105.99,7.0,0.0,Cash,64.0,741.93,2024,2024-07,July
ORD11736,2024-05-13,East,Clothing,Sneakers,160.55,8.0,0.0,Online Wallet,64.0,1284.4,2024,2024-05,May
ORD11600,2025-03-14,North,Toys,Rc Car,7.83,8.0,0.0,Debit Card,35.0,62.64,2025,2025-03,March
ORD13430,2024-09-25,North,Groceries,Cereal,324.43,5.0,0.0,Online Wallet,49.0,1622.15,2024,2024-09,September
ORD14133,2024-11-06,South,Clothing,Jacket,171.43,9.0,0.0,Online Wallet,20.0,1542.8700000000001,2024,2024-11,November
ORD12682,2024-07-20,South,Electronics,Smartphone,365.04,6.0,5.0,Debit Card,24.0,2080.728,2024,2024-07,July
ORD14484,2025-10-31,North,Electronics,Tablet,140.5,1.0,0.0,Cash,60.0,140.5,2025,2025-10,October
ORD12068,2025-05-09,East,Clothing,Cap,71.03,4.0,5.0,Debit Card,42.0,269.914,2025,2025-05,May
ORD11750,2024-02-21,South,Toys,Rc Car,188.18,9.0,0.0,Credit Card,31.0,1693.6200000000001,2024,2024-02,February
ORD14377,2025-04-15,South,Clothing,Jacket,372.58,1.0,0.0,Debit Card,34.0,372.58,2025,2025-04,April
ORD14002,2024-01-29,West,Groceries,Pasta,363.58,9.0,0.0,Debit Card,31.0,3272.22,2024,2024-01,January
ORD12943,2024-12-11,West,Toys,Board Game,86.79,8.0,0.0,Credit Card,42.0,694.32,2024,2024-12,December
ORD11330,2025-12-04,West,Clothing,Cap,372.21,8.0,0.0,Debit Card,30.0,2977.68,2025,2025-12,December
ORD11792,2025-04-28,South,Furniture,Sofa,52.06,9.0,0.0,Credit Card,23.0,468.54,2025,2025-04,April
ORD14900,2025-08-15,South,Furniture,Sofa,43.65,1.0,0.0,Debit Card,55.0,43.65,2025,2025-08,August
ORD11126,2025-09-03,East,Toys,Puzzle,244.34,4.0,0.0,Online Wallet,67.0,977.36,2025,2025-09,September
ORD13831,2024-03-27,South,Groceries,Coffee,498.71,8.0,10.0,Cash,59.0,3590.712,2024,2024-03,March
ORD13289,2024-02-02,South,Electronics,Tablet,229.3,9.0,5.0,Online Wallet,52.0,1960.515,2024,2024-02,February
ORD14437,2025-01-20,West,Electronics,Headphones,355.72,6.0,0.0,Cash,66.0,2134.32,2025,2025-01,January
ORD10325,2025-09-13,East,Furniture,Office Chair,455.83,3.0,10.0,Online Wallet,62.0,1230.741,2025,2025-09,September
ORD11534,2024-07-09,North,Electronics,Smartwatch,255.0,5.0,20.0,Cash,57.0,1020.0,2024,2024-07,July
ORD14323,2025-03-03,East,Furniture,Desk,489.33,7.0,10.0,Credit Card,51.0,3082.779,2025,2025-03,March
ORD12946,2024-05-26,North,Clothing,Jeans,473.89,8.0,0.0,Cash,40.0,3791.12,2024,2024-05,May
ORD11748,2025-12-21,North,Furniture,Bookshelf,408.71,8.0,0.0,Debit Card,44.0,3269.68,2025,2025-12,December
ORD11123,2025-07-15,South,Electronics,Headphones,189.57,9.0,0.0,Debit Card,46.0,1706.1299999999999,2025,2025-07,July
ORD11777,2025-07-31,South,Groceries,Coffee,61.21,6.0,0.0,Debit Card,45.0,367.26,2025,2025-07,July
ORD12827,2024-01-27,East,Furniture,Bookshelf,79.81,7.0,0.0,Cash,27.0,558.6700000000001,2024,2024-01,January
ORD11417,2025-03-01,South,Electronics,Headphones,28.52,1.0,5.0,Credit Card,36.0,27.093999999999998,2025,2025-03,March
ORD14096,2024-07-28,West,Electronics,Smartphone,289.81,8.0,0.0,Online Wallet,22.0,2318.48,2024,2024-07,July
ORD10694,2025-10-21,North,Electronics,Smartwatch,5.81,3.0,0.0,Online Wallet,26.0,17.43,2025,2025-10,October
ORD12190,2025-03-09,South,Clothing,Sneakers,254.09,8.0,0.0,Cash,45.0,2032.72,2025,2025-03,March
ORD12313,2024-05-27,North,Clothing,T-Shirt,249.52,9.0,0.0,Debit Card,60.0,2245.6800000000003,2024,2024-05,May
ORD14488,2025-04-06,South,Furniture,Bed Frame,355.32,9.0,5.0,Online Wallet,31.0,3037.986,2025,2025-04,April
ORD11448,2024-10-14,South,Electronics,Laptop,90.07,7.0,0.0,Debit Card,28.0,630.49,2024,2024-10,October
ORD13812,2025-11-03,West,Furniture,Desk,143.49,2.0,0.0,Online Wallet,44.0,286.98,2025,2025-11,November
ORD10795,2025-05-22,South,Furniture,Sofa,231.66,9.0,10.0,Debit Card,25.0,1876.4460000000001,2025,2025-05,May
ORD13697,2025-08-12,West,Furniture,Sofa,486.14,6.0,20.0,Debit Card,61.0,2333.472,2025,2025-08,August
ORD12343,2024-11-18,North,Clothing,Sneakers,5.16,2.0,0.0,Online Wallet,48.0,10.32,2024,2024-11,November
ORD13099,2024-11-22,West,Electronics,Smartwatch,22.29,1.0,10.0,Cash,19.0,20.061,2024,2024-11,November
ORD14851,2025-07-10,North,Electronics,Headphones,21.25,2.0,0.0,Credit Card,38.0,42.5,2025,2025-07,July
ORD14568,2025-09-09,North,Clothing,Cap,22.59,4.0,0.0,Cash,58.0,90.36,2025,2025-09,September
ORD10645,2025-11-30,North,Groceries,Coffee,66.03,9.0,0.0,Cash,60.0,594.27,2025,2025-11,November
ORD13942,2025-06-07,North,Furniture,Bookshelf,430.13,5.0,0.0,Cash,26.0,2150.65,2025,2025-06,June
ORD14583,2025-06-12,East,Groceries,Coffee,86.97,7.0,0.0,Online Wallet,43.0,608.79,2025,2025-06,June
ORD14762,2024-04-04,East,Furniture,Bed Frame,260.8,1.0,0.0,Debit Card,29.0,260.8,2024,2024-04,April
ORD11915,2024-02-18,East,Groceries,Pasta,357.73,1.0,0.0,Cash,68.0,357.73,2024,2024-02,February
ORD12520,2024-01-14,West,Electronics,Smartphone,283.12,7.0,0.0,Cash,32.0,1981.8400000000001,2024,2024-01,January
ORD11565,2024-03-21,West,Electronics,Laptop,94.85,8.0,5.0,Cash,44.0,720.8599999999999,2024,2024-03,March
ORD14614,2025-05-06,East,Toys,Board Game,401.87,2.0,0.0,Cash,57.0,803.74,2025,2025-05,May
ORD12441,2024-06-19,West,Furniture,Office Chair,492.31,7.0,10.0,Credit Card,28.0,3101.5530000000003,2024,2024-06,June
ORD11424,2025-06-13,South,Furniture,Bed Frame,112.86,1.0,0.0,Online Wallet,30.0,112.86,2025,2025-06,June
ORD10724,2024-03-13,North,Toys,Action Figure,445.67,4.0,20.0,Online Wallet,64.0,1426.1440000000002,2024,2024-03,March
ORD11724,2024-12-30,West,Furniture,Office Chair,41.83,3.0,0.0,Credit Card,33.0,125.49,2024,2024-12,December
ORD10996,2025-03-01,West,Groceries,Cereal,12.44,2.0,0.0,Cash,35.0,24.88,2025,2025-03,March
ORD14536,2025-01-02,North,Clothing,Jeans,221.48,4.0,0.0,Debit Card,38.0,885.92,2025,2025-01,January
ORD11579,2024-07-22,North,Electronics,Smartwatch,444.93,6.0,0.0,Credit Card,44.0,2669.58,2024,2024-07,July
ORD13287,2024-10-20,South,Electronics,Smartwatch,472.34,3.0,0.0,Debit Card,27.0,1417.02,2024,2024-10,October
ORD13590,2025-08-12,East,Groceries,Snacks,21.89,9.0,0.0,Debit Card,66.0,197.01,2025,2025-08,August
ORD12181,2025-04-21,West,Groceries,Juice,177.24,1.0,0.0,Online Wallet,51.0,177.24,2025,2025-04,April
ORD10123,2024-05-27,North,Groceries,Coffee,210.24,8.0,0.0,Credit Card,49.0,1681.92,2024,2024-05,May
ORD12779,2024-04-05,East,Groceries,Cereal,441.18,8.0,15.0,Online Wallet,55.0,3000.024,2024,2024-04,April
ORD11560,2024-08-08,North,Groceries,Cereal,245.1,9.0,15.0,Online Wallet,39.0,1875.015,2024,2024-08,August
ORD10792,2024-03-16,North,Clothing,Jacket,354.22,5.0,0.0,Credit Card,27.0,1771.1000000000001,2024,2024-03,March
ORD11939,2024-01-31,West,Furniture,Office Chair,127.96,3.0,0.0,Credit Card,27.0,383.88,2024,2024-01,January
ORD13902,2024-09-29,East,Toys,Lego Set,141.31,2.0,0.0,Online Wallet,32.0,282.62,2024,2024-09,September
ORD10566,2024-12-20,North,Clothing,Jeans,180.67,6.0,0.0,Debit Card,54.0,1084.02,2024,2024-12,December
ORD11571,2024-03-22,West,Electronics,Tablet,340.99,1.0,0.0,Online Wallet,27.0,340.99,2024,2024-03,March
ORD13404,2025-03-09,East,Furniture,Office Chair,402.92,4.0,0.0,Cash,36.0,1611.68,2025,2025-03,March
ORD12948,2024-10-09,East,Electronics,Smartphone,153.59,8.0,0.0,Online Wallet,47.0,1228.72,2024,2024-10,October
ORD10703,2024-08-28,South,Clothing,T-Shirt,72.83,7.0,0.0,Cash,52.0,509.81,2024,2024-08,August
ORD12060,2025-03-24,East,Clothing,T-Shirt,109.27,8.0,0.0,Cash,19.0,874.16,2025,2025-03,March
ORD13869,2025-09-08,West,Clothing,Cap,397.14,7.0,0.0,Credit Card,44.0,2779.98,2025,2025-09,September
ORD14447,2025-01-01,South,Electronics,Smartphone,56.68,3.0,0.0,Credit Card,35.0,170.04,2025,2025-01,January
ORD12340,2024-05-29,West,Toys,Rc Car,92.92,1.0,0.0,Credit Card,40.0,92.92,2024,2024-05,May
ORD13090,2025-01-30,East,Toys,Puzzle,235.64,5.0,0.0,Debit Card,67.0,1178.1999999999998,2025,2025-01,January
ORD14867,2024-10-14,West,Clothing,Sneakers,327.96,3.0,0.0,Cash,21.0,983.8799999999999,2024,2024-10,October
ORD12290,2024-01-18,West,Groceries,Coffee,210.8,1.0,15.0,Cash,42.0,179.18,2024,2024-01,January
ORD12073,2024-03-13,East,Groceries,Snacks,440.89,3.0,0.0,Cash,36.0,1322.67,2024,2024-03,March
ORD12754,2024-08-18,West,Furniture,Desk,366.53,6.0,0.0,Credit Card,19.0,2199.18,2024,2024-08,August
ORD10834,2025-06-19,East,Toys,Lego Set,146.64,1.0,0.0,Cash,18.0,146.64,2025,2025-06,June
ORD10098,2024-08-10,West,Clothing,Cap,448.82,4.0,20.0,Online Wallet,32.0,1436.2240000000002,2024,2024-08,August
ORD10503,2025-01-17,North,Groceries,Pasta,367.84,2.0,5.0,Cash,42.0,698.896,2025,2025-01,January
ORD14230,2024-02-18,North,Toys,Board Game,482.83,8.0,0.0,Credit Card,44.0,3862.64,2024,2024-02,February
ORD12204,2024-09-08,East,Clothing,Sneakers,46.57,3.0,0.0,Debit Card,21.0,139.71,2024,2024-09,September
ORD14773,2024-10-04,West,Furniture,Bed Frame,184.11,9.0,0.0,Debit Card,61.0,1656.9900000000002,2024,2024-10,October
ORD13035,2024-03-02,South,Electronics,Laptop,72.14,7.0,0.0,Cash,55.0,504.98,2024,2024-03,March
ORD14232,2024-12-19,West,Furniture,Bookshelf,308.83,2.0,0.0,Cash,57.0,617.66,2024,2024-12,December
ORD14713,2025-05-27,North,Electronics,Smartwatch,129.91,4.0,0.0,Credit Card,41.0,519.64,2025,2025-05,May
ORD10219,2024-03-25,East,Furniture,Office Chair,432.35,2.0,0.0,Credit Card,46.0,864.7,2024,2024-03,March
ORD12999,2025-04-17,South,Clothing,T-Shirt,231.49,5.0,0.0,Online Wallet,55.0,1157.45,2025,2025-04,April
ORD10678,2024-04-20,West,Electronics,Headphones,137.37,3.0,0.0,Online Wallet,33.0,412.11,2024,2024-04,April
ORD14878,2024-11-16,East,Furniture,Bookshelf,367.74,6.0,0.0,Cash,31.0,2206.44,2024,2024-11,November
ORD11913,2024-11-29,South,Electronics,Tablet,487.93,3.0,15.0,Online Wallet,19.0,1244.2214999999999,2024,2024-11,November
ORD12040,2024-02-09,East,Electronics,Smartphone,341.14,9.0,0.0,Credit Card,35.0,3070.2599999999998,2024,2024-02,February
ORD13169,2024-06-01,South,Toys,Puzzle,415.19,3.0,0.0,Debit Card,43.0,1245.57,2024,2024-06,June
ORD14034,2024-07-27,South,Furniture,Sofa,23.0,7.0,0.0,Online Wallet,64.0,161.0,2024,2024-07,July
ORD11921,2025-04-26,South,Clothing,Sneakers,472.44,9.0,0.0,Online Wallet,66.0,4251.96,2025,2025-04,April
ORD13503,2024-06-06,West,Groceries,Cereal,362.63,1.0,5.0,Credit Card,64.0,344.4985,2024,2024-06,June
ORD12831,2024-09-06,West,Furniture,Bookshelf,425.93,6.0,20.0,Online Wallet,20.0,2044.464,2024,2024-09,September
ORD10778,2024-05-07,West,Furniture,Bookshelf,29.84,8.0,0.0,Credit Card,56.0,238.72,2024,2024-05,May
ORD12079,2024-06-19,West,Furniture,Desk,355.65,3.0,0.0,Online Wallet,31.0,1066.9499999999998,2024,2024-06,June
ORD11858,2024-03-21,South,Toys,Action Figure,390.35,1.0,0.0,Online Wallet,43.0,390.35,2024,2024-03,March
ORD13657,2025-09-25,North,Clothing,T-Shirt,341.33,7.0,0.0,Online Wallet,59.0,2389.31,2025,2025-09,September
ORD12964,2024-09-03,West,Furniture,Sofa,144.75,2.0,0.0,Debit Card,37.0,289.5,2024,2024-09,September
ORD14828,2025-06-02,East,Electronics,Laptop,105.2,2.0,0.0,Online Wallet,26.0,210.4,2025,2025-06,June
ORD12921,2025-06-01,South,Furniture,Bookshelf,127.37,6.0,0.0,Debit Card,63.0,764.22,2025,2025-06,June
ORD11723,2025-03-30,North,Toys,Lego Set,468.26,2.0,0.0,Cash,23.0,936.52,2025,2025-03,March
ORD12922,2025-11-05,East,Furniture,Desk,412.36,3.0,0.0,Credit Card,69.0,1237.08,2025,2025-11,November
ORD12320,2024-07-04,North,Furniture,Office Chair,280.4,1.0,0.0,Cash,58.0,280.4,2024,2024-07,July
ORD12318,2025-02-18,East,Toys,Board Game,451.28,7.0,15.0,Cash,68.0,2685.116,2025,2025-02,February
ORD13340,2025-01-26,North,Clothing,T-Shirt,226.39,4.0,10.0,Credit Card,62.0,815.004,2025,2025-01,January
ORD11657,2025-07-19,East,Electronics,Headphones,110.96,4.0,0.0,Online Wallet,19.0,443.84,2025,2025-07,July
ORD13948,2025-11-23,South,Furniture,Sofa,181.79,9.0,0.0,Online Wallet,53.0,1636.11,2025,2025-11,November
ORD14193,2024-01-03,East,Toys,Puzzle,349.34,7.0,5.0,Credit Card,37.0,2323.1109999999994,2024,2024-01,January
ORD12803,2024-08-31,North,Toys,Action Figure,155.97,3.0,0.0,Credit Card,65.0,467.90999999999997,2024,2024-08,August
ORD13060,2024-06-27,North,Furniture,Sofa,470.21,9.0,0.0,Debit Card,18.0,4231.889999999999,2024,2024-06,June
ORD10763,2025-01-02,North,Toys,Action Figure,407.47,6.0,0.0,Credit Card,24.0,2444.82,2025,2025-01,January
ORD14102,2025-04-16,East,Clothing,Jeans,388.13,1.0,5.0,Credit Card,24.0,368.7235,2025,2025-04,April
ORD13901,2024-01-06,North,Electronics,Headphones,253.43,4.0,10.0,Online Wallet,25.0,912.3480000000001,2024,2024-01,January
ORD11030,2024-03-23,East,Electronics,Smartwatch,178.57,3.0,10.0,Cash,29.0,482.13900000000007,2024,2024-03,March
ORD11810,2024-12-06,North,Toys,Board Game,286.13,9.0,5.0,Debit Card,69.0,2446.4115,2024,2024-12,December
ORD12794,2024-02-28,West,Furniture,Bookshelf,324.02,1.0,0.0,Cash,63.0,324.02,2024,2024-02,February
ORD13415,2024-03-05,East,Clothing,T-Shirt,243.22,6.0,0.0,Credit Card,57.0,1459.32,2024,2024-03,March
ORD14582,2024-11-07,South,Electronics,Headphones,333.19,3.0,5.0,Cash,23.0,949.5914999999999,2024,2024-11,November
ORD13492,2024-09-20,East,Electronics,Smartwatch,96.32,3.0,0.0,Debit Card,43.0,288.96,2024,2024-09,September
ORD11881,2024-04-06,North,Clothing,T-Shirt,89.79,5.0,0.0,Online Wallet,34.0,448.95000000000005,2024,2024-04,April
ORD11169,2025-05-11,North,Electronics,Headphones,452.67,7.0,0.0,Debit Card,53.0,3168.69,2025,2025-05,May
ORD12538,2025-05-24,North,Furniture,Sofa,186.23,4.0,0.0,Credit Card,64.0,744.92,2025,2025-05,May
ORD13282,2024-07-13,South,Groceries,Cereal,208.77,5.0,0.0,Debit Card,52.0,1043.8500000000001,2024,2024-07,July
ORD13172,2024-02-22,South,Toys,Rc Car,424.4,3.0,0.0,Credit Card,28.0,1273.1999999999998,2024,2024-02,February
ORD13698,2024-06-01,North,Electronics,Smartphone,202.36,4.0,0.0,Online Wallet,22.0,809.44,2024,2024-06,June
ORD12133,2024-08-21,West,Electronics,Smartwatch,380.53,9.0,0.0,Online Wallet,51.0,3424.7699999999995,2024,2024-08,August
ORD10206,2024-01-01,South,Toys,Lego Set,65.44,6.0,0.0,Cash,22.0,392.64,2024,2024-01,January
ORD10684,2024-08-24,South,Clothing,Jacket,31.55,1.0,0.0,Debit Card,24.0,31.55,2024,2024-08,August
ORD11683,2024-08-07,West,Clothing,Jeans,499.29,4.0,0.0,Credit Card,24.0,1997.16,2024,2024-08,August
ORD11513,2024-04-17,West,Clothing,Jeans,44.77,1.0,0.0,Debit Card,66.0,44.77,2024,2024-04,April
ORD11355,2024-06-24,East,Groceries,Juice,32.56,8.0,0.0,Debit Card,37.0,260.48,2024,2024-06,June
ORD11206,2024-08-03,West,Toys,Rc Car,285.67,6.0,0.0,Credit Card,35.0,1714.02,2024,2024-08,August
ORD11225,2025-03-12,East,Toys,Rc Car,67.34,5.0,10.0,Cash,64.0,303.03000000000003,2025,2025-03,March
ORD10867,2025-03-21,South,Electronics,Tablet,126.68,6.0,10.0,Debit Card,23.0,684.072,2025,2025-03,March
ORD13225,2024-04-10,West,Groceries,Juice,400.89,7.0,5.0,Credit Card,37.0,2665.9184999999998,2024,2024-04,April
ORD13704,2025-07-29,West,Electronics,Smartwatch,50.98,6.0,5.0,Online Wallet,43.0,290.58599999999996,2025,2025-07,July
ORD12748,2025-09-17,North,Toys,Rc Car,169.33,1.0,15.0,Credit Card,42.0,143.9305,2025,2025-09,September
ORD14933,2025-05-21,East,Electronics,Smartwatch,85.14,9.0,0.0,Cash,64.0,766.26,2025,2025-05,May
ORD10729,2024-05-08,South,Groceries,Pasta,30.38,6.0,0.0,Debit Card,25.0,182.28,2024,2024-05,May
ORD13335,2025-12-22,North,Clothing,Sneakers,209.61,9.0,15.0,Debit Card,60.0,1603.5165000000002,2025,2025-12,December
ORD11333,2025-12-05,East,Toys,Action Figure,223.35,5.0,0.0,Debit Card,22.0,1116.75,2025,2025-12,December
ORD13420,2024-08-08,East,Toys,Action Figure,289.12,9.0,5.0,Cash,50.0,2471.9759999999997,2024,2024-08,August
ORD10556,2025-08-24,West,Clothing,Sneakers,395.8,8.0,0.0,Credit Card,45.0,3166.4,2025,2025-08,August
ORD14442,2024-10-16,North,Toys,Lego Set,434.44,9.0,0.0,Debit Card,69.0,3909.96,2024,2024-10,October
ORD13484,2024-03-22,South,Furniture,Desk,49.33,3.0,0.0,Debit Card,47.0,147.99,2024,2024-03,March
ORD12346,2025-11-20,East,Furniture,Office Chair,352.84,6.0,0.0,Online Wallet,22.0,2117.04,2025,2025-11,November
ORD14364,2024-02-22,North,Clothing,Cap,432.8,6.0,0.0,Debit Card,61.0,2596.8,2024,2024-02,February
ORD11938,2025-04-23,West,Groceries,Snacks,97.27,8.0,0.0,Cash,25.0,778.16,2025,2025-04,April
ORD14181,2025-04-16,West,Electronics,Laptop,196.26,1.0,0.0,Credit Card,47.0,196.26,2025,2025-04,April
ORD13005,2025-06-07,West,Electronics,Tablet,56.94,2.0,0.0,Online Wallet,65.0,113.88,2025,2025-06,June
ORD13167,2024-09-05,North,Electronics,Smartphone,150.78,3.0,0.0,Cash,67.0,452.34000000000003,2024,2024-09,September
ORD14067,2025-06-30,East,Groceries,Cereal,459.86,1.0,0.0,Cash,22.0,459.86,2025,2025-06,June
ORD14663,2025-01-27,East,Groceries,Coffee,343.94,7.0,15.0,Online Wallet,44.0,2046.443,2025,2025-01,January
ORD12098,2025-09-03,East,Clothing,Sneakers,358.4,8.0,0.0,Online Wallet,63.0,2867.2,2025,2025-09,September
ORD10447,2025-11-19,East,Electronics,Headphones,201.82,3.0,0.0,Credit Card,52.0,605.46,2025,2025-11,November
ORD10057,2025-11-25,North,Toys,Lego Set,376.68,9.0,0.0,Debit Card,34.0,3390.12,2025,2025-11,November
ORD14908,2025-02-15,East,Clothing,Jeans,119.99,7.0,5.0,Credit Card,68.0,797.9334999999999,2025,2025-02,February
ORD11050,2024-09-25,North,Clothing,T-Shirt,388.25,3.0,0.0,Online Wallet,48.0,1164.75,2024,2024-09,September
ORD13411,2025-01-10,East,Groceries,Coffee,473.52,3.0,0.0,Cash,67.0,1420.56,2025,2025-01,January
ORD14302,2025-02-13,East,Clothing,Jeans,93.15,4.0,0.0,Debit Card,63.0,372.6,2025,2025-02,February
ORD12529,2024-12-31,South,Groceries,Juice,313.83,7.0,5.0,Debit Card,25.0,2086.9694999999997,2024,2024-12,December
ORD14853,2025-10-11,North,Furniture,Bookshelf,137.8,3.0,0.0,Debit Card,51.0,413.40000000000003,2025,2025-10,October
ORD10496,2025-11-05,West,Toys,Rc Car,413.04,8.0,10.0,Online Wallet,23.0,2973.8880000000004,2025,2025-11,November
ORD14522,2024-07-06,West,Toys,Rc Car,265.53,6.0,0.0,Cash,45.0,1593.1799999999998,2024,2024-07,July
ORD13638,2024-09-17,West,Toys,Rc Car,179.44,3.0,0.0,Credit Card,25.0,538.3199999999999,2024,2024-09,September
ORD11165,2024-12-14,East,Furniture,Bed Frame,208.43,1.0,0.0,Cash,49.0,208.43,2024,2024-12,December
ORD12383,2025-04-06,West,Clothing,Jacket,319.32,8.0,15.0,Cash,38.0,2171.3759999999997,2025,2025-04,April
ORD11216,2024-08-20,West,Groceries,Pasta,349.54,6.0,10.0,Cash,24.0,1887.5160000000003,2024,2024-08,August
ORD10796,2025-01-23,South,Clothing,Jacket,259.41,4.0,10.0,Online Wallet,42.0,933.8760000000001,2025,2025-01,January
ORD10428,2025-12-02,South,Furniture,Desk,409.92,3.0,0.0,Debit Card,65.0,1229.76,2025,2025-12,December
ORD14676,2024-09-23,West,Toys,Board Game,494.76,3.0,10.0,Online Wallet,58.0,1335.852,2024,2024-09,September
ORD13510,2024-12-30,East,Toys,Action Figure,329.53,9.0,0.0,Credit Card,45.0,2965.7699999999995,2024,2024-12,December
ORD14304,2025-05-05,West,Toys,Board Game,6.62,3.0,0.0,Credit Card,35.0,19.86,2025,2025-05,May
ORD13583,2025-06-09,North,Clothing,Sneakers,455.94,5.0,0.0,Debit Card,58.0,2279.7,2025,2025-06,June
ORD13826,2025-02-20,East,Toys,Lego Set,290.97,1.0,0.0,Credit Card,66.0,290.97,2025,2025-02,February
ORD10906,2024-06-19,North,Clothing,T-Shirt,497.83,6.0,0.0,Online Wallet,61.0,2986.98,2024,2024-06,June
ORD11953,2024-11-03,East,Toys,Board Game,55.69,9.0,0.0,Credit Card,24.0,501.21,2024,2024-11,November
ORD13835,2024-02-18,East,Clothing,Cap,474.11,9.0,5.0,Cash,53.0,4053.6404999999995,2024,2024-02,February
ORD12217,2024-06-14,West,Electronics,Smartwatch,34.52,5.0,5.0,Cash,59.0,163.97000000000003,2024,2024-06,June
ORD11542,2025-12-10,West,Toys,Puzzle,371.2,8.0,0.0,Cash,55.0,2969.6,2025,2025-12,December
ORD11463,2024-06-10,East,Groceries,Snacks,415.94,7.0,0.0,Online Wallet,37.0,2911.58,2024,2024-06,June
ORD10203,2024-12-26,West,Toys,Action Figure,218.29,4.0,0.0,Online Wallet,18.0,873.16,2024,2024-12,December
ORD11535,2025-06-14,West,Clothing,T-Shirt,264.4,2.0,0.0,Debit Card,36.0,528.8,2025,2025-06,June
ORD12679,2025-07-10,East,Toys,Board Game,415.18,4.0,0.0,Credit Card,38.0,1660.72,2025,2025-07,July
ORD12908,2024-09-06,South,Toys,Rc Car,124.31,7.0,0.0,Cash,36.0,870.1700000000001,2024,2024-09,September
ORD13761,2024-04-04,East,Toys,Action Figure,167.32,8.0,0.0,Online Wallet,46.0,1338.56,2024,2024-04,April
ORD11847,2024-08-03,North,Furniture,Office Chair,208.89,9.0,0.0,Debit Card,19.0,1880.0099999999998,2024,2024-08,August
ORD12045,2025-04-10,North,Clothing,Cap,106.11,6.0,5.0,Online Wallet,35.0,604.827,2025,2025-04,April
ORD13604,2024-03-03,North,Furniture,Desk,280.56,6.0,5.0,Cash,45.0,1599.192,2024,2024-03,March
ORD12645,2024-02-09,East,Electronics,Smartphone,460.75,5.0,5.0,Credit Card,65.0,2188.5625,2024,2024-02,February
ORD12146,2024-11-29,North,Groceries,Pasta,340.65,4.0,0.0,Cash,61.0,1362.6,2024,2024-11,November
ORD13818,2025-07-29,West,Clothing,T-Shirt,186.81,4.0,10.0,Debit Card,19.0,672.5160000000001,2025,2025-07,July
ORD10901,2024-08-22,East,Toys,Lego Set,499.73,1.0,5.0,Online Wallet,47.0,474.7435,2024,2024-08,August
ORD11499,2024-01-02,North,Toys,Rc Car,354.86,2.0,0.0,Online Wallet,37.0,709.72,2024,2024-01,January
ORD12703,2024-04-01,North,Toys,Rc Car,227.73,6.0,0.0,Online Wallet,22.0,1366.3799999999999,2024,2024-04,April
ORD14478,2024-10-17,South,Toys,Board Game,490.7,3.0,0.0,Credit Card,44.0,1472.1,2024,2024-10,October
ORD11882,2025-05-30,West,Furniture,Desk,253.28,9.0,5.0,Credit Card,19.0,2165.544,2025,2025-05,May
ORD12084,2025-06-29,East,Electronics,Laptop,9.34,9.0,5.0,Online Wallet,44.0,79.857,2025,2025-06,June
ORD12345,2024-04-14,North,Electronics,Headphones,397.05,6.0,0.0,Online Wallet,49.0,2382.3,2024,2024-04,April
ORD10958,2024-01-29,East,Furniture,Sofa,397.31,7.0,0.0,Credit Card,44.0,2781.17,2024,2024-01,January
ORD13366,2024-11-20,West,Toys,Lego Set,221.95,8.0,5.0,Online Wallet,54.0,1686.82,2024,2024-11,November
ORD10181,2025-08-13,West,Toys,Rc Car,229.58,2.0,5.0,Cash,46.0,436.202,2025,2025-08,August
ORD12704,2025-06-18,East,Toys,Lego Set,353.02,5.0,0.0,Debit Card,45.0,1765.1,2025,2025-06,June
ORD11652,2024-02-05,East,Clothing,Sneakers,447.98,5.0,15.0,Debit Card,56.0,1903.915,2024,2024-02,February
ORD11023,2024-03-03,North,Clothing,Cap,190.67,1.0,0.0,Credit Card,47.0,190.67,2024,2024-03,March
ORD12479,2025-04-13,South,Furniture,Bookshelf,314.19,5.0,5.0,Online Wallet,31.0,1492.4025,2025,2025-04,April
ORD13810,2025-10-03,West,Clothing,Sneakers,21.77,1.0,0.0,Cash,50.0,21.77,2025,2025-10,October
ORD12567,2024-01-15,North,Electronics,Laptop,183.82,6.0,20.0,Credit Card,55.0,882.3360000000001,2024,2024-01,January
ORD12316,2025-02-21,West,Furniture,Bookshelf,326.83,6.0,0.0,Online Wallet,53.0,1960.98,2025,2025-02,February
ORD13988,2025-02-19,East,Clothing,Jeans,225.46,7.0,15.0,Cash,22.0,1341.487,2025,2025-02,February
ORD14542,2025-12-25,East,Clothing,Jeans,239.29,4.0,0.0,Credit Card,60.0,957.16,2025,2025-12,December
ORD11456,2024-01-01,East,Groceries,Snacks,418.44,4.0,10.0,Credit Card,56.0,1506.384,2024,2024-01,January
ORD10858,2024-01-26,East,Clothing,Cap,319.29,8.0,0.0,Cash,66.0,2554.32,2024,2024-01,January
ORD11156,2025-08-14,East,Clothing,Jeans,12.18,8.0,0.0,Debit Card,45.0,97.44,2025,2025-08,August
ORD14523,2025-01-22,North,Electronics,Smartphone,262.18,8.0,0.0,Cash,33.0,2097.44,2025,2025-01,January
ORD14257,2025-11-13,West,Electronics,Laptop,215.78,6.0,20.0,Credit Card,44.0,1035.7440000000001,2025,2025-11,November
ORD12389,2024-11-24,West,Clothing,Sneakers,491.51,7.0,5.0,Cash,53.0,3268.5414999999994,2024,2024-11,November
ORD14224,2024-03-28,East,Electronics,Headphones,422.95,6.0,0.0,Cash,56.0,2537.7,2024,2024-03,March
ORD10799,2025-10-19,East,Groceries,Juice,390.79,1.0,0.0,Debit Card,58.0,390.79,2025,2025-10,October
ORD10600,2025-11-18,South,Furniture,Office Chair,18.79,2.0,0.0,Online Wallet,53.0,37.58,2025,2025-11,November
ORD14207,2024-07-01,North,Furniture,Bookshelf,205.92,3.0,0.0,Credit Card,38.0,617.76,2024,2024-07,July
ORD11752,2024-12-17,West,Toys,Action Figure,183.27,5.0,10.0,Cash,50.0,824.715,2024,2024-12,December
ORD10758,2025-09-30,West,Furniture,Desk,336.53,3.0,0.0,Online Wallet,53.0,1009.5899999999999,2025,2025-09,September
ORD11271,2024-04-07,North,Toys,Puzzle,156.47,7.0,0.0,Debit Card,29.0,1095.29,2024,2024-04,April
ORD10574,2024-05-29,West,Clothing,T-Shirt,392.73,3.0,20.0,Online Wallet,40.0,942.5520000000001,2024,2024-05,May
ORD14677,2025-12-12,West,Furniture,Bookshelf,224.37,8.0,0.0,Cash,59.0,1794.96,2025,2025-12,December
ORD14378,2024-10-11,West,Furniture,Bed Frame,258.66,8.0,0.0,Cash,57.0,2069.28,2024,2024-10,October
ORD11419,2025-02-07,East,Groceries,Cereal,167.82,7.0,5.0,Online Wallet,31.0,1116.003,2025,2025-02,February
ORD11621,2025-05-10,South,Electronics,Smartwatch,494.16,4.0,0.0,Online Wallet,44.0,1976.64,2025,2025-05,May
ORD13162,2024-01-16,North,Groceries,Coffee,491.22,2.0,0.0,Online Wallet,60.0,982.44,2024,2024-01,January
ORD14401,2024-01-30,West,Furniture,Bookshelf,343.91,5.0,0.0,Credit Card,26.0,1719.5500000000002,2024,2024-01,January
ORD13773,2025-07-15,North,Clothing,Jeans,303.6,6.0,10.0,Debit Card,57.0,1639.44,2025,2025-07,July
ORD12755,2025-03-23,North,Groceries,Pasta,40.16,6.0,0.0,Cash,39.0,240.95999999999998,2025,2025-03,March
ORD12289,2025-12-23,West,Groceries,Juice,418.05,7.0,10.0,Online Wallet,65.0,2633.715,2025,2025-12,December
ORD11990,2024-11-13,East,Clothing,Sneakers,486.43,7.0,0.0,Online Wallet,23.0,3405.01,2024,2024-11,November
ORD12517,2025-10-19,West,Furniture,Bed Frame,212.17,3.0,20.0,Credit Card,54.0,509.208,2025,2025-10,October
ORD14155,2024-04-11,East,Toys,Action Figure,393.83,3.0,0.0,Online Wallet,36.0,1181.49,2024,2024-04,April
ORD11155,2025-12-06,North,Clothing,Jacket,287.64,7.0,0.0,Credit Card,60.0,2013.48,2025,2025-12,December
ORD13251,2024-06-28,West,Electronics,Headphones,465.72,6.0,0.0,Cash,43.0,2794.32,2024,2024-06,June
ORD11946,2024-09-09,North,Clothing,Sneakers,341.03,5.0,0.0,Online Wallet,18.0,1705.1499999999999,2024,2024-09,September
ORD14805,2024-07-15,East,Clothing,T-Shirt,175.27,7.0,0.0,Online Wallet,21.0,1226.89,2024,2024-07,July
ORD11697,2025-05-06,North,Furniture,Bookshelf,98.13,5.0,10.0,Cash,24.0,441.585,2025,2025-05,May
ORD12442,2025-04-07,East,Clothing,Sneakers,187.83,1.0,5.0,Online Wallet,29.0,178.4385,2025,2025-04,April
ORD13402,2024-05-10,North,Electronics,Smartwatch,166.91,2.0,0.0,Cash,38.0,333.82,2024,2024-05,May
ORD10783,2025-06-13,West,Groceries,Pasta,165.54,9.0,0.0,Online Wallet,50.0,1489.86,2025,2025-06,June
ORD10687,2025-02-18,North,Groceries,Pasta,75.29,8.0,0.0,Debit Card,67.0,602.32,2025,2025-02,February
ORD11899,2024-09-13,West,Clothing,T-Shirt,470.42,8.0,0.0,Online Wallet,30.0,3763.36,2024,2024-09,September
ORD12731,2025-02-23,South,Clothing,Jeans,247.65,8.0,0.0,Cash,48.0,1981.2,2025,2025-02,February
ORD10987,2024-05-29,West,Electronics,Headphones,113.05,7.0,0.0,Cash,65.0,791.35,2024,2024-05,May
ORD13536,2024-06-18,South,Toys,Action Figure,140.99,7.0,0.0,Cash,29.0,986.9300000000001,2024,2024-06,June
ORD13892,2024-05-01,South,Furniture,Bed Frame,247.37,3.0,0.0,Cash,19.0,742.11,2024,2024-05,May
ORD12861,2024-05-22,West,Groceries,Cereal,370.28,8.0,0.0,Credit Card,64.0,2962.24,2024,2024-05,May
ORD13064,2025-07-11,East,Groceries,Cereal,231.65,5.0,5.0,Online Wallet,59.0,1100.3374999999999,2025,2025-07,July
ORD11051,2024-06-11,West,Groceries,Snacks,314.92,6.0,0.0,Credit Card,50.0,1889.52,2024,2024-06,June
ORD13073,2024-06-27,West,Groceries,Juice,283.74,6.0,0.0,Credit Card,58.0,1702.44,2024,2024-06,June
ORD11498,2024-06-09,North,Toys,Rc Car,354.16,7.0,0.0,Credit Card,46.0,2479.1200000000003,2024,2024-06,June
ORD14405,2024-05-22,East,Groceries,Coffee,212.46,1.0,0.0,Online Wallet,22.0,212.46,2024,2024-05,May
ORD14247,2024-07-02,West,Groceries,Coffee,496.15,6.0,0.0,Credit Card,27.0,2976.8999999999996,2024,2024-07,July
ORD12295,2025-12-15,North,Electronics,Headphones,154.58,2.0,10.0,Online Wallet,65.0,278.244,2025,2025-12,December
ORD12722,2025-11-13,South,Toys,Puzzle,351.69,7.0,0.0,Online Wallet,67.0,2461.83,2025,2025-11,November
ORD13878,2024-07-16,South,Toys,Puzzle,478.98,8.0,0.0,Debit Card,26.0,3831.84,2024,2024-07,July
ORD14051,2025-02-02,West,Furniture,Desk,318.37,2.0,0.0,Cash,44.0,636.74,2025,2025-02,February
ORD12354,2025-02-23,North,Electronics,Laptop,280.56,5.0,20.0,Online Wallet,54.0,1122.24,2025,2025-02,February
ORD10021,2024-04-22,East,Electronics,Headphones,488.42,6.0,0.0,Online Wallet,50.0,2930.52,2024,2024-04,April
ORD10448,2025-08-08,West,Furniture,Sofa,346.44,7.0,0.0,Credit Card,64.0,2425.08,2025,2025-08,August
ORD11328,2024-01-26,East,Groceries,Coffee,261.13,4.0,20.0,Online Wallet,27.0,835.616,2024,2024-01,January
ORD10012,2024-02-17,North,Groceries,Snacks,188.56,8.0,0.0,Online Wallet,57.0,1508.48,2024,2024-02,February
ORD14673,2024-02-29,West,Groceries,Snacks,369.63,8.0,0.0,Credit Card,20.0,2957.04,2024,2024-02,February
ORD11392,2025-03-28,South,Groceries,Cereal,294.03,6.0,0.0,Cash,38.0,1764.1799999999998,2025,2025-03,March
ORD10943,2024-04-12,West,Furniture,Sofa,382.16,6.0,20.0,Cash,69.0,1834.3680000000002,2024,2024-04,April
ORD10870,2024-07-04,East,Toys,Action Figure,212.37,6.0,0.0,Debit Card,23.0,1274.22,2024,2024-07,July
ORD10544,2024-12-20,West,Clothing,Jeans,75.42,8.0,0.0,Credit Card,59.0,603.36,2024,2024-12,December
ORD10372,2025-05-02,North,Furniture,Desk,150.84,7.0,0.0,Online Wallet,42.0,1055.88,2025,2025-05,May
ORD14664,2025-10-18,West,Toys,Lego Set,175.86,4.0,0.0,Cash,42.0,703.44,2025,2025-10,October
ORD10625,2024-10-04,East,Electronics,Smartphone,72.0,1.0,0.0,Debit Card,24.0,72.0,2024,2024-10,October
ORD13628,2024-04-30,West,Clothing,Jacket,93.7,1.0,0.0,Online Wallet,65.0,93.7,2024,2024-04,April
ORD13553,2024-06-27,South,Electronics,Smartwatch,134.41,7.0,0.0,Online Wallet,39.0,940.87,2024,2024-06,June
ORD12089,2024-09-08,South,Groceries,Juice,142.38,8.0,0.0,Cash,44.0,1139.04,2024,2024-09,September
ORD10998,2024-11-12,East,Electronics,Smartphone,169.81,4.0,0.0,Credit Card,22.0,679.24,2024,2024-11,November
ORD10192,2024-01-12,South,Groceries,Snacks,127.32,9.0,10.0,Debit Card,36.0,1031.292,2024,2024-01,January
ORD10062,2025-08-10,East,Clothing,Jeans,345.57,1.0,0.0,Cash,63.0,345.57,2025,2025-08,August
ORD12223,2024-03-06,North,Groceries,Snacks,48.44,2.0,0.0,Cash,20.0,96.88,2024,2024-03,March
ORD10104,2025-04-03,West,Furniture,Bed Frame,469.48,3.0,0.0,Online Wallet,39.0,1408.44,2025,2025-04,April
ORD11918,2024-11-24,South,Furniture,Bookshelf,253.27,7.0,0.0,Cash,35.0,1772.89,2024,2024-11,November
ORD12997,2025-06-13,East,Clothing,Jeans,112.82,1.0,0.0,Debit Card,63.0,112.82,2025,2025-06,June
ORD10126,2025-10-05,East,Furniture,Bookshelf,95.05,7.0,15.0,Online Wallet,44.0,565.5475,2025,2025-10,October
ORD10244,2024-05-22,South,Furniture,Bookshelf,496.12,5.0,0.0,Online Wallet,64.0,2480.6,2024,2024-05,May
ORD11246,2025-12-04,West,Furniture,Sofa,437.26,6.0,0.0,Credit Card,56.0,2623.56,2025,2025-12,December
ORD12889,2024-01-21,South,Furniture,Bed Frame,167.95,3.0,10.0,Credit Card,37.0,453.465,2024,2024-01,January
ORD10516,2025-06-06,South,Toys,Board Game,395.76,7.0,0.0,Debit Card,37.0,2770.3199999999997,2025,2025-06,June
ORD11299,2024-11-13,South,Groceries,Cereal,391.08,7.0,0.0,Credit Card,57.0,2737.56,2024,2024-11,November
ORD10517,2025-07-17,West,Furniture,Desk,222.04,4.0,20.0,Debit Card,57.0,710.528,2025,2025-07,July
ORD12928,2025-01-22,West,Toys,Rc Car,223.83,9.0,0.0,Cash,32.0,2014.47,2025,2025-01,January
ORD11377,2025-10-11,North,Groceries,Cereal,172.87,5.0,15.0,Credit Card,48.0,734.6975,2025,2025-10,October
ORD12015,2024-05-14,West,Toys,Rc Car,197.41,1.0,10.0,Debit Card,20.0,177.669,2024,2024-05,May
ORD14885,2025-08-21,North,Groceries,Snacks,196.22,1.0,0.0,Online Wallet,49.0,196.22,2025,2025-08,August
ORD14767,2025-05-17,East,Clothing,Sneakers,339.02,8.0,0.0,Debit Card,44.0,2712.16,2025,2025-05,May
ORD14854,2025-02-26,West,Furniture,Sofa,379.42,4.0,0.0,Online Wallet,27.0,1517.68,2025,2025-02,February
ORD13601,2024-09-22,East,Toys,Rc Car,115.5,5.0,0.0,Debit Card,57.0,577.5,2024,2024-09,September
ORD11406,2025-11-10,South,Toys,Action Figure,116.21,2.0,0.0,Credit Card,40.0,232.42,2025,2025-11,November
ORD14650,2024-01-02,West,Toys,Action Figure,153.48,4.0,0.0,Cash,43.0,613.92,2024,2024-01,January
ORD12018,2024-03-29,East,Electronics,Headphones,46.96,1.0,5.0,Credit Card,27.0,44.612,2024,2024-03,March
ORD10957,2025-03-30,South,Electronics,Tablet,49.98,2.0,0.0,Credit Card,28.0,99.96,2025,2025-03,March
ORD13347,2024-10-29,North,Clothing,Jeans,281.34,5.0,0.0,Debit Card,65.0,1406.6999999999998,2024,2024-10,October
ORD11438,2024-08-04,South,Groceries,Snacks,282.14,3.0,5.0,Debit Card,30.0,804.0989999999999,2024,2024-08,August
ORD10222,2025-12-15,East,Toys,Lego Set,193.14,4.0,15.0,Debit Card,36.0,656.6759999999999,2025,2025-12,December
ORD10165,2024-02-06,South,Furniture,Desk,113.99,5.0,20.0,Debit Card,57.0,455.96,2024,2024-02,February
ORD11432,2024-11-26,East,Groceries,Coffee,111.21,7.0,0.0,Credit Card,37.0,778.4699999999999,2024,2024-11,November
ORD10394,2024-02-22,East,Toys,Lego Set,345.58,5.0,15.0,Debit Card,39.0,1468.715,2024,2024-02,February
ORD12404,2024-07-28,West,Electronics,Headphones,43.62,4.0,0.0,Cash,50.0,174.48,2024,2024-07,July
ORD10827,2025-04-30,East,Electronics,Smartwatch,55.43,3.0,0.0,Credit Card,37.0,166.29,2025,2025-04,April
ORD11297,2025-12-26,West,Clothing,Cap,154.24,8.0,0.0,Debit Card,55.0,1233.92,2025,2025-12,December
ORD11615,2024-06-26,South,Furniture,Bed Frame,200.65,7.0,10.0,Cash,69.0,1264.095,2024,2024-06,June
ORD12090,2025-07-14,West,Clothing,Jeans,366.19,7.0,0.0,Cash,44.0,2563.33,2025,2025-07,July
ORD13836,2025-07-14,West,Furniture,Bed Frame,450.47,6.0,0.0,Cash,68.0,2702.82,2025,2025-07,July
ORD12385,2025-06-27,West,Furniture,Bed Frame,166.19,1.0,15.0,Cash,26.0,141.26149999999998,2025,2025-06,June
ORD12031,2024-02-21,North,Clothing,Cap,260.45,8.0,20.0,Online Wallet,68.0,1666.88,2024,2024-02,February
ORD12229,2025-08-12,West,Groceries,Juice,177.69,3.0,0.0,Cash,49.0,533.0699999999999,2025,2025-08,August
ORD12257,2025-04-05,South,Electronics,Smartphone,50.46,2.0,0.0,Online Wallet,41.0,100.92,2025,2025-04,April
ORD14408,2024-12-17,South,Toys,Rc Car,475.63,5.0,0.0,Credit Card,58.0,2378.15,2024,2024-12,December
ORD11807,2024-08-29,West,Toys,Puzzle,329.79,1.0,0.0,Credit Card,59.0,329.79,2024,2024-08,August
ORD13306,2024-12-23,West,Groceries,Pasta,364.84,3.0,0.0,Debit Card,38.0,1094.52,2024,2024-12,December
ORD14425,2025-10-07,South,Electronics,Smartwatch,283.62,3.0,0.0,Cash,28.0,850.86,2025,2025-10,October
ORD11038,2025-08-28,South,Clothing,T-Shirt,64.27,1.0,0.0,Debit Card,18.0,64.27,2025,2025-08,August
ORD10037,2025-07-19,South,Furniture,Office Chair,349.53,8.0,0.0,Debit Card,49.0,2796.24,2025,2025-07,July
ORD10276,2024-12-18,North,Clothing,Cap,256.64,6.0,0.0,Credit Card,47.0,1539.84,2024,2024-12,December
ORD11552,2024-02-21,North,Electronics,Smartphone,267.24,1.0,0.0,Cash,64.0,267.24,2024,2024-02,February
ORD12847,2024-02-23,North,Clothing,T-Shirt,141.9,4.0,0.0,Online Wallet,58.0,567.6,2024,2024-02,February
ORD12838,2025-08-01,West,Toys,Board Game,372.57,4.0,0.0,Cash,60.0,1490.28,2025,2025-08,August
ORD13228,2024-08-12,North,Clothing,Sneakers,484.32,4.0,0.0,Credit Card,66.0,1937.28,2024,2024-08,August
ORD12387,2025-07-22,North,Furniture,Desk,316.2,3.0,0.0,Debit Card,47.0,948.5999999999999,2025,2025-07,July
ORD10161,2025-05-04,North,Furniture,Office Chair,260.05,2.0,0.0,Online Wallet,20.0,520.1,2025,2025-05,May
ORD13544,2024-04-28,West,Clothing,T-Shirt,400.25,8.0,0.0,Credit Card,34.0,3202.0,2024,2024-04,April
ORD10322,2025-02-04,West,Groceries,Juice,384.2,3.0,0.0,Cash,35.0,1152.6,2025,2025-02,February
ORD10011,2025-05-04,North,Electronics,Laptop,182.44,9.0,15.0,Credit Card,25.0,1395.666,2025,2025-05,May
ORD13720,2024-01-22,South,Clothing,Sneakers,321.65,4.0,0.0,Online Wallet,23.0,1286.6,2024,2024-01,January
ORD11026,2024-03-28,West,Toys,Puzzle,24.21,2.0,0.0,Credit Card,25.0,48.42,2024,2024-03,March
ORD14665,2024-08-17,East,Furniture,Sofa,410.02,6.0,0.0,Debit Card,21.0,2460.12,2024,2024-08,August
ORD14957,2025-01-17,West,Toys,Rc Car,392.96,1.0,0.0,Online Wallet,64.0,392.96,2025,2025-01,January
ORD11064,2024-02-15,North,Furniture,Sofa,174.87,1.0,0.0,Online Wallet,27.0,174.87,2024,2024-02,February
ORD11573,2025-02-10,South,Electronics,Smartwatch,307.2,9.0,10.0,Credit Card,41.0,2488.3199999999997,2025,2025-02,February
ORD11070,2024-02-29,South,Furniture,Desk,382.98,1.0,0.0,Debit Card,42.0,382.98,2024,2024-02,February
ORD13970,2024-03-12,West,Furniture,Desk,326.81,3.0,0.0,Online Wallet,64.0,980.4300000000001,2024,2024-03,March
ORD13709,2024-05-06,North,Clothing,Jacket,393.71,9.0,0.0,Credit Card,35.0,3543.39,2024,2024-05,May
ORD12537,2025-09-30,East,Toys,Puzzle,361.43,5.0,0.0,Credit Card,66.0,1807.15,2025,2025-09,September
ORD13732,2024-11-19,North,Groceries,Juice,5.72,4.0,0.0,Online Wallet,44.0,22.88,2024,2024-11,November
ORD10019,2025-11-07,South,Clothing,T-Shirt,347.76,8.0,15.0,Debit Card,49.0,2364.768,2025,2025-11,November
ORD11404,2024-07-04,East,Electronics,Smartphone,476.69,6.0,0.0,Cash,38.0,2860.14,2024,2024-07,July
ORD10895,2024-01-21,North,Groceries,Cereal,482.93,4.0,0.0,Online Wallet,58.0,1931.72,2024,2024-01,January
ORD11802,2024-03-19,West,Furniture,Bed Frame,11.13,7.0,0.0,Credit Card,40.0,77.91000000000001,2024,2024-03,March
ORD14668,2025-07-29,North,Furniture,Office Chair,226.38,5.0,0.0,Debit Card,24.0,1131.9,2025,2025-07,July
ORD12796,2025-01-19,East,Groceries,Juice,23.18,3.0,10.0,Credit Card,59.0,62.58599999999999,2025,2025-01,January
ORD11232,2024-08-29,East,Electronics,Smartphone,197.13,8.0,0.0,Online Wallet,68.0,1577.04,2024,2024-08,August
ORD11386,2024-02-29,North,Clothing,Sneakers,338.24,5.0,0.0,Credit Card,48.0,1691.2,2024,2024-02,February
ORD12480,2025-09-15,South,Furniture,Sofa,410.93,9.0,20.0,Cash,44.0,2958.696,2025,2025-09,September
ORD11291,2025-08-07,North,Toys,Action Figure,142.89,4.0,0.0,Credit Card,62.0,571.56,2025,2025-08,August
ORD11011,2024-08-17,West,Clothing,T-Shirt,99.6,8.0,5.0,Credit Card,58.0,756.9599999999999,2024,2024-08,August
ORD13127,2024-03-08,South,Clothing,Cap,294.95,5.0,15.0,Debit Card,31.0,1253.5375,2024,2024-03,March
ORD10931,2025-11-19,West,Clothing,Jacket,23.6,6.0,0.0,Credit Card,43.0,141.60000000000002,2025,2025-11,November
ORD11634,2024-05-30,East,Furniture,Desk,62.62,5.0,0.0,Credit Card,51.0,313.09999999999997,2024,2024-05,May
ORD12360,2024-10-02,West,Groceries,Juice,270.72,1.0,15.0,Debit Card,27.0,230.11200000000002,2024,2024-10,October
ORD11759,2024-12-27,North,Clothing,T-Shirt,435.56,5.0,5.0,Credit Card,60.0,2068.91,2024,2024-12,December
ORD11988,2024-12-23,South,Clothing,Jacket,337.71,8.0,10.0,Debit Card,51.0,2431.5119999999997,2024,2024-12,December
ORD14548,2024-09-26,West,Furniture,Desk,289.69,1.0,20.0,Debit Card,43.0,231.752,2024,2024-09,September
ORD10644,2024-01-01,West,Electronics,Smartwatch,168.54,8.0,0.0,Credit Card,67.0,1348.32,2024,2024-01,January
ORD13204,2025-10-07,East,Electronics,Smartwatch,459.42,2.0,0.0,Online Wallet,41.0,918.84,2025,2025-10,October
ORD12733,2025-11-09,East,Toys,Rc Car,99.84,4.0,0.0,Credit Card,28.0,399.36,2025,2025-11,November
ORD11081,2025-09-16,North,Clothing,Jacket,11.69,5.0,0.0,Online Wallet,36.0,58.449999999999996,2025,2025-09,September
ORD14656,2025-12-08,North,Toys,Rc Car,30.34,8.0,5.0,Cash,54.0,230.58399999999997,2025,2025-12,December
ORD13401,2024-01-08,West,Groceries,Coffee,118.0,7.0,0.0,Credit Card,53.0,826.0,2024,2024-01,January
ORD10324,2025-12-02,West,Groceries,Pasta,193.3,4.0,0.0,Online Wallet,41.0,773.2,2025,2025-12,December
ORD12505,2024-05-26,North,Furniture,Bookshelf,202.19,3.0,0.0,Online Wallet,46.0,606.5699999999999,2024,2024-05,May
ORD10086,2025-11-26,West,Clothing,Sneakers,208.77,3.0,0.0,Online Wallet,67.0,626.3100000000001,2025,2025-11,November
ORD13419,2025-05-05,North,Furniture,Sofa,227.1,8.0,10.0,Debit Card,43.0,1635.12,2025,2025-05,May
ORD10090,2024-09-13,South,Toys,Puzzle,46.84,3.0,0.0,Cash,64.0,140.52,2024,2024-09,September
ORD13294,2024-08-01,South,Groceries,Juice,406.99,9.0,0.0,Debit Card,24.0,3662.91,2024,2024-08,August
ORD14265,2024-09-06,North,Groceries,Snacks,439.55,7.0,0.0,Cash,29.0,3076.85,2024,2024-09,September
ORD10094,2024-07-30,North,Electronics,Headphones,239.62,3.0,0.0,Debit Card,64.0,718.86,2024,2024-07,July
ORD14228,2024-02-10,North,Clothing,Jacket,276.1,2.0,0.0,Online Wallet,65.0,552.2,2024,2024-02,February
ORD10157,2024-05-19,West,Electronics,Headphones,478.43,5.0,5.0,Cash,23.0,2272.5425,2024,2024-05,May
ORD12582,2025-10-03,South,Toys,Rc Car,428.06,3.0,10.0,Cash,65.0,1155.7620000000002,2025,2025-10,October
ORD14913,2024-12-28,West,Electronics,Tablet,62.91,5.0,0.0,Cash,34.0,314.54999999999995,2024,2024-12,December
ORD11751,2025-04-10,South,Groceries,Pasta,343.52,3.0,10.0,Cash,21.0,927.504,2025,2025-04,April
ORD11721,2025-12-23,West,Toys,Puzzle,297.87,6.0,20.0,Credit Card,57.0,1429.776,2025,2025-12,December
ORD13255,2024-05-07,West,Toys,Board Game,263.79,5.0,0.0,Credit Card,46.0,1318.95,2024,2024-05,May
ORD12947,2024-08-20,South,Furniture,Sofa,315.05,2.0,10.0,Credit Card,53.0,567.09,2024,2024-08,August
ORD14148,2024-10-24,North,Electronics,Headphones,307.02,3.0,0.0,Online Wallet,26.0,921.06,2024,2024-10,October
ORD10301,2025-11-11,East,Groceries,Snacks,396.89,1.0,0.0,Debit Card,63.0,396.89,2025,2025-11,November
ORD13936,2025-05-12,West,Electronics,Smartwatch,445.01,2.0,0.0,Online Wallet,34.0,890.02,2025,2025-05,May
ORD14015,2024-01-17,South,Electronics,Laptop,49.28,6.0,10.0,Online Wallet,52.0,266.112,2024,2024-01,January
ORD14586,2025-10-18,South,Electronics,Tablet,96.52,3.0,0.0,Debit Card,24.0,289.56,2025,2025-10,October
ORD12959,2025-06-15,East,Groceries,Pasta,486.3,2.0,10.0,Cash,58.0,875.34,2025,2025-06,June
ORD13873,2025-12-02,North,Toys,Puzzle,184.43,7.0,0.0,Credit Card,50.0,1291.01,2025,2025-12,December
ORD12037,2025-01-22,South,Electronics,Smartwatch,170.66,5.0,15.0,Online Wallet,48.0,725.305,2025,2025-01,January
ORD12118,2024-12-31,North,Groceries,Snacks,26.18,6.0,0.0,Credit Card,24.0,157.07999999999998,2024,2024-12,December
ORD10230,2025-11-03,South,Clothing,Sneakers,112.29,1.0,0.0,Credit Card,32.0,112.29,2025,2025-11,November
ORD12854,2025-07-08,East,Electronics,Smartphone,20.99,9.0,0.0,Credit Card,25.0,188.91,2025,2025-07,July
ORD12164,2024-06-13,East,Furniture,Bookshelf,440.38,8.0,0.0,Debit Card,50.0,3523.04,2024,2024-06,June
ORD14896,2024-09-14,South,Groceries,Snacks,352.31,8.0,0.0,Cash,42.0,2818.48,2024,2024-09,September
ORD13866,2025-06-11,North,Furniture,Bookshelf,306.95,7.0,0.0,Cash,56.0,2148.65,2025,2025-06,June
ORD11387,2025-02-08,South,Furniture,Desk,226.87,4.0,0.0,Online Wallet,66.0,907.48,2025,2025-02,February
ORD14290,2024-02-25,South,Electronics,Tablet,268.64,5.0,0.0,Debit Card,43.0,1343.1999999999998,2024,2024-02,February
ORD11675,2025-01-12,East,Clothing,T-Shirt,148.98,3.0,5.0,Debit Card,50.0,424.5929999999999,2025,2025-01,January
ORD12377,2025-11-27,East,Furniture,Desk,154.87,5.0,5.0,Debit Card,39.0,735.6324999999999,2025,2025-11,November
ORD14435,2024-12-23,North,Electronics,Tablet,468.74,6.0,5.0,Online Wallet,50.0,2671.8179999999998,2024,2024-12,December
ORD11256,2025-04-30,North,Electronics,Tablet,403.11,8.0,0.0,Debit Card,33.0,3224.88,2025,2025-04,April
ORD13584,2025-08-16,South,Furniture,Bookshelf,185.41,9.0,0.0,Online Wallet,62.0,1668.69,2025,2025-08,August
ORD13817,2024-04-10,North,Toys,Board Game,489.59,7.0,0.0,Cash,41.0,3427.1299999999997,2024,2024-04,April
ORD12881,2025-01-26,South,Clothing,Jacket,237.99,7.0,5.0,Online Wallet,69.0,1582.6335,2025,2025-01,January
ORD12362,2025-02-04,South,Clothing,Cap,176.93,3.0,20.0,Online Wallet,49.0,424.632,2025,2025-02,February
ORD13397,2025-03-26,East,Electronics,Headphones,37.79,2.0,0.0,Credit Card,56.0,75.58,2025,2025-03,March
ORD11521,2025-11-11,South,Groceries,Coffee,95.55,3.0,0.0,Cash,31.0,286.65,2025,2025-11,November
ORD13499,2024-11-06,South,Clothing,Jeans,227.08,7.0,0.0,Cash,33.0,1589.5600000000002,2024,2024-11,November
ORD10250,2024-05-09,South,Toys,Board Game,326.85,3.0,0.0,Credit Card,36.0,980.5500000000001,2024,2024-05,May
ORD11625,2025-12-11,North,Groceries,Cereal,70.01,3.0,0.0,Debit Card,26.0,210.03000000000003,2025,2025-12,December
ORD10402,2025-08-30,West,Electronics,Smartwatch,327.22,6.0,0.0,Cash,43.0,1963.3200000000002,2025,2025-08,August
ORD10329,2025-09-13,North,Furniture,Office Chair,173.5,8.0,0.0,Cash,33.0,1388.0,2025,2025-09,September
ORD13759,2025-01-29,West,Groceries,Snacks,145.3,7.0,0.0,Online Wallet,32.0,1017.1000000000001,2025,2025-01,January
ORD12741,2025-07-29,West,Clothing,Cap,491.83,5.0,0.0,Debit Card,27.0,2459.15,2025,2025-07,July
ORD10393,2024-08-22,West,Groceries,Pasta,187.05,9.0,10.0,Debit Card,27.0,1515.105,2024,2024-08,August
ORD10610,2025-08-30,West,Electronics,Headphones,92.56,6.0,0.0,Credit Card,43.0,555.36,2025,2025-08,August
ORD12665,2024-08-26,North,Furniture,Office Chair,289.48,9.0,0.0,Cash,61.0,2605.32,2024,2024-08,August
ORD13665,2025-04-13,South,Furniture,Bed Frame,468.91,8.0,0.0,Online Wallet,62.0,3751.28,2025,2025-04,April
ORD14146,2025-05-04,South,Clothing,Cap,56.39,1.0,0.0,Online Wallet,33.0,56.39,2025,2025-05,May
ORD13069,2025-02-25,South,Clothing,Jeans,496.93,1.0,10.0,Debit Card,58.0,447.237,2025,2025-02,February
ORD13201,2025-05-06,North,Electronics,Smartwatch,235.18,8.0,5.0,Cash,62.0,1787.368,2025,2025-05,May
ORD14837,2025-05-09,North,Clothing,T-Shirt,459.45,7.0,0.0,Debit Card,52.0,3216.15,2025,2025-05,May
ORD12675,2024-03-29,West,Toys,Puzzle,92.09,5.0,0.0,Cash,49.0,460.45000000000005,2024,2024-03,March
ORD13540,2025-09-17,South,Clothing,Jacket,401.48,1.0,0.0,Credit Card,54.0,401.48,2025,2025-09,September
ORD13266,2025-01-18,South,Clothing,T-Shirt,286.03,4.0,5.0,Debit Card,59.0,1086.9139999999998,2025,2025-01,January
ORD14186,2025-09-15,East,Clothing,Jeans,51.55,6.0,0.0,Credit Card,58.0,309.29999999999995,2025,2025-09,September
ORD10205,2025-12-19,East,Groceries,Juice,281.28,4.0,0.0,Debit Card,26.0,1125.12,2025,2025-12,December
ORD14268,2025-05-30,South,Electronics,Laptop,182.01,1.0,10.0,Credit Card,57.0,163.809,2025,2025-05,May
ORD11213,2024-10-19,North,Toys,Board Game,297.48,3.0,5.0,Online Wallet,45.0,847.818,2024,2024-10,October
ORD13080,2024-08-14,North,Groceries,Coffee,447.46,9.0,10.0,Cash,23.0,3624.426,2024,2024-08,August
ORD13382,2024-09-02,South,Furniture,Desk,7.45,2.0,5.0,Online Wallet,47.0,14.155,2024,2024-09,September
ORD12036,2024-07-08,North,Furniture,Bookshelf,293.19,7.0,0.0,Credit Card,52.0,2052.33,2024,2024-07,July
ORD12458,2024-03-03,West,Electronics,Tablet,343.33,8.0,5.0,Online Wallet,47.0,2609.3079999999995,2024,2024-03,March
ORD13048,2025-11-27,North,Toys,Lego Set,296.68,9.0,5.0,Debit Card,52.0,2536.6139999999996,2025,2025-11,November
ORD14960,2025-04-28,North,Toys,Action Figure,177.76,5.0,0.0,Cash,48.0,888.8,2025,2025-04,April
ORD13900,2025-08-08,East,Electronics,Headphones,476.26,8.0,5.0,Cash,34.0,3619.5759999999996,2025,2025-08,August
ORD10642,2025-07-10,East,Clothing,Cap,278.88,3.0,10.0,Online Wallet,31.0,752.976,2025,2025-07,July
ORD13213,2024-06-23,West,Toys,Rc Car,42.28,1.0,5.0,Cash,59.0,40.166,2024,2024-06,June
ORD13814,2025-03-30,South,Groceries,Coffee,56.5,8.0,0.0,Debit Card,31.0,452.0,2025,2025-03,March
ORD11650,2024-08-20,East,Electronics,Laptop,449.03,8.0,0.0,Cash,44.0,3592.24,2024,2024-08,August
ORD13118,2024-12-04,South,Clothing,Cap,357.3,5.0,0.0,Cash,54.0,1786.5,2024,2024-12,December
ORD11596,2024-10-20,East,Furniture,Bed Frame,302.1,8.0,0.0,Cash,36.0,2416.8,2024,2024-10,October
ORD12061,2025-09-14,North,Toys,Action Figure,168.46,9.0,0.0,Cash,35.0,1516.14,2025,2025-09,September
ORD11177,2024-07-30,South,Groceries,Coffee,369.04,2.0,0.0,Credit Card,34.0,738.08,2024,2024-07,July
ORD11891,2025-07-12,North,Toys,Lego Set,399.55,9.0,5.0,Cash,61.0,3416.1525,2025,2025-07,July
ORD14829,2024-02-03,South,Electronics,Tablet,307.0,2.0,0.0,Debit Card,54.0,614.0,2024,2024-02,February
ORD11962,2025-04-13,North,Groceries,Cereal,320.45,4.0,0.0,Credit Card,23.0,1281.8,2025,2025-04,April
ORD11236,2024-06-18,South,Toys,Rc Car,425.74,7.0,10.0,Debit Card,24.0,2682.1620000000003,2024,2024-06,June
ORD10659,2024-04-18,North,Clothing,T-Shirt,209.14,5.0,5.0,Online Wallet,62.0,993.4149999999997,2024,2024-04,April
ORD11630,2024-05-19,East,Electronics,Tablet,286.91,8.0,15.0,Online Wallet,33.0,1950.988,2024,2024-05,May
ORD10771,2024-09-03,West,Furniture,Office Chair,399.71,8.0,0.0,Cash,51.0,3197.68,2024,2024-09,September
ORD13359,2025-06-21,North,Toys,Rc Car,97.59,6.0,10.0,Credit Card,52.0,526.986,2025,2025-06,June
ORD10044,2025-09-27,South,Groceries,Pasta,358.72,3.0,5.0,Cash,36.0,1022.352,2025,2025-09,September
ORD12158,2024-10-03,North,Furniture,Desk,463.0,4.0,0.0,Online Wallet,64.0,1852.0,2024,2024-10,October
ORD10196,2024-12-29,West,Groceries,Pasta,385.02,8.0,0.0,Cash,49.0,3080.16,2024,2024-12,December
ORD10102,2024-01-13,South,Furniture,Sofa,343.86,4.0,0.0,Credit Card,26.0,1375.44,2024,2024-01,January
ORD12762,2025-12-02,West,Groceries,Pasta,34.02,6.0,5.0,Online Wallet,41.0,193.914,2025,2025-12,December
ORD13032,2024-04-04,West,Electronics,Tablet,141.12,5.0,10.0,Debit Card,18.0,635.0400000000001,2024,2024-04,April
ORD10218,2024-04-11,East,Electronics,Headphones,41.23,3.0,0.0,Debit Card,27.0,123.69,2024,2024-04,April
ORD14183,2025-02-12,North,Clothing,Cap,289.55,4.0,0.0,Credit Card,39.0,1158.2,2025,2025-02,February
ORD12249,2025-05-09,South,Clothing,T-Shirt,228.38,3.0,0.0,Credit Card,52.0,685.14,2025,2025-05,May
ORD14761,2024-08-13,South,Toys,Rc Car,486.25,5.0,0.0,Debit Card,36.0,2431.25,2024,2024-08,August
ORD11414,2025-01-09,North,Groceries,Snacks,392.29,1.0,20.0,Credit Card,54.0,313.83200000000005,2025,2025-01,January
ORD12228,2025-01-15,South,Groceries,Snacks,321.32,9.0,20.0,Cash,43.0,2313.5040000000004,2025,2025-01,January
ORD10863,2024-08-16,North,Groceries,Coffee,367.45,7.0,0.0,Online Wallet,29.0,2572.15,2024,2024-08,August
ORD10133,2024-09-12,North,Groceries,Pasta,278.26,2.0,10.0,Cash,44.0,500.868,2024,2024-09,September
ORD11536,2024-03-21,South,Clothing,Jacket,166.74,3.0,0.0,Online Wallet,36.0,500.22,2024,2024-03,March
ORD13179,2025-01-31,North,Clothing,Jeans,72.13,8.0,20.0,Cash,59.0,461.632,2025,2025-01,January
ORD10757,2025-01-31,West,Groceries,Coffee,326.1,4.0,0.0,Credit Card,63.0,1304.4,2025,2025-01,January
ORD11412,2025-07-10,East,Furniture,Desk,146.66,3.0,10.0,Debit Card,30.0,395.982,2025,2025-07,July
ORD11160,2024-07-25,West,Toys,Board Game,200.07,5.0,0.0,Online Wallet,66.0,1000.3499999999999,2024,2024-07,July
ORD10462,2025-07-21,North,Electronics,Smartwatch,394.75,2.0,0.0,Cash,55.0,789.5,2025,2025-07,July
ORD12981,2025-10-14,North,Groceries,Cereal,262.68,4.0,5.0,Debit Card,44.0,998.184,2025,2025-10,October
ORD10933,2025-07-23,West,Toys,Board Game,356.32,7.0,0.0,Online Wallet,56.0,2494.24,2025,2025-07,July
ORD14450,2024-09-15,East,Electronics,Tablet,400.67,3.0,15.0,Credit Card,27.0,1021.7085,2024,2024-09,September
ORD13608,2024-04-19,East,Furniture,Bed Frame,172.23,3.0,0.0,Debit Card,33.0,516.6899999999999,2024,2024-04,April
ORD11301,2025-06-14,North,Groceries,Snacks,258.45,9.0,0.0,Debit Card,54.0,2326.0499999999997,2025,2025-06,June
ORD10082,2024-04-12,East,Furniture,Bookshelf,72.5,2.0,0.0,Debit Card,35.0,145.0,2024,2024-04,April
ORD12445,2025-04-04,South,Electronics,Smartphone,294.8,8.0,0.0,Cash,65.0,2358.4,2025,2025-04,April
ORD12910,2025-06-02,West,Clothing,Jeans,452.01,5.0,5.0,Debit Card,25.0,2147.0475,2025,2025-06,June
ORD11540,2025-07-22,West,Clothing,T-Shirt,268.25,9.0,0.0,Credit Card,63.0,2414.25,2025,2025-07,July
ORD11702,2025-01-13,East,Toys,Puzzle,403.79,4.0,5.0,Credit Card,68.0,1534.402,2025,2025-01,January
ORD11720,2025-04-13,North,Groceries,Pasta,452.56,3.0,5.0,Debit Card,69.0,1289.796,2025,2025-04,April
ORD14855,2025-07-19,West,Electronics,Smartwatch,314.33,2.0,0.0,Credit Card,18.0,628.66,2025,2025-07,July
ORD13685,2025-03-04,East,Electronics,Tablet,45.21,9.0,0.0,Cash,50.0,406.89,2025,2025-03,March
ORD13435,2024-07-20,West,Clothing,T-Shirt,388.05,1.0,10.0,Cash,56.0,349.245,2024,2024-07,July
ORD10927,2025-07-14,East,Clothing,Jacket,85.99,8.0,0.0,Cash,45.0,687.92,2025,2025-07,July
ORD13323,2024-05-12,East,Toys,Board Game,143.27,1.0,5.0,Online Wallet,57.0,136.1065,2024,2024-05,May
ORD11427,2024-05-23,South,Electronics,Smartphone,67.2,3.0,10.0,Online Wallet,54.0,181.44000000000003,2024,2024-05,May
ORD11016,2025-11-07,West,Electronics,Smartwatch,33.82,4.0,0.0,Cash,63.0,135.28,2025,2025-11,November
ORD10587,2024-02-03,East,Toys,Board Game,100.75,6.0,0.0,Debit Card,69.0,604.5,2024,2024-02,February
ORD10100,2025-12-24,South,Toys,Action Figure,256.27,1.0,0.0,Credit Card,44.0,256.27,2025,2025-12,December
ORD11477,2025-11-04,East,Groceries,Cereal,223.87,3.0,0.0,Debit Card,59.0,671.61,2025,2025-11,November
ORD13652,2024-06-24,East,Electronics,Tablet,351.81,5.0,0.0,Credit Card,39.0,1759.05,2024,2024-06,June
ORD10366,2025-08-04,West,Groceries,Juice,296.42,4.0,0.0,Credit Card,41.0,1185.68,2025,2025-08,August
ORD10593,2024-12-06,East,Electronics,Laptop,390.86,2.0,0.0,Credit Card,50.0,781.72,2024,2024-12,December
ORD10486,2024-11-12,South,Groceries,Juice,56.32,9.0,0.0,Credit Card,54.0,506.88,2024,2024-11,November
ORD12694,2024-10-19,East,Groceries,Pasta,252.15,6.0,0.0,Credit Card,38.0,1512.9,2024,2024-10,October
ORD11897,2024-08-02,West,Furniture,Bookshelf,51.16,8.0,10.0,Cash,55.0,368.352,2024,2024-08,August
ORD12930,2024-02-20,North,Groceries,Coffee,424.17,1.0,15.0,Debit Card,42.0,360.5445,2024,2024-02,February
ORD14520,2024-10-16,West,Furniture,Sofa,55.04,6.0,0.0,Debit Card,53.0,330.24,2024,2024-10,October
ORD14180,2025-06-22,West,Toys,Action Figure,327.84,3.0,20.0,Online Wallet,26.0,786.816,2025,2025-06,June
ORD13218,2024-07-24,North,Furniture,Bed Frame,42.22,4.0,20.0,Debit Card,56.0,135.104,2024,2024-07,July
ORD13865,2025-08-29,West,Electronics,Laptop,470.44,3.0,0.0,Online Wallet,22.0,1411.32,2025,2025-08,August
ORD11179,2025-08-12,North,Clothing,Jeans,226.84,4.0,0.0,Debit Card,25.0,907.36,2025,2025-08,August
ORD10599,2025-04-18,West,Electronics,Smartphone,299.1,8.0,0.0,Debit Card,26.0,2392.8,2025,2025-04,April
ORD13938,2024-12-08,North,Furniture,Bookshelf,45.25,9.0,0.0,Debit Card,65.0,407.25,2024,2024-12,December
ORD11457,2025-04-15,East,Furniture,Sofa,58.76,9.0,0.0,Cash,65.0,528.84,2025,2025-04,April
ORD11230,2024-05-13,West,Electronics,Tablet,314.96,4.0,5.0,Debit Card,58.0,1196.848,2024,2024-05,May
ORD10358,2025-09-29,East,Toys,Board Game,197.79,6.0,0.0,Credit Card,58.0,1186.74,2025,2025-09,September
ORD13509,2025-06-23,North,Clothing,T-Shirt,175.27,8.0,0.0,Credit Card,21.0,1402.16,2025,2025-06,June
ORD11343,2024-03-08,North,Furniture,Sofa,88.71,5.0,0.0,Online Wallet,54.0,443.54999999999995,2024,2024-03,March
ORD14587,2025-07-22,East,Groceries,Juice,157.19,9.0,0.0,Debit Card,68.0,1414.71,2025,2025-07,July
ORD14929,2024-05-26,South,Groceries,Pasta,259.6,7.0,0.0,Credit Card,32.0,1817.2000000000003,2024,2024-05,May
ORD14312,2024-02-14,South,Furniture,Sofa,232.56,4.0,10.0,Credit Card,44.0,837.216,2024,2024-02,February
ORD11549,2024-07-04,East,Groceries,Cereal,470.77,6.0,0.0,Credit Card,69.0,2824.62,2024,2024-07,July
ORD10941,2024-01-20,South,Clothing,Cap,480.31,3.0,0.0,Online Wallet,55.0,1440.93,2024,2024-01,January
ORD14963,2024-02-21,East,Toys,Rc Car,274.77,4.0,0.0,Cash,65.0,1099.08,2024,2024-02,February
ORD10557,2025-11-28,East,Furniture,Office Chair,218.46,2.0,0.0,Online Wallet,42.0,436.92,2025,2025-11,November
ORD12872,2025-11-07,South,Toys,Puzzle,364.49,7.0,0.0,Credit Card,25.0,2551.4300000000003,2025,2025-11,November
ORD11729,2025-06-06,East,Clothing,Jacket,241.01,4.0,5.0,Online Wallet,47.0,915.838,2025,2025-06,June
ORD12706,2025-11-11,West,Furniture,Office Chair,189.52,9.0,5.0,Online Wallet,28.0,1620.396,2025,2025-11,November
ORD14693,2025-07-01,South,Groceries,Coffee,215.09,5.0,0.0,Online Wallet,68.0,1075.45,2025,2025-07,July
ORD10191,2024-07-26,West,Clothing,Jacket,276.06,6.0,0.0,Cash,58.0,1656.3600000000001,2024,2024-07,July
ORD12349,2025-06-06,East,Clothing,Jacket,285.64,4.0,20.0,Debit Card,55.0,914.048,2025,2025-06,June
ORD12064,2024-09-24,East,Groceries,Cereal,352.46,8.0,0.0,Online Wallet,19.0,2819.68,2024,2024-09,September
ORD14427,2025-05-18,North,Furniture,Desk,332.78,7.0,0.0,Online Wallet,68.0,2329.46,2025,2025-05,May
ORD11248,2025-01-12,South,Toys,Puzzle,94.7,4.0,5.0,Credit Card,57.0,359.86,2025,2025-01,January
ORD13283,2025-04-27,South,Toys,Board Game,28.15,8.0,15.0,Credit Card,38.0,191.42,2025,2025-04,April
ORD10197,2024-04-26,South,Electronics,Tablet,200.78,4.0,10.0,Debit Card,53.0,722.808,2024,2024-04,April
ORD14942,2024-10-13,East,Groceries,Juice,351.82,5.0,0.0,Debit Card,47.0,1759.1,2024,2024-10,October
ORD11635,2024-01-22,East,Electronics,Tablet,392.13,9.0,0.0,Online Wallet,60.0,3529.17,2024,2024-01,January
ORD11159,2024-06-14,South,Electronics,Tablet,374.6,1.0,0.0,Cash,48.0,374.6,2024,2024-06,June
ORD10256,2025-08-13,South,Clothing,Cap,293.16,7.0,0.0,Cash,22.0,2052.1200000000003,2025,2025-08,August
ORD13625,2024-05-11,North,Groceries,Cereal,320.69,5.0,0.0,Credit Card,24.0,1603.45,2024,2024-05,May
ORD14455,2025-12-12,South,Clothing,T-Shirt,468.67,3.0,0.0,Debit Card,20.0,1406.01,2025,2025-12,December
ORD12093,2024-01-01,East,Groceries,Cereal,74.04,8.0,0.0,Online Wallet,32.0,592.32,2024,2024-01,January
ORD13639,2025-05-12,South,Toys,Lego Set,74.04,8.0,0.0,Online Wallet,32.0,592.32,2025,2025-05,May
ORD10119,2024-11-04,East,Clothing,Cap,170.92,4.0,5.0,Debit Card,58.0,649.4959999999999,2024,2024-11,November
ORD14426,2024-02-17,North,Toys,Board Game,73.53,2.0,0.0,Online Wallet,43.0,147.06,2024,2024-02,February
ORD10246,2024-03-13,South,Clothing,Sneakers,164.65,3.0,0.0,Debit Card,52.0,493.95000000000005,2024,2024-03,March
ORD10808,2025-03-19,East,Clothing,Jacket,225.93,8.0,0.0,Cash,56.0,1807.44,2025,2025-03,March
ORD11078,2025-02-18,South,Clothing,Sneakers,111.55,9.0,0.0,Cash,63.0,1003.9499999999999,2025,2025-02,February
ORD14824,2025-11-29,North,Furniture,Sofa,189.7,2.0,0.0,Credit Card,40.0,379.4,2025,2025-11,November
ORD10951,2025-01-13,South,Furniture,Bookshelf,275.8,2.0,5.0,Credit Card,57.0,524.02,2025,2025-01,January
ORD11102,2024-11-22,West,Clothing,Cap,59.13,6.0,0.0,Cash,47.0,354.78000000000003,2024,2024-11,November
ORD10013,2025-09-04,North,Clothing,Jacket,486.0,3.0,5.0,Debit Card,31.0,1385.1,2025,2025-09,September
ORD10759,2024-01-11,West,Toys,Puzzle,349.42,5.0,20.0,Credit Card,65.0,1397.6800000000003,2024,2024-01,January
ORD13998,2024-06-23,West,Groceries,Juice,449.67,4.0,0.0,Credit Card,19.0,1798.68,2024,2024-06,June
ORD13949,2024-03-21,West,Furniture,Desk,292.19,8.0,0.0,Credit Card,21.0,2337.52,2024,2024-03,March
ORD10646,2025-06-13,North,Toys,Board Game,464.39,2.0,0.0,Cash,45.0,928.78,2025,2025-06,June
ORD12459,2024-02-08,West,Toys,Action Figure,43.0,2.0,15.0,Debit Card,34.0,73.1,2024,2024-02,February
ORD12819,2024-10-31,East,Clothing,Sneakers,13.73,7.0,10.0,Debit Card,69.0,86.499,2024,2024-10,October
ORD13178,2024-07-16,West,Toys,Puzzle,412.72,5.0,0.0,Debit Card,21.0,2063.6000000000004,2024,2024-07,July
ORD13746,2024-01-04,West,Toys,Action Figure,408.1,5.0,0.0,Debit Card,63.0,2040.5,2024,2024-01,January
ORD12640,2025-03-29,South,Toys,Action Figure,339.32,4.0,0.0,Credit Card,19.0,1357.28,2025,2025-03,March
ORD14043,2024-10-31,East,Electronics,Tablet,162.68,3.0,15.0,Credit Card,32.0,414.834,2024,2024-10,October
ORD10273,2025-10-22,North,Furniture,Bed Frame,489.31,8.0,0.0,Cash,61.0,3914.48,2025,2025-10,October
ORD13921,2024-09-15,East,Electronics,Laptop,264.59,2.0,0.0,Online Wallet,61.0,529.18,2024,2024-09,September
ORD11356,2024-10-03,East,Clothing,Sneakers,210.17,2.0,0.0,Cash,64.0,420.34,2024,2024-10,October
ORD11147,2024-11-03,East,Furniture,Bookshelf,105.69,6.0,10.0,Credit Card,61.0,570.726,2024,2024-11,November
ORD13872,2025-06-13,North,Toys,Board Game,330.44,6.0,10.0,Credit Card,38.0,1784.376,2025,2025-06,June
ORD11852,2024-10-20,West,Toys,Action Figure,193.1,4.0,0.0,Online Wallet,52.0,772.4,2024,2024-10,October
ORD10099,2025-03-16,South,Electronics,Laptop,360.64,8.0,0.0,Credit Card,61.0,2885.12,2025,2025-03,March
ORD10756,2024-09-14,South,Toys,Rc Car,10.22,7.0,15.0,Online Wallet,29.0,60.809000000000005,2024,2024-09,September
ORD13206,2024-11-04,South,Toys,Board Game,342.65,1.0,0.0,Cash,21.0,342.65,2024,2024-11,November
ORD13607,2024-10-23,East,Electronics,Tablet,268.11,9.0,0.0,Cash,44.0,2412.9900000000002,2024,2024-10,October
ORD10335,2024-06-10,West,Groceries,Snacks,239.08,9.0,0.0,Cash,55.0,2151.7200000000003,2024,2024-06,June
ORD14185,2025-12-12,East,Toys,Lego Set,48.26,5.0,10.0,Cash,21.0,217.17,2025,2025-12,December
ORD14479,2024-07-12,South,Clothing,Jeans,79.9,9.0,15.0,Credit Card,28.0,611.235,2024,2024-07,July
ORD14099,2025-08-22,North,Groceries,Snacks,163.37,7.0,0.0,Online Wallet,62.0,1143.5900000000001,2025,2025-08,August
ORD13960,2024-03-31,North,Furniture,Desk,483.72,7.0,20.0,Debit Card,22.0,2708.8320000000003,2024,2024-03,March
ORD13755,2025-02-11,North,Toys,Lego Set,322.82,3.0,0.0,Cash,46.0,968.46,2025,2025-02,February
ORD14457,2024-02-20,East,Electronics,Headphones,291.55,4.0,0.0,Debit Card,64.0,1166.2,2024,2024-02,February
ORD12270,2024-09-21,East,Electronics,Headphones,22.19,1.0,0.0,Online Wallet,27.0,22.19,2024,2024-09,September
ORD13828,2024-10-09,North,Clothing,Sneakers,33.09,3.0,0.0,Cash,34.0,99.27000000000001,2024,2024-10,October
ORD12358,2024-08-21,West,Clothing,Jacket,118.81,4.0,0.0,Online Wallet,42.0,475.24,2024,2024-08,August
ORD11745,2024-06-06,West,Groceries,Pasta,210.31,5.0,5.0,Credit Card,65.0,998.9724999999999,2024,2024-06,June
ORD14678,2024-03-19,East,Furniture,Desk,126.55,7.0,0.0,Online Wallet,69.0,885.85,2024,2024-03,March
ORD13910,2024-01-14,South,Furniture,Sofa,331.06,9.0,15.0,Debit Card,22.0,2532.609,2024,2024-01,January
ORD14414,2025-12-07,West,Electronics,Tablet,399.46,1.0,0.0,Online Wallet,56.0,399.46,2025,2025-12,December
ORD14835,2025-10-29,West,Toys,Action Figure,65.93,2.0,0.0,Cash,37.0,131.86,2025,2025-10,October
ORD12778,2025-07-08,South,Toys,Rc Car,459.78,4.0,20.0,Online Wallet,40.0,1471.296,2025,2025-07,July
ORD13603,2024-08-06,North,Toys,Rc Car,34.53,9.0,0.0,Cash,22.0,310.77,2024,2024-08,August
ORD12338,2024-09-09,South,Furniture,Desk,335.44,5.0,5.0,Credit Card,19.0,1593.34,2024,2024-09,September
ORD10306,2024-09-10,North,Electronics,Smartphone,175.11,1.0,0.0,Cash,23.0,175.11,2024,2024-09,September
ORD11385,2024-10-29,North,Furniture,Sofa,302.65,2.0,0.0,Online Wallet,53.0,605.3,2024,2024-10,October
ORD13973,2025-01-24,East,Groceries,Cereal,145.46,2.0,0.0,Credit Card,18.0,290.92,2025,2025-01,January
ORD11928,2025-03-23,North,Clothing,Jacket,201.48,6.0,0.0,Online Wallet,69.0,1208.8799999999999,2025,2025-03,March
ORD13856,2024-04-26,North,Furniture,Desk,121.54,8.0,0.0,Debit Card,26.0,972.32,2024,2024-04,April
ORD11060,2025-10-11,East,Clothing,Jeans,45.96,1.0,15.0,Debit Card,22.0,39.066,2025,2025-10,October
ORD10994,2025-08-04,West,Electronics,Laptop,36.93,2.0,5.0,Credit Card,31.0,70.167,2025,2025-08,August
ORD13257,2025-12-17,North,Clothing,Jeans,129.51,9.0,0.0,Cash,61.0,1165.59,2025,2025-12,December
ORD11132,2025-04-30,North,Clothing,Jacket,360.9,9.0,0.0,Cash,53.0,3248.1,2025,2025-04,April
ORD12366,2025-01-18,West,Furniture,Desk,29.93,5.0,0.0,Debit Card,30.0,149.65,2025,2025-01,January
ORD10553,2024-08-29,West,Clothing,Jacket,282.49,4.0,0.0,Cash,28.0,1129.96,2024,2024-08,August
ORD13391,2025-04-05,East,Groceries,Juice,114.78,8.0,20.0,Credit Card,40.0,734.5920000000001,2025,2025-04,April
ORD14719,2024-04-24,North,Furniture,Bookshelf,321.36,2.0,0.0,Cash,22.0,642.72,2024,2024-04,April
ORD12833,2024-08-27,West,Electronics,Headphones,369.45,7.0,0.0,Debit Card,22.0,2586.15,2024,2024-08,August
ORD10017,2024-11-26,South,Groceries,Juice,165.55,7.0,10.0,Cash,50.0,1042.9650000000001,2024,2024-11,November
ORD11956,2025-05-28,West,Toys,Action Figure,13.69,2.0,0.0,Debit Card,32.0,27.38,2025,2025-05,May
ORD14424,2025-01-21,East,Furniture,Sofa,423.37,6.0,0.0,Online Wallet,44.0,2540.2200000000003,2025,2025-01,January
ORD10188,2024-04-12,South,Groceries,Snacks,70.69,7.0,0.0,Debit Card,67.0,494.83,2024,2024-04,April
ORD10988,2025-07-02,East,Toys,Puzzle,444.98,6.0,0.0,Credit Card,43.0,2669.88,2025,2025-07,July
ORD13227,2024-10-20,South,Electronics,Headphones,402.24,7.0,0.0,Debit Card,26.0,2815.6800000000003,2024,2024-10,October
ORD10313,2025-07-24,East,Groceries,Snacks,85.31,5.0,0.0,Credit Card,21.0,426.55,2025,2025-07,July
ORD10494,2025-03-12,East,Groceries,Snacks,408.4,4.0,0.0,Cash,23.0,1633.6,2025,2025-03,March
ORD13819,2025-12-15,North,Electronics,Headphones,488.79,6.0,5.0,Online Wallet,48.0,2786.103,2025,2025-12,December
ORD10685,2024-10-24,East,Groceries,Coffee,276.71,2.0,0.0,Credit Card,58.0,553.42,2024,2024-10,October
ORD13483,2025-06-07,West,Clothing,Jeans,457.56,7.0,20.0,Online Wallet,62.0,2562.3360000000002,2025,2025-06,June
ORD13926,2024-11-22,South,Furniture,Bookshelf,399.96,5.0,0.0,Online Wallet,37.0,1999.8,2024,2024-11,November
ORD14774,2024-08-16,West,Groceries,Cereal,19.58,7.0,15.0,Debit Card,52.0,116.501,2024,2024-08,August
ORD12197,2025-08-21,West,Toys,Lego Set,113.57,3.0,0.0,Debit Card,18.0,340.71,2025,2025-08,August
ORD14389,2025-11-07,West,Toys,Lego Set,170.74,1.0,0.0,Cash,69.0,170.74,2025,2025-11,November
ORD14607,2024-12-06,East,Toys,Puzzle,217.89,3.0,0.0,Debit Card,37.0,653.67,2024,2024-12,December
ORD13354,2025-03-15,South,Toys,Action Figure,490.34,3.0,0.0,Debit Card,19.0,1471.02,2025,2025-03,March
ORD12846,2025-08-16,West,Electronics,Tablet,69.76,5.0,5.0,Online Wallet,43.0,331.36,2025,2025-08,August
ORD13147,2025-05-31,South,Furniture,Bookshelf,162.57,8.0,0.0,Online Wallet,34.0,1300.56,2025,2025-05,May
ORD11021,2024-12-17,East,Toys,Lego Set,148.73,8.0,0.0,Credit Card,64.0,1189.84,2024,2024-12,December
ORD13016,2025-07-06,East,Toys,Rc Car,392.55,6.0,0.0,Cash,69.0,2355.3,2025,2025-07,July
ORD10420,2025-08-02,West,Electronics,Smartphone,292.9,8.0,0.0,Cash,29.0,2343.2,2025,2025-08,August
ORD14107,2025-08-19,South,Clothing,Sneakers,117.0,2.0,0.0,Debit Card,61.0,234.0,2025,2025-08,August
ORD13971,2024-02-22,East,Clothing,T-Shirt,205.22,6.0,15.0,Credit Card,45.0,1046.6219999999998,2024,2024-02,February
ORD14744,2025-08-26,West,Groceries,Cereal,394.04,6.0,0.0,Credit Card,19.0,2364.2400000000002,2025,2025-08,August
ORD10589,2025-09-29,North,Furniture,Desk,269.9,6.0,0.0,Credit Card,61.0,1619.3999999999999,2025,2025-09,September
ORD11351,2025-09-13,North,Clothing,T-Shirt,253.05,6.0,5.0,Online Wallet,22.0,1442.3850000000002,2025,2025-09,September
ORD12618,2024-10-10,West,Clothing,Jeans,162.4,7.0,5.0,Online Wallet,41.0,1079.9599999999998,2024,2024-10,October
ORD12117,2024-03-05,North,Clothing,T-Shirt,239.24,7.0,10.0,Online Wallet,38.0,1507.212,2024,2024-03,March
ORD13498,2024-12-17,West,Clothing,Cap,38.6,5.0,0.0,Cash,61.0,193.0,2024,2024-12,December
ORD11344,2025-02-05,South,Furniture,Office Chair,466.99,8.0,0.0,Cash,46.0,3735.92,2025,2025-02,February
ORD11034,2025-10-25,North,Groceries,Juice,80.35,9.0,0.0,Online Wallet,58.0,723.15,2025,2025-10,October
ORD10316,2025-12-28,North,Groceries,Coffee,249.64,3.0,10.0,Debit Card,43.0,674.028,2025,2025-12,December
ORD14943,2025-01-05,West,Electronics,Headphones,148.55,5.0,0.0,Credit Card,59.0,742.75,2025,2025-01,January
ORD10331,2025-11-14,East,Groceries,Pasta,61.89,9.0,15.0,Online Wallet,52.0,473.45849999999996,2025,2025-11,November
ORD12536,2024-05-17,West,Clothing,Jeans,99.22,7.0,0.0,Online Wallet,61.0,694.54,2024,2024-05,May
ORD11321,2024-06-16,North,Toys,Rc Car,58.42,5.0,0.0,Online Wallet,66.0,292.1,2024,2024-06,June
ORD11941,2025-09-27,South,Clothing,Jeans,213.56,6.0,5.0,Credit Card,43.0,1217.2920000000001,2025,2025-09,September
ORD13579,2025-11-19,North,Clothing,Jeans,284.19,3.0,0.0,Cash,59.0,852.5699999999999,2025,2025-11,November
ORD13370,2024-08-14,South,Furniture,Sofa,368.83,6.0,0.0,Credit Card,30.0,2212.98,2024,2024-08,August
ORD12624,2024-12-20,North,Electronics,Headphones,187.01,1.0,0.0,Cash,64.0,187.01,2024,2024-12,December
ORD10330,2025-10-31,West,Toys,Puzzle,217.45,2.0,0.0,Credit Card,22.0,434.9,2025,2025-10,October
ORD14533,2025-10-28,South,Groceries,Juice,305.06,5.0,5.0,Online Wallet,48.0,1449.0349999999999,2025,2025-10,October
ORD11435,2024-02-19,West,Toys,Puzzle,385.36,4.0,0.0,Online Wallet,49.0,1541.44,2024,2024-02,February
ORD12179,2025-01-27,West,Toys,Lego Set,471.01,7.0,0.0,Cash,69.0,3297.0699999999997,2025,2025-01,January
ORD12242,2024-03-15,South,Electronics,Headphones,295.12,7.0,0.0,Debit Card,66.0,2065.84,2024,2024-03,March
ORD11004,2025-12-16,West,Furniture,Desk,481.29,8.0,15.0,Credit Card,32.0,3272.772,2025,2025-12,December
ORD14621,2025-10-09,South,Electronics,Tablet,475.72,5.0,0.0,Credit Card,25.0,2378.6000000000004,2025,2025-10,October
ORD12078,2025-02-23,West,Groceries,Cereal,151.6,1.0,0.0,Cash,66.0,151.6,2025,2025-02,February
ORD13549,2024-01-31,North,Toys,Action Figure,38.94,3.0,0.0,Debit Card,39.0,116.82,2024,2024-01,January
ORD10789,2025-12-09,South,Toys,Lego Set,33.58,4.0,0.0,Credit Card,21.0,134.32,2025,2025-12,December
ORD13144,2024-10-31,East,Toys,Board Game,256.13,9.0,5.0,Cash,22.0,2189.9115,2024,2024-10,October
ORD14407,2024-07-15,West,Toys,Rc Car,405.68,3.0,0.0,Debit Card,51.0,1217.04,2024,2024-07,July
ORD13066,2024-03-11,West,Groceries,Pasta,461.35,2.0,0.0,Credit Card,32.0,922.7,2024,2024-03,March
ORD11785,2025-12-16,North,Electronics,Headphones,426.75,8.0,10.0,Cash,54.0,3072.6,2025,2025-12,December
ORD11122,2024-09-25,North,Toys,Board Game,431.21,5.0,0.0,Cash,52.0,2156.0499999999997,2024,2024-09,September
ORD12107,2024-02-18,South,Toys,Puzzle,332.14,8.0,0.0,Cash,59.0,2657.12,2024,2024-02,February
ORD13015,2024-12-05,West,Toys,Board Game,282.97,1.0,0.0,Cash,29.0,282.97,2024,2024-12,December
ORD14108,2025-07-21,East,Electronics,Laptop,405.82,3.0,10.0,Debit Card,21.0,1095.7140000000002,2025,2025-07,July
ORD13899,2025-11-26,East,Furniture,Office Chair,9.71,3.0,0.0,Debit Card,20.0,29.130000000000003,2025,2025-11,November
ORD14859,2025-08-28,West,Toys,Action Figure,463.8,9.0,0.0,Debit Card,57.0,4174.2,2025,2025-08,August
ORD11125,2025-07-19,North,Furniture,Bed Frame,447.52,9.0,0.0,Online Wallet,54.0,4027.68,2025,2025-07,July
ORD14756,2025-01-19,West,Clothing,T-Shirt,156.11,1.0,0.0,Online Wallet,63.0,156.11,2025,2025-01,January
ORD10221,2025-03-02,West,Clothing,Jeans,14.03,7.0,0.0,Online Wallet,64.0,98.21,2025,2025-03,March
ORD11533,2024-12-10,East,Clothing,Cap,166.99,2.0,0.0,Debit Card,46.0,333.98,2024,2024-12,December
ORD11398,2024-06-12,North,Electronics,Laptop,176.25,7.0,5.0,Debit Card,35.0,1172.0625,2024,2024-06,June
ORD12641,2024-01-22,West,Electronics,Laptop,244.0,7.0,5.0,Credit Card,63.0,1622.6,2024,2024-01,January
ORD11995,2025-09-03,West,Clothing,Jeans,303.07,7.0,5.0,Debit Card,43.0,2015.4154999999996,2025,2025-09,September
ORD13528,2024-09-14,East,Clothing,Jeans,133.12,6.0,0.0,Credit Card,28.0,798.72,2024,2024-09,September
ORD14370,2025-10-10,North,Toys,Board Game,488.93,3.0,0.0,Debit Card,57.0,1466.79,2025,2025-10,October
ORD12883,2024-07-16,North,Toys,Puzzle,270.94,4.0,20.0,Online Wallet,65.0,867.008,2024,2024-07,July
ORD11922,2024-01-17,West,Clothing,Sneakers,178.57,6.0,0.0,Debit Card,23.0,1071.42,2024,2024-01,January
ORD11056,2024-08-25,West,Furniture,Bed Frame,386.37,4.0,0.0,Credit Card,21.0,1545.48,2024,2024-08,August
ORD13668,2024-10-20,North,Electronics,Tablet,364.01,7.0,0.0,Online Wallet,24.0,2548.0699999999997,2024,2024-10,October
ORD13486,2025-01-28,South,Groceries,Coffee,362.31,4.0,10.0,Credit Card,68.0,1304.316,2025,2025-01,January
ORD14065,2024-01-07,South,Groceries,Juice,177.46,7.0,20.0,Credit Card,34.0,993.7760000000001,2024,2024-01,January
ORD13710,2025-11-18,West,Groceries,Pasta,75.89,8.0,0.0,Credit Card,57.0,607.12,2025,2025-11,November
ORD11233,2025-04-16,North,Furniture,Bed Frame,333.14,1.0,0.0,Online Wallet,39.0,333.14,2025,2025-04,April
ORD10932,2024-06-28,North,Electronics,Tablet,327.23,7.0,0.0,Online Wallet,24.0,2290.61,2024,2024-06,June
ORD14797,2024-09-25,West,Electronics,Smartphone,43.66,3.0,0.0,Debit Card,57.0,130.98,2024,2024-09,September
ORD11577,2024-09-29,North,Clothing,Cap,97.09,5.0,0.0,Online Wallet,62.0,485.45000000000005,2024,2024-09,September
ORD13446,2025-08-03,East,Toys,Lego Set,203.4,6.0,20.0,Cash,34.0,976.3200000000002,2025,2025-08,August
ORD12429,2025-09-02,West,Clothing,Sneakers,493.79,9.0,0.0,Credit Card,40.0,4444.110000000001,2025,2025-09,September
ORD14873,2025-12-28,West,Toys,Lego Set,149.34,7.0,0.0,Online Wallet,37.0,1045.38,2025,2025-12,December
ORD13091,2024-07-27,East,Toys,Lego Set,9.95,3.0,0.0,Debit Card,21.0,29.849999999999998,2024,2024-07,July
ORD10058,2025-12-29,West,Electronics,Tablet,163.42,3.0,0.0,Online Wallet,58.0,490.26,2025,2025-12,December
ORD12905,2025-01-06,North,Toys,Board Game,401.53,5.0,0.0,Online Wallet,24.0,2007.6499999999999,2025,2025-01,January
ORD14609,2024-02-29,East,Toys,Puzzle,176.05,2.0,0.0,Online Wallet,30.0,352.1,2024,2024-02,February
ORD13085,2025-01-24,West,Toys,Lego Set,487.32,7.0,0.0,Credit Card,30.0,3411.24,2025,2025-01,January
ORD13876,2024-12-15,South,Toys,Action Figure,181.77,4.0,10.0,Credit Card,19.0,654.3720000000001,2024,2024-12,December
ORD10116,2024-12-21,West,Groceries,Cereal,459.78,5.0,15.0,Online Wallet,59.0,1954.0649999999996,2024,2024-12,December
ORD12856,2025-04-29,West,Groceries,Cereal,486.06,8.0,0.0,Cash,35.0,3888.48,2025,2025-04,April
ORD14369,2025-05-25,North,Clothing,T-Shirt,56.67,7.0,0.0,Online Wallet,56.0,396.69,2025,2025-05,May
ORD14470,2024-01-17,East,Furniture,Desk,212.39,2.0,0.0,Debit Card,34.0,424.78,2024,2024-01,January
ORD12275,2024-08-19,West,Electronics,Smartphone,88.45,7.0,0.0,Cash,32.0,619.15,2024,2024-08,August
ORD10965,2025-05-14,South,Groceries,Juice,62.76,6.0,0.0,Credit Card,43.0,376.56,2025,2025-05,May
ORD12855,2025-03-17,West,Furniture,Office Chair,434.0,9.0,0.0,Debit Card,69.0,3906.0,2025,2025-03,March
ORD11277,2024-11-01,South,Clothing,T-Shirt,294.82,4.0,0.0,Cash,54.0,1179.28,2024,2024-11,November
ORD12586,2024-06-01,West,Toys,Puzzle,273.75,1.0,5.0,Credit Card,69.0,260.0625,2024,2024-06,June
ORD12925,2025-06-21,South,Toys,Rc Car,44.93,6.0,15.0,Credit Card,27.0,229.14299999999997,2025,2025-06,June
ORD10772,2024-03-20,South,Electronics,Tablet,270.4,4.0,15.0,Debit Card,61.0,919.3599999999999,2024,2024-03,March
ORD10582,2024-05-20,West,Clothing,Sneakers,417.02,1.0,0.0,Credit Card,53.0,417.02,2024,2024-05,May
ORD13072,2024-12-04,East,Furniture,Sofa,347.59,4.0,20.0,Online Wallet,63.0,1112.288,2024,2024-12,December
ORD13100,2025-12-13,West,Furniture,Office Chair,21.65,7.0,0.0,Credit Card,32.0,151.54999999999998,2025,2025-12,December
ORD13133,2025-10-30,North,Groceries,Cereal,197.25,2.0,0.0,Credit Card,39.0,394.5,2025,2025-10,October
ORD14127,2024-12-27,South,Groceries,Cereal,151.35,1.0,0.0,Online Wallet,42.0,151.35,2024,2024-12,December
ORD13635,2024-07-06,North,Electronics,Headphones,32.69,3.0,0.0,Cash,44.0,98.07,2024,2024-07,July
ORD10854,2025-10-04,North,Furniture,Sofa,105.86,9.0,0.0,Debit Card,20.0,952.74,2025,2025-10,October
ORD12655,2025-06-02,North,Groceries,Juice,497.5,4.0,10.0,Debit Card,57.0,1791.0,2025,2025-06,June
ORD11217,2025-11-18,North,Toys,Action Figure,85.96,8.0,0.0,Credit Card,62.0,687.68,2025,2025-11,November
ORD14242,2024-08-15,North,Furniture,Desk,254.18,8.0,0.0,Debit Card,21.0,2033.44,2024,2024-08,August
ORD13690,2025-01-06,North,Groceries,Cereal,255.42,9.0,0.0,Credit Card,48.0,2298.7799999999997,2025,2025-01,January
ORD10874,2025-10-16,West,Toys,Board Game,208.51,9.0,0.0,Debit Card,66.0,1876.59,2025,2025-10,October
ORD14176,2024-04-17,North,Groceries,Cereal,56.26,4.0,0.0,Online Wallet,24.0,225.04,2024,2024-04,April
ORD14940,2025-08-16,West,Furniture,Desk,24.73,1.0,0.0,Debit Card,53.0,24.73,2025,2025-08,August
ORD13546,2025-06-22,South,Furniture,Bed Frame,334.37,6.0,0.0,Online Wallet,68.0,2006.22,2025,2025-06,June
ORD10579,2024-04-30,West,Electronics,Smartphone,212.72,6.0,0.0,Online Wallet,66.0,1276.32,2024,2024-04,April
ORD14794,2025-04-26,South,Toys,Rc Car,314.2,5.0,0.0,Cash,38.0,1571.0,2025,2025-04,April
ORD10749,2024-02-26,East,Furniture,Office Chair,31.11,7.0,0.0,Online Wallet,24.0,217.76999999999998,2024,2024-02,February
ORD13851,2024-06-14,East,Clothing,Cap,117.2,4.0,0.0,Cash,44.0,468.8,2024,2024-06,June
ORD12478,2024-12-07,West,Electronics,Headphones,24.87,2.0,0.0,Credit Card,63.0,49.74,2024,2024-12,December
ORD14503,2025-05-11,South,Electronics,Smartwatch,149.47,4.0,5.0,Credit Card,35.0,567.986,2025,2025-05,May
ORD14311,2025-09-01,West,Furniture,Office Chair,79.61,4.0,0.0,Cash,23.0,318.44,2025,2025-09,September
ORD13612,2025-11-08,North,Furniture,Bed Frame,441.81,9.0,0.0,Debit Card,20.0,3976.29,2025,2025-11,November
ORD14251,2025-04-26,East,Toys,Lego Set,378.04,2.0,10.0,Credit Card,39.0,680.4720000000001,2025,2025-04,April
ORD10128,2025-03-18,North,Toys,Puzzle,255.23,8.0,0.0,Cash,54.0,2041.84,2025,2025-03,March
ORD11235,2025-01-05,West,Clothing,Jacket,395.14,4.0,0.0,Cash,46.0,1580.56,2025,2025-01,January
ORD10885,2025-02-18,West,Groceries,Pasta,107.23,8.0,5.0,Online Wallet,41.0,814.948,2025,2025-02,February
ORD10134,2025-08-15,West,Furniture,Sofa,434.89,8.0,20.0,Cash,49.0,2783.2960000000003,2025,2025-08,August
ORD12575,2025-04-20,West,Toys,Puzzle,95.41,5.0,10.0,Debit Card,52.0,429.34499999999997,2025,2025-04,April
ORD14652,2025-04-29,West,Furniture,Office Chair,153.97,2.0,20.0,Cash,32.0,246.352,2025,2025-04,April
ORD12878,2025-08-25,North,Furniture,Desk,117.47,2.0,0.0,Online Wallet,22.0,234.94,2025,2025-08,August
ORD11823,2025-08-25,East,Clothing,Cap,382.3,8.0,0.0,Cash,24.0,3058.4,2025,2025-08,August
ORD13493,2024-03-08,East,Clothing,Sneakers,162.93,6.0,0.0,Online Wallet,68.0,977.58,2024,2024-03,March
ORD14095,2024-04-28,North,Electronics,Smartphone,158.53,5.0,0.0,Online Wallet,66.0,792.65,2024,2024-04,April
ORD14532,2024-07-28,North,Electronics,Headphones,209.93,8.0,0.0,Credit Card,57.0,1679.44,2024,2024-07,July
ORD10111,2025-09-26,North,Furniture,Desk,378.54,6.0,10.0,Cash,64.0,2044.1160000000002,2025,2025-09,September
ORD13042,2024-03-05,North,Electronics,Laptop,372.6,8.0,0.0,Cash,18.0,2980.8,2024,2024-03,March
ORD14555,2024-04-04,East,Groceries,Cereal,37.78,9.0,0.0,Cash,45.0,340.02,2024,2024-04,April
ORD11041,2024-11-16,North,Toys,Action Figure,33.85,1.0,0.0,Credit Card,56.0,33.85,2024,2024-11,November
ORD12490,2025-02-03,East,Groceries,Snacks,184.39,4.0,5.0,Online Wallet,44.0,700.6819999999999,2025,2025-02,February
ORD11410,2025-07-04,West,Furniture,Office Chair,214.42,3.0,0.0,Credit Card,54.0,643.26,2025,2025-07,July
ORD14549,2024-07-29,West,Furniture,Desk,114.66,8.0,5.0,Cash,62.0,871.4159999999999,2024,2024-07,July
ORD14030,2025-11-01,North,Electronics,Smartwatch,209.55,4.0,0.0,Debit Card,44.0,838.2,2025,2025-11,November
ORD14544,2025-10-16,West,Toys,Board Game,363.77,5.0,0.0,Online Wallet,54.0,1818.85,2025,2025-10,October
ORD14919,2025-02-26,West,Toys,Lego Set,225.57,3.0,0.0,Cash,25.0,676.71,2025,2025-02,February
ORD13771,2025-12-07,North,Electronics,Smartwatch,128.5,9.0,0.0,Debit Card,59.0,1156.5,2025,2025-12,December
ORD14139,2024-08-02,East,Toys,Action Figure,178.68,2.0,0.0,Debit Card,33.0,357.36,2024,2024-08,August
ORD13713,2024-08-03,South,Toys,Board Game,110.29,3.0,0.0,Credit Card,39.0,330.87,2024,2024-08,August
ORD13237,2024-08-20,South,Furniture,Office Chair,134.39,4.0,0.0,Credit Card,33.0,537.56,2024,2024-08,August
ORD10748,2024-12-17,South,Electronics,Laptop,423.61,9.0,5.0,Online Wallet,59.0,3621.8655,2024,2024-12,December
ORD14460,2025-09-02,North,Furniture,Desk,387.48,4.0,0.0,Online Wallet,23.0,1549.92,2025,2025-09,September
ORD14468,2025-02-28,South,Groceries,Snacks,130.11,5.0,0.0,Debit Card,57.0,650.5500000000001,2025,2025-02,February
ORD10910,2025-03-03,South,Electronics,Tablet,124.33,6.0,0.0,Debit Card,44.0,745.98,2025,2025-03,March
ORD11926,2025-12-18,West,Toys,Rc Car,51.14,6.0,0.0,Online Wallet,44.0,306.84000000000003,2025,2025-12,December
ORD10304,2025-07-14,East,Clothing,Jacket,104.68,7.0,10.0,Debit Card,21.0,659.484,2025,2025-07,July
ORD11252,2024-06-18,West,Furniture,Bookshelf,28.96,9.0,0.0,Cash,37.0,260.64,2024,2024-06,June
ORD11832,2025-03-28,West,Toys,Puzzle,328.37,4.0,0.0,Credit Card,57.0,1313.48,2025,2025-03,March
ORD12156,2025-10-26,South,Toys,Lego Set,262.57,2.0,0.0,Debit Card,51.0,525.14,2025,2025-10,October
ORD12625,2025-10-11,South,Electronics,Smartwatch,410.77,2.0,0.0,Online Wallet,68.0,821.54,2025,2025-10,October
ORD14564,2025-10-18,West,Clothing,T-Shirt,452.78,1.0,0.0,Credit Card,38.0,452.78,2025,2025-10,October
ORD13186,2025-05-27,East,Toys,Rc Car,492.11,4.0,0.0,Debit Card,20.0,1968.44,2025,2025-05,May
ORD12606,2025-08-12,West,Electronics,Smartphone,354.96,1.0,0.0,Debit Card,29.0,354.96,2025,2025-08,August
ORD14388,2025-04-04,North,Clothing,Cap,132.41,6.0,0.0,Credit Card,30.0,794.46,2025,2025-04,April
ORD10107,2024-01-23,South,Clothing,Cap,222.18,1.0,0.0,Credit Card,64.0,222.18,2024,2024-01,January
ORD14746,2025-01-08,West,Groceries,Cereal,284.49,5.0,0.0,Online Wallet,61.0,1422.45,2025,2025-01,January
ORD10120,2025-08-24,North,Clothing,Sneakers,460.33,2.0,0.0,Cash,51.0,920.66,2025,2025-08,August
ORD12523,2025-06-25,South,Toys,Puzzle,203.14,3.0,0.0,Cash,56.0,609.42,2025,2025-06,June
ORD13927,2024-03-06,South,Groceries,Snacks,129.36,1.0,0.0,Debit Card,56.0,129.36,2024,2024-03,March
ORD10364,2025-11-15,East,Toys,Action Figure,231.94,6.0,0.0,Cash,56.0,1391.6399999999999,2025,2025-11,November
ORD11426,2024-02-19,South,Toys,Rc Car,390.64,8.0,0.0,Debit Card,41.0,3125.12,2024,2024-02,February
ORD13413,2025-01-01,East,Furniture,Sofa,350.8,8.0,0.0,Debit Card,69.0,2806.4,2025,2025-01,January
ORD14375,2025-07-21,South,Clothing,Sneakers,94.56,4.0,10.0,Credit Card,64.0,340.416,2025,2025-07,July
ORD14627,2024-01-06,West,Furniture,Bookshelf,319.88,5.0,0.0,Cash,39.0,1599.4,2024,2024-01,January
ORD13067,2025-03-09,North,Groceries,Pasta,255.91,9.0,0.0,Debit Card,33.0,2303.19,2025,2025-03,March
ORD13917,2024-11-29,South,Groceries,Coffee,41.87,5.0,5.0,Online Wallet,42.0,198.8825,2024,2024-11,November
ORD11113,2024-06-21,East,Electronics,Headphones,120.36,8.0,0.0,Credit Card,49.0,962.88,2024,2024-06,June
ORD11416,2025-03-26,East,Toys,Lego Set,409.54,5.0,0.0,Online Wallet,20.0,2047.7,2025,2025-03,March
ORD13589,2025-11-20,West,Clothing,T-Shirt,430.44,1.0,0.0,Debit Card,26.0,430.44,2025,2025-11,November
ORD10791,2024-11-30,North,Clothing,T-Shirt,19.33,9.0,5.0,Online Wallet,52.0,165.27149999999997,2024,2024-11,November
ORD13624,2025-03-29,South,Furniture,Sofa,67.1,9.0,20.0,Online Wallet,55.0,483.12,2025,2025-03,March
ORD10700,2025-12-08,South,Furniture,Desk,494.48,8.0,0.0,Cash,57.0,3955.84,2025,2025-12,December
ORD12933,2024-05-15,West,Clothing,Jacket,119.02,2.0,0.0,Debit Card,20.0,238.04,2024,2024-05,May
ORD13031,2024-01-27,South,Groceries,Coffee,205.39,7.0,0.0,Online Wallet,51.0,1437.73,2024,2024-01,January
ORD11875,2025-04-11,North,Furniture,Sofa,189.79,4.0,0.0,Cash,31.0,759.16,2025,2025-04,April
ORD13273,2024-10-20,North,Furniture,Office Chair,138.5,8.0,10.0,Credit Card,67.0,997.2,2024,2024-10,October
ORD13398,2024-04-06,North,Clothing,Jeans,463.21,8.0,0.0,Debit Card,58.0,3705.68,2024,2024-04,April
ORD11121,2025-07-03,West,Toys,Puzzle,239.08,4.0,0.0,Online Wallet,34.0,956.32,2025,2025-07,July
ORD10770,2024-10-20,South,Furniture,Office Chair,398.85,4.0,5.0,Credit Card,21.0,1515.63,2024,2024-10,October
ORD13705,2025-01-30,West,Groceries,Cereal,390.71,5.0,0.0,Credit Card,56.0,1953.55,2025,2025-01,January
ORD11525,2024-02-13,South,Electronics,Headphones,306.3,3.0,0.0,Debit Card,28.0,918.9000000000001,2024,2024-02,February
ORD10055,2025-05-07,South,Furniture,Bed Frame,468.64,8.0,5.0,Credit Card,53.0,3561.6639999999998,2025,2025-05,May
ORD10115,2024-08-05,West,Furniture,Bookshelf,295.18,2.0,0.0,Cash,57.0,590.36,2024,2024-08,August
ORD13202,2024-06-29,South,Groceries,Juice,267.09,5.0,0.0,Online Wallet,25.0,1335.4499999999998,2024,2024-06,June
ORD12032,2024-01-08,East,Groceries,Juice,130.49,6.0,0.0,Credit Card,55.0,782.94,2024,2024-01,January
ORD13242,2024-05-16,North,Electronics,Headphones,281.77,9.0,0.0,Online Wallet,32.0,2535.93,2024,2024-05,May
ORD12912,2024-09-28,East,Clothing,T-Shirt,8.16,4.0,0.0,Debit Card,38.0,32.64,2024,2024-09,September
ORD11512,2025-08-16,West,Toys,Action Figure,144.22,5.0,0.0,Credit Card,57.0,721.1,2025,2025-08,August
ORD12106,2025-11-08,East,Clothing,Cap,462.5,2.0,5.0,Cash,37.0,878.75,2025,2025-11,November
ORD13925,2024-05-17,East,Furniture,Sofa,277.42,5.0,0.0,Online Wallet,22.0,1387.1000000000001,2024,2024-05,May
ORD14918,2025-01-01,South,Clothing,Sneakers,225.25,2.0,10.0,Credit Card,28.0,405.45,2025,2025-01,January
ORD10921,2024-01-22,South,Furniture,Bookshelf,82.52,9.0,0.0,Online Wallet,19.0,742.68,2024,2024-01,January
ORD11504,2024-11-07,South,Groceries,Coffee,447.79,7.0,0.0,Online Wallet,30.0,3134.53,2024,2024-11,November
ORD11300,2025-09-19,North,Toys,Puzzle,152.98,4.0,0.0,Credit Card,19.0,611.92,2025,2025-09,September
ORD10187,2024-01-02,West,Furniture,Desk,269.45,9.0,0.0,Credit Card,30.0,2425.0499999999997,2024,2024-01,January
ORD14168,2024-06-19,North,Clothing,Sneakers,286.63,9.0,0.0,Debit Card,21.0,2579.67,2024,2024-06,June
ORD12319,2025-03-22,North,Groceries,Pasta,304.1,7.0,0.0,Cash,60.0,2128.7000000000003,2025,2025-03,March
ORD12361,2024-09-25,West,Clothing,T-Shirt,33.19,7.0,0.0,Credit Card,31.0,232.32999999999998,2024,2024-09,September
ORD11620,2025-11-07,North,Furniture,Office Chair,196.28,8.0,5.0,Credit Card,46.0,1491.7279999999998,2025,2025-11,November
ORD12030,2025-05-20,North,Toys,Rc Car,132.27,6.0,0.0,Credit Card,18.0,793.6200000000001,2025,2025-05,May
ORD11403,2024-03-05,East,Electronics,Laptop,30.41,6.0,0.0,Debit Card,64.0,182.46,2024,2024-03,March
ORD11185,2024-01-01,West,Groceries,Pasta,182.39,8.0,0.0,Credit Card,39.0,1459.12,2024,2024-01,January
ORD14048,2025-06-13,East,Electronics,Smartphone,34.62,1.0,0.0,Online Wallet,57.0,34.62,2025,2025-06,June
ORD12424,2025-01-29,North,Furniture,Bookshelf,56.65,6.0,0.0,Debit Card,41.0,339.9,2025,2025-01,January
ORD11791,2024-12-10,South,Groceries,Pasta,239.18,4.0,5.0,Debit Card,34.0,908.884,2024,2024-12,December
ORD11989,2025-05-28,South,Groceries,Snacks,15.59,2.0,15.0,Online Wallet,28.0,26.503,2025,2025-05,May
ORD11885,2025-06-10,North,Groceries,Snacks,139.38,8.0,15.0,Cash,22.0,947.784,2025,2025-06,June
ORD10236,2024-02-27,North,Clothing,Sneakers,169.84,6.0,0.0,Online Wallet,19.0,1019.04,2024,2024-02,February
ORD11381,2025-06-24,East,Electronics,Smartphone,448.8,3.0,5.0,Debit Card,55.0,1279.08,2025,2025-06,June
ORD13740,2024-06-11,West,Groceries,Juice,172.41,5.0,0.0,Debit Card,50.0,862.05,2024,2024-06,June
ORD10311,2024-09-16,North,Groceries,Cereal,400.3,6.0,10.0,Credit Card,29.0,2161.6200000000003,2024,2024-09,September
ORD11162,2025-06-16,East,Electronics,Tablet,443.04,1.0,0.0,Cash,40.0,443.04,2025,2025-06,June
ORD12711,2024-03-01,West,Clothing,Cap,205.71,9.0,0.0,Credit Card,37.0,1851.39,2024,2024-03,March
ORD10607,2025-01-06,North,Furniture,Bed Frame,324.23,1.0,0.0,Cash,34.0,324.23,2025,2025-01,January
ORD10846,2024-08-25,West,Furniture,Sofa,236.17,1.0,20.0,Cash,64.0,188.936,2024,2024-08,August
ORD11413,2024-06-26,West,Furniture,Bookshelf,396.89,8.0,0.0,Debit Card,19.0,3175.12,2024,2024-06,June
ORD14277,2024-11-24,South,Clothing,T-Shirt,60.72,6.0,0.0,Cash,37.0,364.32,2024,2024-11,November
ORD12937,2024-03-02,North,Electronics,Laptop,121.7,6.0,0.0,Online Wallet,18.0,730.2,2024,2024-03,March
ORD10563,2025-12-10,South,Furniture,Sofa,328.81,2.0,20.0,Credit Card,31.0,526.096,2025,2025-12,December
ORD10418,2024-03-22,East,Groceries,Pasta,330.03,2.0,15.0,Debit Card,62.0,561.0509999999999,2024,2024-03,March
ORD14759,2025-09-03,East,Furniture,Sofa,484.0,4.0,0.0,Credit Card,47.0,1936.0,2025,2025-09,September
ORD11563,2024-12-11,South,Toys,Action Figure,358.83,1.0,10.0,Debit Card,65.0,322.947,2024,2024-12,December
ORD12756,2025-01-19,North,Toys,Lego Set,142.89,4.0,10.0,Debit Card,46.0,514.404,2025,2025-01,January
ORD14073,2024-09-12,East,Toys,Puzzle,427.32,3.0,10.0,Credit Card,55.0,1153.7640000000001,2024,2024-09,September
ORD14416,2024-11-04,East,Furniture,Bookshelf,324.9,5.0,0.0,Debit Card,30.0,1624.5,2024,2024-11,November
ORD13619,2025-01-26,South,Groceries,Coffee,285.63,5.0,10.0,Debit Card,55.0,1285.335,2025,2025-01,January
ORD10437,2025-12-28,East,Furniture,Bed Frame,353.91,3.0,5.0,Credit Card,66.0,1008.6435,2025,2025-12,December
ORD10518,2024-07-10,South,Groceries,Cereal,153.19,8.0,0.0,Cash,45.0,1225.52,2024,2024-07,July
ORD14269,2025-12-01,East,Furniture,Office Chair,21.82,1.0,0.0,Cash,63.0,21.82,2025,2025-12,December
ORD11020,2024-09-01,West,Toys,Action Figure,194.45,6.0,0.0,Credit Card,50.0,1166.6999999999998,2024,2024-09,September
ORD10993,2025-09-08,North,Electronics,Tablet,92.89,2.0,20.0,Online Wallet,66.0,148.624,2025,2025-09,September
ORD14198,2024-09-19,West,Toys,Lego Set,339.37,9.0,0.0,Cash,23.0,3054.33,2024,2024-09,September
ORD14640,2025-03-01,South,Electronics,Laptop,385.65,7.0,0.0,Cash,47.0,2699.5499999999997,2025,2025-03,March
ORD11937,2024-11-23,West,Clothing,Sneakers,495.59,2.0,0.0,Online Wallet,32.0,991.18,2024,2024-11,November
ORD13126,2025-07-02,South,Toys,Rc Car,331.18,9.0,0.0,Cash,48.0,2980.62,2025,2025-07,July
ORD14923,2025-03-10,West,Furniture,Desk,452.84,8.0,0.0,Credit Card,56.0,3622.72,2025,2025-03,March
ORD12610,2025-10-14,West,Clothing,Sneakers,238.46,6.0,0.0,Credit Card,39.0,1430.76,2025,2025-10,October
ORD12388,2025-03-10,South,Toys,Rc Car,250.35,3.0,20.0,Debit Card,50.0,600.84,2025,2025-03,March
ORD13022,2024-04-05,South,Furniture,Bookshelf,202.08,1.0,0.0,Online Wallet,54.0,202.08,2024,2024-04,April
ORD10534,2024-10-12,East,Furniture,Desk,499.78,2.0,0.0,Debit Card,35.0,999.56,2024,2024-10,October
ORD13422,2024-03-10,East,Toys,Lego Set,77.57,9.0,0.0,Credit Card,50.0,698.1299999999999,2024,2024-03,March
ORD11488,2025-12-08,West,Clothing,T-Shirt,242.73,7.0,0.0,Debit Card,65.0,1699.11,2025,2025-12,December
ORD14267,2025-03-22,West,Clothing,Sneakers,188.45,4.0,15.0,Cash,67.0,640.7299999999999,2025,2025-03,March
ORD11335,2025-11-30,West,Toys,Puzzle,455.89,7.0,0.0,Debit Card,23.0,3191.23,2025,2025-11,November
ORD13121,2024-05-28,East,Electronics,Laptop,254.35,8.0,5.0,Online Wallet,28.0,1933.06,2024,2024-05,May
ORD14190,2025-11-03,South,Clothing,T-Shirt,475.21,5.0,0.0,Cash,38.0,2376.0499999999997,2025,2025-11,November
ORD10175,2024-08-14,West,Toys,Lego Set,299.23,7.0,0.0,Credit Card,23.0,2094.61,2024,2024-08,August
ORD14140,2024-09-14,West,Furniture,Desk,189.25,5.0,10.0,Cash,50.0,851.625,2024,2024-09,September
ORD13466,2024-02-02,East,Toys,Rc Car,225.3,5.0,0.0,Online Wallet,68.0,1126.5,2024,2024-02,February
ORD12652,2024-05-25,South,Toys,Lego Set,255.37,1.0,0.0,Debit Card,66.0,255.37,2024,2024-05,May
ORD14595,2024-03-31,North,Clothing,Jeans,250.53,5.0,10.0,Cash,59.0,1127.3850000000002,2024,2024-03,March
ORD10946,2025-10-10,North,Clothing,Sneakers,477.44,6.0,0.0,Online Wallet,25.0,2864.64,2025,2025-10,October
ORD12821,2024-12-23,North,Groceries,Snacks,218.73,9.0,0.0,Credit Card,26.0,1968.57,2024,2024-12,December
ORD11548,2024-01-27,East,Groceries,Juice,356.46,1.0,0.0,Online Wallet,67.0,356.46,2024,2024-01,January
ORD11554,2024-09-14,West,Groceries,Juice,33.07,8.0,0.0,Debit Card,26.0,264.56,2024,2024-09,September
ORD10616,2024-10-25,East,Clothing,Jeans,142.53,9.0,0.0,Cash,65.0,1282.77,2024,2024-10,October
ORD13747,2024-02-03,North,Groceries,Snacks,281.31,8.0,0.0,Credit Card,18.0,2250.48,2024,2024-02,February
ORD10955,2024-11-22,South,Electronics,Smartwatch,44.63,8.0,0.0,Online Wallet,52.0,357.04,2024,2024-11,November
ORD10194,2024-11-07,West,Clothing,Cap,487.52,3.0,0.0,Cash,44.0,1462.56,2024,2024-11,November
ORD10909,2025-09-03,West,Furniture,Bookshelf,287.98,2.0,0.0,Cash,46.0,575.96,2025,2025-09,September
ORD13445,2025-05-11,South,Furniture,Bed Frame,186.65,2.0,0.0,Credit Card,48.0,373.3,2025,2025-05,May
ORD12000,2025-06-02,East,Furniture,Bookshelf,128.59,4.0,0.0,Debit Card,27.0,514.36,2025,2025-06,June
ORD14655,2024-11-24,North,Clothing,Jacket,427.92,1.0,0.0,Debit Card,37.0,427.92,2024,2024-11,November
ORD11686,2024-04-21,North,Electronics,Smartphone,72.63,9.0,0.0,Credit Card,68.0,653.67,2024,2024-04,April
ORD14216,2025-05-21,North,Groceries,Pasta,453.97,4.0,0.0,Debit Card,46.0,1815.88,2025,2025-05,May
ORD10368,2024-12-30,East,Groceries,Cereal,240.86,9.0,0.0,Credit Card,34.0,2167.7400000000002,2024,2024-12,December
ORD12984,2024-01-01,East,Furniture,Office Chair,77.12,3.0,0.0,Debit Card,69.0,231.36,2024,2024-01,January
ORD14297,2024-07-18,West,Electronics,Headphones,59.41,5.0,0.0,Online Wallet,38.0,297.04999999999995,2024,2024-07,July
ORD13570,2024-02-11,East,Electronics,Laptop,489.32,9.0,0.0,Debit Card,41.0,4403.88,2024,2024-02,February
ORD14036,2024-04-30,West,Toys,Rc Car,15.93,8.0,15.0,Credit Card,65.0,108.324,2024,2024-04,April
ORD13211,2024-08-28,North,Clothing,Sneakers,295.21,5.0,0.0,Cash,44.0,1476.05,2024,2024-08,August
ORD14978,2025-09-25,South,Groceries,Pasta,171.91,9.0,0.0,Cash,63.0,1547.19,2025,2025-09,September
ORD13642,2024-01-24,South,Electronics,Laptop,246.24,2.0,10.0,Online Wallet,54.0,443.232,2024,2024-01,January
ORD12304,2024-04-04,South,Toys,Rc Car,474.85,4.0,5.0,Cash,31.0,1804.43,2024,2024-04,April
ORD10216,2024-12-30,East,Toys,Puzzle,409.83,8.0,0.0,Cash,42.0,3278.64,2024,2024-12,December
ORD11375,2024-10-08,West,Toys,Lego Set,284.24,3.0,0.0,Debit Card,62.0,852.72,2024,2024-10,October
ORD14380,2024-09-29,West,Electronics,Laptop,454.2,1.0,0.0,Cash,24.0,454.2,2024,2024-09,September
ORD14722,2025-01-23,West,Furniture,Bed Frame,10.08,1.0,0.0,Credit Card,61.0,10.08,2025,2025-01,January
ORD13517,2025-04-15,East,Toys,Action Figure,227.9,1.0,0.0,Online Wallet,44.0,227.9,2025,2025-04,April
ORD11055,2024-09-09,West,Groceries,Snacks,244.09,3.0,0.0,Cash,36.0,732.27,2024,2024-09,September
ORD13079,2025-07-10,North,Groceries,Cereal,344.16,8.0,15.0,Credit Card,23.0,2340.288,2025,2025-07,July
ORD11342,2024-05-04,North,Clothing,T-Shirt,417.9,7.0,0.0,Online Wallet,51.0,2925.2999999999997,2024,2024-05,May
ORD14394,2024-09-22,South,Clothing,Jacket,235.11,9.0,0.0,Cash,59.0,2115.9900000000002,2024,2024-09,September
ORD14449,2025-01-06,East,Electronics,Tablet,63.53,7.0,10.0,Cash,49.0,400.23900000000003,2025,2025-01,January
ORD13687,2025-02-05,East,Electronics,Smartphone,17.5,9.0,5.0,Cash,44.0,149.625,2025,2025-02,February
ORD11884,2024-11-06,South,Clothing,T-Shirt,358.98,2.0,0.0,Credit Card,20.0,717.96,2024,2024-11,November
ORD10460,2025-08-11,East,Groceries,Cereal,394.45,3.0,0.0,Credit Card,44.0,1183.35,2025,2025-08,August
ORD12065,2025-10-04,West,Toys,Action Figure,363.86,7.0,0.0,Cash,27.0,2547.02,2025,2025-10,October
ORD12565,2025-01-29,East,Groceries,Snacks,452.47,5.0,15.0,Credit Card,21.0,1922.9975000000002,2025,2025-01,January
ORD11135,2024-08-10,East,Groceries,Cereal,50.53,7.0,0.0,Debit Card,27.0,353.71000000000004,2024,2024-08,August
ORD10267,2025-10-09,East,Groceries,Coffee,385.77,9.0,20.0,Cash,67.0,2777.544,2025,2025-10,October
ORD11370,2025-07-21,West,Furniture,Bookshelf,273.05,9.0,0.0,Cash,43.0,2457.4500000000003,2025,2025-07,July
ORD12070,2024-12-01,North,Furniture,Desk,79.98,6.0,0.0,Online Wallet,52.0,479.88,2024,2024-12,December
ORD12632,2025-02-10,West,Clothing,Cap,82.7,9.0,0.0,Credit Card,57.0,744.3000000000001,2025,2025-02,February
ORD12717,2024-04-22,West,Electronics,Smartphone,469.51,6.0,0.0,Online Wallet,54.0,2817.06,2024,2024-04,April
ORD14194,2024-01-10,South,Clothing,Jacket,269.39,3.0,0.0,Cash,66.0,808.17,2024,2024-01,January
ORD10817,2024-07-07,West,Toys,Rc Car,42.26,7.0,0.0,Credit Card,55.0,295.82,2024,2024-07,July
ORD10769,2024-09-07,West,Furniture,Office Chair,33.41,3.0,0.0,Debit Card,56.0,100.22999999999999,2024,2024-09,September
ORD13003,2025-01-02,West,Groceries,Juice,59.59,5.0,15.0,Debit Card,61.0,253.25750000000002,2025,2025-01,January
ORD11304,2025-05-25,East,Toys,Rc Car,71.32,2.0,0.0,Cash,28.0,142.64,2025,2025-05,May
ORD12822,2025-05-25,West,Clothing,T-Shirt,498.51,8.0,0.0,Online Wallet,42.0,3988.08,2025,2025-05,May
ORD14517,2025-08-02,North,Groceries,Snacks,304.26,9.0,5.0,Credit Card,52.0,2601.4230000000002,2025,2025-08,August
ORD13357,2024-05-13,East,Groceries,Snacks,303.21,4.0,0.0,Credit Card,55.0,1212.84,2024,2024-05,May
ORD10234,2025-11-06,North,Groceries,Pasta,99.97,8.0,0.0,Debit Card,58.0,799.76,2025,2025-11,November
ORD12818,2025-10-24,West,Groceries,Pasta,243.54,4.0,0.0,Debit Card,33.0,974.16,2025,2025-10,October
ORD12378,2024-02-14,East,Groceries,Coffee,27.73,6.0,0.0,Credit Card,22.0,166.38,2024,2024-02,February
ORD13239,2025-05-05,South,Clothing,T-Shirt,449.29,8.0,0.0,Credit Card,59.0,3594.32,2025,2025-05,May
ORD12650,2025-04-23,West,Groceries,Pasta,492.0,1.0,0.0,Credit Card,41.0,492.0,2025,2025-04,April
ORD12139,2025-03-16,West,Clothing,T-Shirt,49.06,1.0,5.0,Online Wallet,65.0,46.607,2025,2025-03,March
ORD10210,2025-10-30,North,Furniture,Bed Frame,224.66,5.0,20.0,Cash,51.0,898.64,2025,2025-10,October
ORD10671,2025-04-29,East,Toys,Board Game,73.37,4.0,0.0,Online Wallet,54.0,293.48,2025,2025-04,April
ORD13458,2024-09-06,West,Toys,Lego Set,173.3,6.0,0.0,Online Wallet,55.0,1039.8000000000002,2024,2024-09,September
ORD13565,2025-09-17,West,Toys,Rc Car,217.95,4.0,0.0,Debit Card,58.0,871.8,2025,2025-09,September
ORD10438,2025-03-28,North,Clothing,Cap,360.63,6.0,0.0,Online Wallet,52.0,2163.7799999999997,2025,2025-03,March
ORD13670,2024-10-29,North,Groceries,Pasta,55.19,8.0,0.0,Online Wallet,57.0,441.52,2024,2024-10,October
ORD11399,2025-01-09,East,Groceries,Pasta,21.55,8.0,0.0,Credit Card,20.0,172.4,2025,2025-01,January
ORD13745,2025-12-05,South,Electronics,Tablet,187.05,2.0,0.0,Credit Card,19.0,374.1,2025,2025-12,December
ORD12234,2025-10-06,West,Toys,Lego Set,235.67,9.0,0.0,Debit Card,31.0,2121.0299999999997,2025,2025-10,October
ORD10880,2024-08-07,East,Electronics,Smartwatch,270.55,7.0,0.0,Online Wallet,58.0,1893.8500000000001,2024,2024-08,August
ORD12888,2024-03-16,East,Toys,Lego Set,235.8,4.0,5.0,Online Wallet,24.0,896.04,2024,2024-03,March
ORD13770,2025-04-16,North,Groceries,Pasta,27.81,3.0,0.0,Online Wallet,29.0,83.42999999999999,2025,2025-04,April
ORD13611,2025-12-18,North,Clothing,T-Shirt,235.95,9.0,0.0,Credit Card,32.0,2123.5499999999997,2025,2025-12,December
ORD11008,2025-02-17,East,Electronics,Smartwatch,496.08,7.0,0.0,Debit Card,42.0,3472.56,2025,2025-02,February
ORD14592,2025-12-04,North,Clothing,T-Shirt,199.96,3.0,10.0,Cash,34.0,539.892,2025,2025-12,December
ORD14844,2025-10-14,South,Clothing,Cap,58.42,6.0,0.0,Debit Card,45.0,350.52,2025,2025-10,October
ORD14757,2025-06-08,East,Furniture,Bed Frame,54.01,3.0,0.0,Cash,22.0,162.03,2025,2025-06,June
ORD11977,2024-09-10,South,Furniture,Bed Frame,399.19,6.0,0.0,Debit Card,35.0,2395.14,2024,2024-09,September
ORD14038,2025-10-12,North,Electronics,Tablet,346.55,6.0,15.0,Online Wallet,61.0,1767.4050000000002,2025,2025-10,October
ORD11637,2024-07-20,West,Groceries,Cereal,167.9,6.0,0.0,Credit Card,38.0,1007.4000000000001,2024,2024-07,July
ORD14856,2025-02-11,South,Groceries,Juice,299.44,2.0,0.0,Cash,34.0,598.88,2025,2025-02,February
ORD11743,2024-07-06,North,Electronics,Headphones,232.96,4.0,10.0,Online Wallet,24.0,838.6560000000001,2024,2024-07,July
ORD13941,2024-09-06,North,Toys,Board Game,393.8,1.0,0.0,Debit Card,54.0,393.8,2024,2024-09,September
ORD12644,2025-03-26,South,Groceries,Pasta,215.64,7.0,0.0,Cash,21.0,1509.48,2025,2025-03,March
ORD13501,2025-04-17,East,Electronics,Smartphone,157.59,9.0,0.0,Online Wallet,43.0,1418.31,2025,2025-04,April
ORD14670,2025-04-17,South,Toys,Rc Car,259.11,8.0,0.0,Online Wallet,50.0,2072.88,2025,2025-04,April
ORD13196,2024-08-14,West,Furniture,Desk,77.97,4.0,0.0,Debit Card,54.0,311.88,2024,2024-08,August
ORD12764,2025-04-28,East,Electronics,Tablet,158.44,9.0,0.0,Online Wallet,35.0,1425.96,2025,2025-04,April
ORD13116,2024-03-17,East,Toys,Board Game,63.75,2.0,0.0,Debit Card,68.0,127.5,2024,2024-03,March
ORD13997,2024-09-03,West,Groceries,Juice,411.84,2.0,0.0,Online Wallet,42.0,823.68,2024,2024-09,September
ORD12527,2025-04-08,West,Groceries,Cereal,295.43,4.0,0.0,Debit Card,19.0,1181.72,2025,2025-04,April
ORD14847,2024-06-28,West,Furniture,Bookshelf,253.86,4.0,0.0,Online Wallet,34.0,1015.44,2024,2024-06,June
ORD14075,2025-06-01,South,Clothing,Jacket,342.76,8.0,0.0,Online Wallet,64.0,2742.08,2025,2025-06,June
ORD14732,2025-04-15,West,Electronics,Tablet,327.16,1.0,20.0,Online Wallet,39.0,261.728,2025,2025-04,April
ORD13138,2024-02-05,East,Toys,Puzzle,109.24,6.0,0.0,Cash,46.0,655.4399999999999,2024,2024-02,February
ORD11814,2025-06-30,North,Furniture,Bed Frame,320.63,2.0,0.0,Cash,36.0,641.26,2025,2025-06,June
ORD12365,2024-03-08,South,Furniture,Office Chair,302.83,9.0,0.0,Credit Card,44.0,2725.47,2024,2024-03,March
ORD13721,2024-02-11,West,Electronics,Smartphone,183.41,6.0,0.0,Cash,46.0,1100.46,2024,2024-02,February
ORD11734,2025-11-09,South,Furniture,Desk,371.15,7.0,0.0,Credit Card,63.0,2598.0499999999997,2025,2025-11,November
ORD10396,2025-02-12,East,Groceries,Pasta,481.93,6.0,5.0,Cash,45.0,2747.0009999999997,2025,2025-02,February
ORD12126,2025-01-01,East,Clothing,T-Shirt,467.41,6.0,0.0,Debit Card,69.0,2804.46,2025,2025-01,January
ORD13695,2025-02-07,East,Clothing,T-Shirt,149.71,2.0,5.0,Online Wallet,58.0,284.449,2025,2025-02,February
ORD11495,2024-06-29,West,Toys,Board Game,492.97,3.0,0.0,Debit Card,68.0,1478.91,2024,2024-06,June
ORD12226,2024-12-26,West,Toys,Board Game,398.8,5.0,0.0,Credit Card,42.0,1994.0,2024,2024-12,December
ORD12730,2025-02-18,South,Furniture,Bed Frame,417.27,8.0,0.0,Debit Card,57.0,3338.16,2025,2025-02,February
ORD12263,2025-06-08,East,Groceries,Coffee,321.07,7.0,0.0,Credit Card,34.0,2247.49,2025,2025-06,June
ORD14147,2025-09-01,North,Toys,Action Figure,109.05,2.0,5.0,Cash,21.0,207.195,2025,2025-09,September
ORD11352,2025-01-31,North,Furniture,Office Chair,6.87,3.0,0.0,Online Wallet,55.0,20.61,2025,2025-01,January
ORD10613,2024-07-22,West,Toys,Board Game,288.46,4.0,5.0,Online Wallet,68.0,1096.148,2024,2024-07,July
ORD10290,2025-07-16,East,Toys,Puzzle,470.64,3.0,0.0,Cash,22.0,1411.92,2025,2025-07,July
ORD12698,2025-10-18,West,Groceries,Juice,455.23,5.0,10.0,Debit Card,49.0,2048.5350000000003,2025,2025-10,October
ORD14444,2025-05-13,North,Groceries,Pasta,50.97,4.0,0.0,Debit Card,34.0,203.88,2025,2025-05,May
ORD10990,2025-08-11,West,Groceries,Pasta,472.17,2.0,10.0,Online Wallet,19.0,849.9060000000001,2025,2025-08,August
ORD13793,2024-08-12,South,Groceries,Juice,445.85,1.0,0.0,Cash,54.0,445.85,2024,2024-08,August
ORD14130,2025-02-02,North,Electronics,Smartphone,262.06,6.0,0.0,Online Wallet,42.0,1572.3600000000001,2025,2025-02,February
ORD14874,2025-08-03,North,Electronics,Laptop,23.63,8.0,0.0,Credit Card,52.0,189.04,2025,2025-08,August
ORD11660,2025-09-07,North,Toys,Board Game,303.44,2.0,0.0,Online Wallet,54.0,606.88,2025,2025-09,September
ORD13203,2024-02-21,East,Electronics,Tablet,142.7,5.0,0.0,Online Wallet,67.0,713.5,2024,2024-02,February
ORD13474,2024-08-24,East,Groceries,Snacks,470.79,2.0,15.0,Credit Card,20.0,800.343,2024,2024-08,August
ORD10650,2025-08-10,East,Toys,Action Figure,41.0,2.0,0.0,Cash,28.0,82.0,2025,2025-08,August
ORD14231,2024-09-29,East,Clothing,Sneakers,168.92,8.0,0.0,Online Wallet,45.0,1351.36,2024,2024-09,September
ORD12769,2024-06-21,South,Groceries,Snacks,218.24,6.0,0.0,Cash,44.0,1309.44,2024,2024-06,June
ORD11642,2024-09-17,East,Groceries,Pasta,246.59,2.0,0.0,Credit Card,22.0,493.18,2024,2024-09,September
ORD11546,2025-04-12,North,Clothing,Sneakers,159.0,3.0,0.0,Credit Card,40.0,477.0,2025,2025-04,April
ORD10730,2024-05-27,South,Toys,Lego Set,97.28,9.0,0.0,Debit Card,43.0,875.52,2024,2024-05,May
ORD11783,2025-12-26,South,Groceries,Pasta,277.24,5.0,0.0,Cash,18.0,1386.2,2025,2025-12,December
ORD10345,2025-03-25,South,Toys,Puzzle,444.58,2.0,0.0,Credit Card,56.0,889.16,2025,2025-03,March
ORD11714,2024-11-27,North,Furniture,Office Chair,433.06,4.0,0.0,Cash,46.0,1732.24,2024,2024-11,November
ORD13277,2025-02-05,North,Furniture,Office Chair,480.02,1.0,5.0,Credit Card,33.0,456.01899999999995,2025,2025-02,February
ORD14070,2024-05-30,South,Furniture,Bookshelf,136.41,3.0,0.0,Online Wallet,19.0,409.23,2024,2024-05,May
ORD13909,2025-03-21,West,Toys,Puzzle,124.59,7.0,0.0,Debit Card,31.0,872.13,2025,2025-03,March
ORD13807,2025-06-17,North,Electronics,Laptop,422.56,6.0,0.0,Online Wallet,61.0,2535.36,2025,2025-06,June
ORD13972,2024-11-02,South,Groceries,Coffee,100.86,9.0,5.0,Debit Card,23.0,862.353,2024,2024-11,November
ORD11518,2024-02-24,North,Furniture,Sofa,145.91,8.0,0.0,Credit Card,20.0,1167.28,2024,2024-02,February
ORD12907,2025-10-17,West,Toys,Lego Set,112.48,2.0,0.0,Debit Card,36.0,224.96,2025,2025-10,October
ORD10913,2025-11-05,South,Furniture,Bookshelf,384.8,2.0,0.0,Online Wallet,41.0,769.6,2025,2025-11,November
ORD13095,2025-09-29,East,Electronics,Smartphone,417.08,2.0,5.0,Online Wallet,60.0,792.4519999999999,2025,2025-09,September
ORD10794,2025-11-09,East,Groceries,Snacks,436.9,2.0,10.0,Debit Card,48.0,786.42,2025,2025-11,November
ORD10960,2025-09-06,East,Toys,Action Figure,434.64,7.0,5.0,Online Wallet,23.0,2890.3559999999998,2025,2025-09,September
ORD10392,2024-01-28,East,Groceries,Snacks,487.42,5.0,0.0,Debit Card,18.0,2437.1,2024,2024-01,January
ORD14850,2024-01-25,South,Electronics,Headphones,192.03,7.0,0.0,Online Wallet,66.0,1344.21,2024,2024-01,January
ORD10268,2025-01-16,West,Clothing,T-Shirt,134.05,9.0,0.0,Debit Card,67.0,1206.45,2025,2025-01,January
ORD10342,2024-10-27,West,Groceries,Pasta,360.62,5.0,0.0,Cash,63.0,1803.1,2024,2024-10,October
ORD11409,2025-09-10,East,Toys,Lego Set,486.1,2.0,10.0,Debit Card,55.0,874.98,2025,2025-09,September
ORD14018,2025-03-01,North,Electronics,Smartphone,369.95,2.0,0.0,Credit Card,22.0,739.9,2025,2025-03,March
ORD13185,2024-12-14,East,Clothing,Sneakers,287.2,6.0,0.0,Credit Card,25.0,1723.1999999999998,2024,2024-12,December
ORD11584,2025-09-11,East,Furniture,Sofa,153.97,3.0,0.0,Credit Card,28.0,461.90999999999997,2025,2025-09,September
ORD13958,2025-03-31,South,Electronics,Headphones,465.97,2.0,0.0,Online Wallet,36.0,931.94,2025,2025-03,March
ORD11441,2024-04-25,North,Toys,Board Game,441.67,9.0,5.0,Online Wallet,19.0,3776.2785,2024,2024-04,April
ORD12043,2025-04-13,East,Electronics,Headphones,171.07,9.0,0.0,Cash,28.0,1539.6299999999999,2025,2025-04,April
ORD10893,2025-12-08,North,Furniture,Sofa,489.27,8.0,15.0,Cash,33.0,3327.0359999999996,2025,2025-12,December
ORD10695,2024-09-21,North,Toys,Action Figure,279.14,6.0,10.0,Debit Card,51.0,1507.356,2024,2024-09,September
ORD13244,2025-07-31,South,Furniture,Bookshelf,90.59,7.0,0.0,Cash,52.0,634.13,2025,2025-07,July
ORD12615,2024-03-01,South,Clothing,Sneakers,321.65,5.0,0.0,Cash,58.0,1608.25,2024,2024-03,March
ORD13223,2025-08-20,East,Groceries,Juice,94.75,6.0,5.0,Online Wallet,32.0,540.0749999999999,2025,2025-08,August
ORD11395,2024-10-30,North,Groceries,Snacks,141.66,6.0,0.0,Debit Card,30.0,849.96,2024,2024-10,October
ORD14995,2025-11-12,West,Groceries,Pasta,244.16,8.0,0.0,Cash,46.0,1953.28,2025,2025-11,November
ORD13350,2025-07-14,North,Clothing,Jacket,424.15,8.0,0.0,Online Wallet,51.0,3393.2,2025,2025-07,July
ORD12597,2025-11-08,South,Electronics,Tablet,100.6,1.0,15.0,Debit Card,24.0,85.50999999999999,2025,2025-11,November
ORD10443,2024-02-19,South,Clothing,T-Shirt,219.22,3.0,0.0,Cash,19.0,657.66,2024,2024-02,February
ORD12075,2024-10-19,North,Electronics,Laptop,89.36,5.0,0.0,Online Wallet,53.0,446.8,2024,2024-10,October
ORD11501,2025-09-23,South,Clothing,Cap,416.55,7.0,0.0,Credit Card,48.0,2915.85,2025,2025-09,September
ORD11715,2025-05-05,East,Clothing,Sneakers,485.24,5.0,0.0,Credit Card,24.0,2426.2,2025,2025-05,May
ORD13020,2025-06-16,North,Groceries,Coffee,482.19,9.0,0.0,Cash,52.0,4339.71,2025,2025-06,June
ORD14911,2024-12-05,West,Furniture,Sofa,176.59,1.0,10.0,Cash,42.0,158.931,2024,2024-12,December
ORD14093,2025-03-23,West,Electronics,Headphones,271.17,4.0,0.0,Cash,55.0,1084.68,2025,2025-03,March
ORD12273,2025-07-02,West,Groceries,Coffee,106.69,6.0,0.0,Credit Card,24.0,640.14,2025,2025-07,July
ORD10495,2024-12-05,North,Groceries,Snacks,187.33,8.0,0.0,Cash,39.0,1498.64,2024,2024-12,December
ORD12328,2025-06-13,South,Clothing,Sneakers,136.14,2.0,0.0,Credit Card,49.0,272.28,2025,2025-06,June
ORD12646,2024-07-11,North,Clothing,Sneakers,416.24,4.0,10.0,Debit Card,26.0,1498.4640000000002,2024,2024-07,July
ORD12857,2024-01-08,West,Electronics,Smartphone,286.94,2.0,0.0,Debit Card,64.0,573.88,2024,2024-01,January
ORD14385,2024-09-10,East,Toys,Puzzle,125.52,9.0,0.0,Cash,66.0,1129.68,2024,2024-09,September
ORD11268,2025-10-19,East,Groceries,Coffee,15.1,2.0,5.0,Credit Card,43.0,28.689999999999998,2025,2025-10,October
ORD14055,2025-10-17,West,Electronics,Smartphone,226.34,9.0,5.0,Debit Card,46.0,1935.2069999999999,2025,2025-10,October
ORD14842,2025-08-21,South,Furniture,Bed Frame,22.46,4.0,0.0,Online Wallet,43.0,89.84,2025,2025-08,August
ORD12076,2025-04-18,West,Clothing,T-Shirt,438.77,9.0,0.0,Online Wallet,24.0,3948.93,2025,2025-04,April
ORD10054,2025-08-27,West,Electronics,Smartphone,423.21,2.0,0.0,Cash,21.0,846.42,2025,2025-08,August
ORD12132,2025-07-28,North,Electronics,Smartphone,491.91,2.0,0.0,Debit Card,65.0,983.82,2025,2025-07,July
ORD12488,2024-09-18,South,Furniture,Bookshelf,445.09,7.0,10.0,Online Wallet,53.0,2804.0669999999996,2024,2024-09,September
ORD12051,2024-04-20,North,Clothing,Jeans,369.77,6.0,0.0,Cash,26.0,2218.62,2024,2024-04,April
ORD14594,2024-03-22,North,Clothing,Sneakers,468.17,9.0,0.0,Online Wallet,47.0,4213.53,2024,2024-03,March
ORD13986,2024-01-12,South,Furniture,Bed Frame,314.12,3.0,5.0,Debit Card,25.0,895.242,2024,2024-01,January
ORD13456,2024-11-23,North,Electronics,Headphones,52.5,2.0,0.0,Online Wallet,69.0,105.0,2024,2024-11,November
ORD11865,2025-08-03,North,Groceries,Cereal,308.58,4.0,0.0,Online Wallet,69.0,1234.32,2025,2025-08,August
ORD10632,2025-08-04,South,Furniture,Bed Frame,303.65,8.0,0.0,Credit Card,35.0,2429.2,2025,2025-08,August
ORD10577,2025-05-04,South,Electronics,Smartphone,46.64,7.0,10.0,Credit Card,31.0,293.83200000000005,2025,2025-05,May
ORD12514,2025-08-04,South,Furniture,Bookshelf,233.46,6.0,0.0,Online Wallet,52.0,1400.76,2025,2025-08,August
ORD11892,2024-02-03,North,Electronics,Laptop,111.88,8.0,0.0,Online Wallet,23.0,895.04,2024,2024-02,February
ORD11444,2025-10-01,North,Toys,Puzzle,313.37,9.0,0.0,Cash,26.0,2820.33,2025,2025-10,October
ORD10787,2024-11-24,East,Furniture,Desk,12.03,2.0,0.0,Online Wallet,36.0,24.06,2024,2024-11,November
ORD11080,2025-09-22,South,Groceries,Juice,247.21,3.0,0.0,Debit Card,60.0,741.63,2025,2025-09,September
ORD12945,2025-05-17,East,Toys,Action Figure,354.92,2.0,5.0,Online Wallet,45.0,674.348,2025,2025-05,May
ORD10233,2025-06-14,South,Clothing,Sneakers,303.59,6.0,0.0,Cash,62.0,1821.54,2025,2025-06,June
ORD14938,2024-12-19,East,Groceries,Cereal,15.7,4.0,0.0,Online Wallet,56.0,62.8,2024,2024-12,December
ORD14317,2024-02-05,East,Electronics,Headphones,477.25,9.0,0.0,Cash,44.0,4295.25,2024,2024-02,February
ORD13210,2024-08-18,East,Groceries,Pasta,226.43,8.0,0.0,Online Wallet,33.0,1811.44,2024,2024-08,August
ORD13267,2024-02-05,West,Toys,Lego Set,131.19,1.0,0.0,Debit Card,65.0,131.19,2024,2024-02,February
ORD14698,2025-05-01,North,Groceries,Juice,280.56,7.0,20.0,Credit Card,68.0,1571.1360000000002,2025,2025-05,May
ORD11893,2024-08-28,West,Toys,Lego Set,213.28,8.0,5.0,Cash,69.0,1620.9279999999999,2024,2024-08,August
ORD10784,2025-03-01,East,Electronics,Smartwatch,291.38,9.0,0.0,Credit Card,62.0,2622.42,2025,2025-03,March
ORD14144,2025-07-26,East,Toys,Action Figure,192.46,7.0,0.0,Online Wallet,56.0,1347.22,2025,2025-07,July
ORD13378,2025-11-13,South,Furniture,Bookshelf,285.75,4.0,0.0,Credit Card,57.0,1143.0,2025,2025-11,November
ORD10785,2025-11-14,West,Toys,Lego Set,48.05,5.0,0.0,Online Wallet,40.0,240.25,2025,2025-11,November
ORD10524,2024-03-22,South,Electronics,Tablet,238.08,9.0,0.0,Online Wallet,55.0,2142.7200000000003,2024,2024-03,March
ORD10714,2024-03-19,East,Toys,Action Figure,316.14,2.0,0.0,Credit Card,40.0,632.28,2024,2024-03,March
ORD14612,2024-02-08,South,Clothing,Cap,450.47,4.0,0.0,Cash,43.0,1801.88,2024,2024-02,February
ORD13234,2025-05-08,West,Clothing,T-Shirt,291.67,2.0,0.0,Debit Card,29.0,583.34,2025,2025-05,May
ORD14319,2025-01-15,West,Electronics,Smartwatch,490.25,6.0,0.0,Credit Card,30.0,2941.5,2025,2025-01,January
ORD11859,2025-07-06,North,Groceries,Coffee,90.36,9.0,0.0,Cash,20.0,813.24,2025,2025-07,July
ORD10500,2025-04-03,West,Electronics,Laptop,183.41,3.0,0.0,Debit Card,65.0,550.23,2025,2025-04,April
ORD13052,2024-08-06,North,Groceries,Juice,409.23,4.0,15.0,Online Wallet,26.0,1391.382,2024,2024-08,August
ORD14498,2024-10-11,South,Toys,Rc Car,308.79,4.0,0.0,Debit Card,54.0,1235.16,2024,2024-10,October
ORD10857,2024-11-25,South,Toys,Action Figure,367.28,9.0,5.0,Debit Card,24.0,3140.2439999999992,2024,2024-11,November
ORD14314,2024-02-04,North,Electronics,Laptop,86.98,5.0,0.0,Debit Card,37.0,434.90000000000003,2024,2024-02,February
ORD12692,2025-03-03,East,Furniture,Desk,107.47,1.0,0.0,Credit Card,24.0,107.47,2025,2025-03,March
ORD10292,2024-11-08,North,Furniture,Bookshelf,8.48,9.0,0.0,Online Wallet,61.0,76.32000000000001,2024,2024-11,November
ORD13275,2025-11-28,South,Furniture,Bookshelf,383.44,9.0,15.0,Cash,66.0,2933.316,2025,2025-11,November
ORD10561,2025-05-23,East,Clothing,Cap,195.38,1.0,0.0,Online Wallet,52.0,195.38,2025,2025-05,May
ORD14904,2025-06-11,North,Groceries,Pasta,350.83,1.0,0.0,Cash,62.0,350.83,2025,2025-06,June
ORD10093,2024-02-08,South,Toys,Lego Set,164.43,7.0,0.0,Debit Card,61.0,1151.01,2024,2024-02,February
ORD10661,2025-05-12,South,Furniture,Office Chair,210.68,9.0,0.0,Debit Card,62.0,1896.1200000000001,2025,2025-05,May
ORD13577,2024-05-23,South,Clothing,Sneakers,73.5,8.0,10.0,Cash,58.0,529.2,2024,2024-05,May
ORD11061,2025-04-16,South,Clothing,Sneakers,451.75,7.0,0.0,Online Wallet,23.0,3162.25,2025,2025-04,April
ORD13753,2025-03-02,West,Electronics,Laptop,53.02,5.0,0.0,Debit Card,57.0,265.1,2025,2025-03,March
ORD14111,2024-05-03,West,Groceries,Coffee,421.01,6.0,0.0,Debit Card,51.0,2526.06,2024,2024-05,May
ORD12815,2024-08-14,East,Toys,Action Figure,69.13,9.0,0.0,Debit Card,33.0,622.17,2024,2024-08,August
ORD11828,2024-12-05,North,Groceries,Snacks,315.18,7.0,0.0,Credit Card,19.0,2206.26,2024,2024-12,December
ORD10657,2025-04-07,South,Toys,Board Game,84.92,9.0,0.0,Cash,62.0,764.28,2025,2025-04,April
ORD13699,2025-08-05,North,Furniture,Bed Frame,132.75,3.0,0.0,Credit Card,63.0,398.25,2025,2025-08,August
ORD11992,2025-12-03,East,Electronics,Headphones,373.04,5.0,0.0,Debit Card,52.0,1865.2,2025,2025-12,December
ORD10145,2025-03-10,West,Toys,Lego Set,139.71,2.0,0.0,Credit Card,61.0,279.42,2025,2025-03,March
ORD14538,2024-05-24,East,Toys,Puzzle,456.32,4.0,0.0,Online Wallet,28.0,1825.28,2024,2024-05,May
ORD14848,2024-12-19,West,Furniture,Sofa,133.61,1.0,0.0,Debit Card,67.0,133.61,2024,2024-12,December
ORD12577,2024-06-11,North,Groceries,Cereal,27.44,8.0,5.0,Credit Card,62.0,208.544,2024,2024-06,June
ORD11497,2025-07-14,West,Toys,Rc Car,168.95,8.0,10.0,Debit Card,30.0,1216.44,2025,2025-07,July
ORD10389,2024-10-29,East,Groceries,Coffee,59.93,3.0,0.0,Online Wallet,24.0,179.79,2024,2024-10,October
ORD10101,2024-09-15,East,Toys,Board Game,30.65,2.0,0.0,Credit Card,40.0,61.3,2024,2024-09,September
ORD14909,2025-07-22,North,Furniture,Desk,266.3,3.0,0.0,Cash,35.0,798.9000000000001,2025,2025-07,July
ORD12336,2024-09-01,South,Groceries,Pasta,474.38,5.0,0.0,Online Wallet,20.0,2371.9,2024,2024-09,September
ORD13096,2024-08-14,North,Toys,Board Game,325.65,4.0,0.0,Cash,28.0,1302.6,2024,2024-08,August
ORD10938,2025-01-05,East,Toys,Lego Set,127.09,7.0,5.0,Online Wallet,20.0,845.1485,2025,2025-01,January
ORD13848,2025-11-06,West,Toys,Action Figure,218.18,9.0,0.0,Debit Card,46.0,1963.6200000000001,2025,2025-11,November
ORD14158,2025-04-04,West,Electronics,Tablet,53.2,9.0,0.0,Debit Card,21.0,478.8,2025,2025-04,April
ORD13327,2024-11-21,North,Electronics,Laptop,292.1,2.0,0.0,Online Wallet,21.0,584.2,2024,2024-11,November
ORD10006,2024-02-04,West,Groceries,Pasta,455.11,4.0,0.0,Online Wallet,19.0,1820.44,2024,2024-02,February
ORD11063,2025-01-14,East,Electronics,Smartwatch,154.63,6.0,0.0,Credit Card,26.0,927.78,2025,2025-01,January
ORD11986,2025-09-22,West,Toys,Action Figure,217.38,2.0,0.0,Online Wallet,37.0,434.76,2025,2025-09,September
ORD13400,2024-09-29,South,Clothing,T-Shirt,452.1,3.0,0.0,Cash,28.0,1356.3000000000002,2024,2024-09,September
ORD11103,2024-11-07,West,Groceries,Snacks,303.77,1.0,10.0,Online Wallet,25.0,273.393,2024,2024-11,November
ORD10224,2025-08-11,North,Furniture,Desk,209.71,9.0,0.0,Cash,48.0,1887.39,2025,2025-08,August
ORD10959,2025-09-05,East,Groceries,Juice,182.93,5.0,0.0,Debit Card,28.0,914.6500000000001,2025,2025-09,September
ORD12382,2025-06-08,East,Furniture,Office Chair,139.46,6.0,0.0,Online Wallet,22.0,836.76,2025,2025-06,June
ORD11227,2024-08-05,North,Furniture,Bed Frame,411.68,7.0,0.0,Credit Card,48.0,2881.76,2024,2024-08,August
ORD10436,2024-02-12,North,Groceries,Snacks,420.3,8.0,5.0,Credit Card,31.0,3194.2799999999997,2024,2024-02,February
ORD13920,2025-10-27,North,Groceries,Pasta,248.58,3.0,10.0,Credit Card,48.0,671.166,2025,2025-10,October
ORD11043,2025-08-07,East,Furniture,Office Chair,462.0,1.0,0.0,Online Wallet,27.0,462.0,2025,2025-08,August
ORD14309,2025-03-01,South,Electronics,Tablet,45.68,1.0,0.0,Online Wallet,44.0,45.68,2025,2025-03,March
ORD11494,2025-06-08,North,Groceries,Coffee,317.05,1.0,0.0,Online Wallet,69.0,317.05,2025,2025-06,June
ORD14210,2025-10-09,West,Furniture,Office Chair,370.69,4.0,0.0,Credit Card,50.0,1482.76,2025,2025-10,October
ORD10602,2025-10-19,South,Toys,Action Figure,68.11,2.0,0.0,Online Wallet,39.0,136.22,2025,2025-10,October
ORD14623,2025-08-23,West,Electronics,Tablet,204.38,4.0,0.0,Debit Card,48.0,817.52,2025,2025-08,August
ORD14259,2025-06-09,East,Groceries,Coffee,29.51,7.0,0.0,Credit Card,60.0,206.57000000000002,2025,2025-06,June
ORD14839,2025-09-28,South,Groceries,Cereal,346.75,1.0,0.0,Online Wallet,58.0,346.75,2025,2025-09,September
ORD11925,2024-02-26,West,Clothing,Cap,113.59,8.0,0.0,Cash,36.0,908.72,2024,2024-02,February
ORD14550,2025-09-12,South,Furniture,Office Chair,257.03,2.0,20.0,Cash,22.0,411.248,2025,2025-09,September
ORD13724,2024-04-27,South,Groceries,Pasta,467.34,8.0,0.0,Debit Card,22.0,3738.72,2024,2024-04,April
ORD13429,2024-05-21,West,Furniture,Desk,246.58,1.0,0.0,Cash,44.0,246.58,2024,2024-05,May
ORD13405,2024-12-27,West,Electronics,Tablet,208.21,5.0,20.0,Online Wallet,60.0,832.84,2024,2024-12,December
ORD11914,2025-01-02,West,Electronics,Smartwatch,168.22,3.0,0.0,Debit Card,19.0,504.65999999999997,2025,2025-01,January
ORD10548,2024-04-14,West,Electronics,Laptop,333.44,2.0,10.0,Debit Card,37.0,600.192,2024,2024-04,April
ORD12684,2025-06-24,East,Toys,Lego Set,122.4,5.0,0.0,Credit Card,62.0,612.0,2025,2025-06,June
ORD14296,2025-10-12,West,Toys,Action Figure,328.48,7.0,15.0,Online Wallet,62.0,1954.4560000000001,2025,2025-10,October
ORD13226,2024-08-29,South,Electronics,Smartwatch,399.62,1.0,20.0,Credit Card,41.0,319.696,2024,2024-08,August
ORD14852,2025-01-29,South,Furniture,Sofa,391.53,5.0,0.0,Debit Card,32.0,1957.6499999999999,2025,2025-01,January
ORD12736,2024-07-31,North,Clothing,Cap,191.38,3.0,0.0,Cash,63.0,574.14,2024,2024-07,July
ORD12105,2024-08-10,West,Electronics,Laptop,481.23,7.0,20.0,Credit Card,49.0,2694.8880000000004,2024,2024-08,August
ORD13643,2024-07-29,East,Furniture,Office Chair,148.67,6.0,0.0,Debit Card,39.0,892.02,2024,2024-07,July
ORD11958,2024-01-17,South,Furniture,Desk,157.76,4.0,10.0,Debit Card,44.0,567.936,2024,2024-01,January
ORD14164,2025-07-19,West,Clothing,T-Shirt,220.46,2.0,0.0,Debit Card,18.0,440.92,2025,2025-07,July
ORD14754,2025-12-10,West,Clothing,Jacket,341.32,8.0,0.0,Debit Card,33.0,2730.56,2025,2025-12,December
ORD10464,2024-08-01,North,Furniture,Office Chair,253.8,6.0,0.0,Online Wallet,32.0,1522.8000000000002,2024,2024-08,August
ORD11874,2025-07-06,West,Electronics,Tablet,499.51,6.0,0.0,Debit Card,21.0,2997.06,2025,2025-07,July
ORD13216,2024-12-31,East,Groceries,Coffee,346.69,4.0,0.0,Debit Card,67.0,1386.76,2024,2024-12,December
ORD10725,2024-07-23,North,Clothing,Sneakers,132.25,5.0,10.0,Debit Card,69.0,595.125,2024,2024-07,July
ORD13438,2024-07-08,South,Furniture,Bed Frame,403.16,4.0,0.0,Credit Card,65.0,1612.64,2024,2024-07,July
ORD10940,2024-08-25,West,Electronics,Smartphone,251.6,8.0,0.0,Debit Card,66.0,2012.8,2024,2024-08,August
ORD10231,2024-06-08,East,Clothing,Sneakers,320.79,9.0,0.0,Credit Card,42.0,2887.11,2024,2024-06,June
ORD12708,2025-12-23,West,Groceries,Coffee,352.86,5.0,5.0,Debit Card,19.0,1676.085,2025,2025-12,December
ORD14651,2025-02-01,South,Electronics,Smartwatch,445.83,9.0,0.0,Credit Card,69.0,4012.47,2025,2025-02,February
ORD12166,2024-10-25,North,Clothing,Sneakers,487.27,7.0,15.0,Cash,22.0,2899.2565,2024,2024-10,October
ORD12243,2024-08-28,South,Groceries,Cereal,278.93,7.0,0.0,Online Wallet,58.0,1952.51,2024,2024-08,August
ORD11143,2025-07-20,West,Electronics,Smartphone,421.0,7.0,0.0,Credit Card,39.0,2947.0,2025,2025-07,July
ORD11035,2025-10-13,East,Toys,Lego Set,458.9,5.0,10.0,Credit Card,29.0,2065.05,2025,2025-10,October
ORD11669,2024-09-29,South,Groceries,Snacks,193.39,6.0,0.0,Credit Card,18.0,1160.34,2024,2024-09,September
ORD12605,2024-12-12,East,Clothing,Jeans,472.0,6.0,0.0,Debit Card,59.0,2832.0,2024,2024-12,December
ORD11999,2024-06-24,South,Groceries,Pasta,297.37,4.0,0.0,Online Wallet,46.0,1189.48,2024,2024-06,June
ORD12712,2024-10-27,North,Toys,Puzzle,252.58,2.0,15.0,Online Wallet,37.0,429.386,2024,2024-10,October
ORD14463,2024-04-22,North,Groceries,Snacks,260.9,3.0,0.0,Cash,46.0,782.6999999999999,2024,2024-04,April
ORD11796,2024-10-29,South,Electronics,Headphones,307.27,8.0,0.0,Debit Card,43.0,2458.16,2024,2024-10,October
ORD14788,2024-05-25,West,Groceries,Pasta,109.37,6.0,5.0,Cash,20.0,623.409,2024,2024-05,May
ORD11774,2024-09-19,East,Groceries,Juice,448.31,2.0,0.0,Online Wallet,25.0,896.62,2024,2024-09,September
ORD10773,2025-01-03,South,Groceries,Cereal,46.2,9.0,20.0,Online Wallet,66.0,332.64000000000004,2025,2025-01,January
ORD13523,2024-02-07,East,Clothing,Jeans,196.0,4.0,0.0,Credit Card,65.0,784.0,2024,2024-02,February
ORD11960,2025-02-04,North,Groceries,Cereal,243.13,7.0,5.0,Online Wallet,32.0,1616.8144999999997,2025,2025-02,February
ORD12726,2025-09-18,East,Electronics,Tablet,376.13,5.0,0.0,Online Wallet,65.0,1880.65,2025,2025-09,September
ORD12747,2024-10-20,East,Groceries,Juice,263.73,7.0,0.0,Cash,58.0,1846.1100000000001,2024,2024-10,October
ORD14157,2025-07-28,North,Furniture,Desk,457.62,3.0,0.0,Debit Card,19.0,1372.8600000000001,2025,2025-07,July
ORD10201,2024-01-28,North,Electronics,Laptop,132.78,5.0,0.0,Credit Card,57.0,663.9,2024,2024-01,January
ORD13977,2024-10-31,South,Electronics,Laptop,400.41,5.0,0.0,Debit Card,42.0,2002.0500000000002,2024,2024-10,October
ORD11476,2025-07-31,West,Groceries,Pasta,450.43,7.0,15.0,Credit Card,23.0,2680.0585,2025,2025-07,July
ORD12192,2024-04-20,East,Groceries,Coffee,379.03,8.0,0.0,Debit Card,45.0,3032.24,2024,2024-04,April
ORD13658,2025-10-02,North,Electronics,Smartphone,430.06,5.0,0.0,Cash,63.0,2150.3,2025,2025-10,October
ORD10416,2025-11-02,North,Furniture,Bookshelf,258.8,7.0,0.0,Online Wallet,37.0,1811.6000000000001,2025,2025-11,November
ORD14959,2025-11-06,North,Furniture,Sofa,211.51,8.0,0.0,Debit Card,57.0,1692.08,2025,2025-11,November
ORD14490,2024-06-15,West,Clothing,Jeans,476.8,4.0,0.0,Credit Card,35.0,1907.2,2024,2024-06,June
ORD13944,2025-05-10,East,Toys,Puzzle,369.13,8.0,0.0,Online Wallet,24.0,2953.04,2025,2025-05,May
ORD13801,2024-05-26,North,Groceries,Juice,289.52,1.0,0.0,Online Wallet,32.0,289.52,2024,2024-05,May
ORD14243,2024-05-05,East,Toys,Board Game,407.51,2.0,20.0,Cash,24.0,652.0160000000001,2024,2024-05,May
ORD10338,2024-05-15,South,Electronics,Headphones,23.18,1.0,0.0,Credit Card,66.0,23.18,2024,2024-05,May
ORD10260,2025-07-07,North,Toys,Action Figure,446.58,9.0,0.0,Online Wallet,26.0,4019.22,2025,2025-07,July
ORD13190,2025-10-23,East,Groceries,Juice,186.0,1.0,5.0,Online Wallet,38.0,176.7,2025,2025-10,October
ORD10719,2025-08-23,East,Furniture,Bed Frame,343.52,6.0,0.0,Debit Card,50.0,2061.12,2025,2025-08,August
ORD11678,2024-02-06,South,Furniture,Sofa,53.94,6.0,0.0,Debit Card,56.0,323.64,2024,2024-02,February
ORD10568,2025-07-10,East,Clothing,T-Shirt,419.07,7.0,15.0,Cash,56.0,2493.4664999999995,2025,2025-07,July
ORD13056,2025-03-24,West,Furniture,Office Chair,208.6,3.0,20.0,Credit Card,59.0,500.64,2025,2025-03,March
ORD13393,2025-03-11,West,Groceries,Cereal,92.66,6.0,0.0,Debit Card,61.0,555.96,2025,2025-03,March
ORD10376,2024-06-10,East,Furniture,Office Chair,398.29,6.0,0.0,Debit Card,43.0,2389.7400000000002,2024,2024-06,June
ORD13516,2024-12-03,East,Electronics,Smartphone,381.41,4.0,0.0,Debit Card,62.0,1525.64,2024,2024-12,December
ORD11771,2024-08-21,South,Toys,Puzzle,425.29,2.0,10.0,Credit Card,42.0,765.522,2024,2024-08,August
ORD14005,2024-03-10,West,Toys,Puzzle,34.14,9.0,10.0,Online Wallet,34.0,276.534,2024,2024-03,March
ORD10605,2025-10-22,West,Clothing,Cap,318.69,7.0,0.0,Debit Card,29.0,2230.83,2025,2025-10,October
ORD11963,2024-09-01,North,Toys,Action Figure,257.97,5.0,10.0,Cash,64.0,1160.8650000000002,2024,2024-09,September
ORD14489,2024-12-14,East,Clothing,Jacket,373.55,1.0,20.0,Debit Card,47.0,298.84000000000003,2024,2024-12,December
ORD11749,2024-02-11,South,Toys,Lego Set,353.67,6.0,0.0,Cash,50.0,2122.02,2024,2024-02,February
ORD13407,2024-03-09,South,Electronics,Smartwatch,129.71,5.0,0.0,Online Wallet,51.0,648.5500000000001,2024,2024-03,March
ORD10302,2025-05-31,South,Furniture,Office Chair,473.12,9.0,0.0,Debit Card,33.0,4258.08,2025,2025-05,May
ORD14365,2025-09-24,West,Clothing,Sneakers,41.79,7.0,0.0,Debit Card,34.0,292.53,2025,2025-09,September
ORD10232,2025-08-19,East,Furniture,Bookshelf,339.54,6.0,0.0,Credit Card,66.0,2037.2400000000002,2025,2025-08,August
ORD13059,2024-11-01,West,Electronics,Smartwatch,39.38,5.0,0.0,Cash,54.0,196.9,2024,2024-11,November
ORD10362,2024-04-13,South,Clothing,Sneakers,166.28,8.0,0.0,Credit Card,56.0,1330.24,2024,2024-04,April
ORD12839,2024-02-10,South,Groceries,Snacks,292.61,1.0,0.0,Debit Card,39.0,292.61,2024,2024-02,February
ORD11666,2024-08-21,East,Clothing,Jeans,217.28,6.0,5.0,Cash,64.0,1238.496,2024,2024-08,August
ORD10125,2025-08-12,North,Clothing,Jeans,358.46,2.0,0.0,Online Wallet,66.0,716.92,2025,2025-08,August
ORD12723,2024-04-01,West,Groceries,Cereal,34.91,5.0,0.0,Online Wallet,32.0,174.54999999999998,2024,2024-04,April
ORD10953,2025-11-13,West,Furniture,Sofa,215.06,1.0,0.0,Credit Card,27.0,215.06,2025,2025-11,November
ORD10481,2024-07-17,South,Groceries,Cereal,228.39,3.0,10.0,Credit Card,62.0,616.653,2024,2024-07,July
ORD14827,2025-01-15,East,Toys,Lego Set,326.01,6.0,0.0,Cash,24.0,1956.06,2025,2025-01,January
ORD14110,2024-07-28,West,Furniture,Desk,319.77,3.0,10.0,Online Wallet,29.0,863.379,2024,2024-07,July
ORD12969,2024-09-19,North,Furniture,Bed Frame,265.25,3.0,0.0,Credit Card,25.0,795.75,2024,2024-09,September
ORD10710,2025-03-09,South,Clothing,Jeans,158.6,5.0,10.0,Debit Card,49.0,713.7,2025,2025-03,March
ORD10640,2024-12-13,East,Clothing,Jacket,125.86,3.0,0.0,Cash,55.0,377.58,2024,2024-12,December
ORD14156,2024-02-25,West,Electronics,Laptop,53.7,6.0,0.0,Online Wallet,25.0,322.20000000000005,2024,2024-02,February
ORD14024,2024-10-21,South,Furniture,Bed Frame,229.1,3.0,0.0,Debit Card,45.0,687.3,2024,2024-10,October
ORD13707,2024-02-04,West,Electronics,Smartwatch,83.74,8.0,10.0,Credit Card,54.0,602.928,2024,2024-02,February
ORD12707,2024-09-16,West,Toys,Puzzle,453.15,9.0,0.0,Online Wallet,44.0,4078.35,2024,2024-09,September
ORD12007,2024-10-29,South,Electronics,Laptop,393.74,9.0,0.0,Debit Card,25.0,3543.66,2024,2024-10,October
ORD10709,2024-06-10,East,Toys,Lego Set,191.64,4.0,5.0,Online Wallet,24.0,728.232,2024,2024-06,June
ORD13693,2025-02-06,West,Electronics,Tablet,320.99,7.0,0.0,Cash,44.0,2246.9300000000003,2025,2025-02,February
ORD12101,2024-01-08,South,Electronics,Tablet,231.53,4.0,20.0,Cash,36.0,740.8960000000001,2024,2024-01,January
ORD14109,2025-04-30,North,Toys,Board Game,264.8,6.0,10.0,Debit Card,27.0,1429.9200000000003,2025,2025-04,April
ORD10813,2024-03-10,South,Toys,Board Game,154.39,6.0,0.0,Cash,66.0,926.3399999999999,2024,2024-03,March
ORD10130,2024-06-13,West,Clothing,Sneakers,74.84,7.0,10.0,Cash,27.0,471.492,2024,2024-06,June
ORD11961,2024-09-06,West,Groceries,Juice,284.92,2.0,0.0,Cash,55.0,569.84,2024,2024-09,September
ORD14524,2024-04-29,North,Toys,Board Game,245.68,6.0,0.0,Cash,54.0,1474.08,2024,2024-04,April
ORD12603,2025-08-10,South,Toys,Lego Set,60.37,4.0,0.0,Online Wallet,31.0,241.48,2025,2025-08,August
ORD14044,2025-05-11,North,Groceries,Juice,50.09,8.0,15.0,Online Wallet,27.0,340.612,2025,2025-05,May
ORD10490,2024-02-23,East,Toys,Rc Car,196.17,8.0,0.0,Online Wallet,62.0,1569.36,2024,2024-02,February
ORD12498,2024-02-03,North,Toys,Lego Set,37.84,7.0,0.0,Credit Card,52.0,264.88,2024,2024-02,February
ORD12678,2024-09-13,West,Furniture,Desk,257.96,2.0,10.0,Cash,53.0,464.328,2024,2024-09,September
ORD11526,2024-02-12,South,Furniture,Sofa,307.04,9.0,5.0,Online Wallet,30.0,2625.192,2024,2024-02,February
ORD11991,2024-04-02,West,Clothing,Jacket,30.83,3.0,0.0,Credit Card,57.0,92.49,2024,2024-04,April
ORD10186,2025-11-02,South,Groceries,Coffee,14.09,6.0,0.0,Online Wallet,50.0,84.53999999999999,2025,2025-11,November
ORD13256,2025-02-23,East,Groceries,Cereal,472.35,1.0,0.0,Cash,51.0,472.35,2025,2025-02,February
ORD12886,2025-12-28,East,Electronics,Tablet,131.33,2.0,0.0,Cash,39.0,262.66,2025,2025-12,December
ORD12975,2024-06-25,South,Toys,Rc Car,404.16,1.0,0.0,Online Wallet,44.0,404.16,2024,2024-06,June
ORD14384,2024-01-30,South,Groceries,Juice,131.15,5.0,5.0,Debit Card,24.0,622.9625,2024,2024-01,January
ORD10399,2025-10-08,West,Clothing,Cap,440.23,3.0,0.0,Cash,25.0,1320.69,2025,2025-10,October
ORD13269,2025-08-04,East,Clothing,Jacket,50.4,7.0,10.0,Credit Card,33.0,317.52000000000004,2025,2025-08,August
ORD13381,2025-06-26,East,Groceries,Coffee,309.73,5.0,0.0,Cash,58.0,1548.65,2025,2025-06,June
ORD13111,2025-06-24,South,Furniture,Desk,10.31,4.0,0.0,Credit Card,44.0,41.24,2025,2025-06,June
ORD11049,2025-08-24,East,Clothing,Jeans,279.29,7.0,5.0,Debit Card,59.0,1857.2785000000001,2025,2025-08,August
ORD11100,2024-03-14,West,Groceries,Snacks,274.37,3.0,0.0,Online Wallet,51.0,823.11,2024,2024-03,March
ORD12451,2024-09-02,East,Clothing,Sneakers,113.03,2.0,10.0,Online Wallet,30.0,203.454,2024,2024-09,September
ORD14322,2025-02-28,South,Electronics,Smartwatch,429.57,6.0,0.0,Cash,36.0,2577.42,2025,2025-02,February
ORD11613,2025-10-07,East,Clothing,Cap,296.11,9.0,0.0,Debit Card,36.0,2664.9900000000002,2025,2025-10,October
ORD14686,2025-08-27,West,Clothing,Cap,389.15,7.0,0.0,Debit Card,60.0,2724.0499999999997,2025,2025-08,August
ORD12761,2024-02-06,North,Furniture,Sofa,360.23,4.0,0.0,Online Wallet,62.0,1440.92,2024,2024-02,February
ORD10421,2024-04-18,East,Furniture,Bookshelf,179.76,7.0,15.0,Online Wallet,22.0,1069.572,2024,2024-04,April
ORD11676,2025-09-22,South,Clothing,Sneakers,299.3,4.0,0.0,Credit Card,54.0,1197.2,2025,2025-09,September
ORD11401,2024-11-09,North,Toys,Action Figure,417.23,8.0,0.0,Online Wallet,38.0,3337.84,2024,2024-11,November
ORD12372,2024-02-26,West,Electronics,Smartwatch,126.14,8.0,0.0,Cash,40.0,1009.12,2024,2024-02,February
ORD10963,2025-12-18,South,Groceries,Cereal,146.18,1.0,0.0,Credit Card,53.0,146.18,2025,2025-12,December
ORD13923,2025-07-25,West,Groceries,Juice,323.05,9.0,0.0,Credit Card,37.0,2907.4500000000003,2025,2025-07,July
ORD11703,2025-01-24,East,Clothing,Cap,428.48,5.0,5.0,Online Wallet,52.0,2035.28,2025,2025-01,January
ORD12330,2024-08-10,West,Toys,Lego Set,418.97,3.0,0.0,Cash,24.0,1256.91,2024,2024-08,August
ORD13868,2024-09-03,East,Furniture,Desk,131.95,5.0,0.0,Online Wallet,38.0,659.75,2024,2024-09,September
ORD14163,2025-07-07,West,Groceries,Pasta,102.25,9.0,0.0,Cash,46.0,920.25,2025,2025-07,July
ORD10487,2025-12-21,West,Toys,Action Figure,12.24,3.0,0.0,Credit Card,24.0,36.72,2025,2025-12,December
ORD14702,2024-10-10,North,Electronics,Laptop,476.53,2.0,0.0,Cash,64.0,953.06,2024,2024-10,October
ORD11249,2024-06-03,South,Toys,Rc Car,147.34,2.0,20.0,Credit Card,50.0,235.74400000000003,2024,2024-06,June
ORD10435,2024-07-10,East,Groceries,Pasta,250.65,3.0,0.0,Online Wallet,49.0,751.95,2024,2024-07,July
ORD11740,2025-03-18,East,Groceries,Coffee,402.55,1.0,0.0,Online Wallet,58.0,402.55,2025,2025-03,March
ORD10829,2024-04-02,West,Toys,Puzzle,13.66,6.0,0.0,Credit Card,50.0,81.96000000000001,2024,2024-04,April
ORD10788,2025-04-10,East,Electronics,Smartwatch,147.32,7.0,0.0,Online Wallet,57.0,1031.24,2025,2025-04,April
ORD13521,2025-05-15,North,Toys,Board Game,374.93,8.0,0.0,Debit Card,26.0,2999.44,2025,2025-05,May
ORD13809,2024-11-03,North,Clothing,Jeans,187.23,9.0,5.0,Online Wallet,40.0,1600.8165,2024,2024-11,November
ORD12120,2025-04-16,East,Electronics,Laptop,47.91,6.0,0.0,Cash,51.0,287.46,2025,2025-04,April
ORD13104,2024-02-14,East,Clothing,Sneakers,153.98,8.0,0.0,Online Wallet,38.0,1231.84,2024,2024-02,February
ORD10456,2024-03-13,East,Groceries,Pasta,222.0,3.0,0.0,Credit Card,60.0,666.0,2024,2024-03,March
ORD14142,2024-11-24,South,Electronics,Smartwatch,343.76,1.0,10.0,Debit Card,30.0,309.384,2024,2024-11,November
ORD11433,2024-04-16,North,Clothing,Jeans,139.32,5.0,0.0,Cash,24.0,696.5999999999999,2024,2024-04,April
ORD13128,2025-11-12,East,Groceries,Snacks,100.75,6.0,15.0,Credit Card,57.0,513.8249999999999,2025,2025-11,November
ORD11012,2025-03-14,South,Electronics,Headphones,270.15,6.0,0.0,Credit Card,33.0,1620.8999999999999,2025,2025-03,March
ORD12887,2024-10-18,South,Furniture,Sofa,216.29,7.0,10.0,Debit Card,49.0,1362.627,2024,2024-10,October
ORD13490,2025-03-17,North,Furniture,Office Chair,158.58,6.0,0.0,Online Wallet,48.0,951.48,2025,2025-03,March
ORD14199,2024-02-27,East,Groceries,Juice,279.68,2.0,0.0,Cash,41.0,559.36,2024,2024-02,February
ORD11128,2024-09-10,East,Toys,Puzzle,23.99,8.0,10.0,Credit Card,34.0,172.72799999999998,2024,2024-09,September
ORD11105,2024-07-18,North,Furniture,Office Chair,419.28,5.0,0.0,Online Wallet,43.0,2096.3999999999996,2024,2024-07,July
ORD14238,2025-12-23,West,Electronics,Smartwatch,353.46,7.0,0.0,Cash,61.0,2474.22,2025,2025-12,December
ORD10398,2024-02-24,North,Toys,Puzzle,261.39,4.0,0.0,Online Wallet,33.0,1045.56,2024,2024-02,February
ORD14622,2025-08-01,East,Toys,Lego Set,142.49,5.0,15.0,Cash,44.0,605.5825,2025,2025-08,August
ORD10797,2024-08-22,South,Groceries,Juice,90.65,7.0,0.0,Credit Card,55.0,634.5500000000001,2024,2024-08,August
ORD11787,2025-07-28,South,Toys,Puzzle,179.15,4.0,5.0,Cash,47.0,680.77,2025,2025-07,July
ORD13780,2025-12-01,South,Electronics,Tablet,298.4,4.0,0.0,Cash,50.0,1193.6,2025,2025-12,December
ORD13057,2024-02-02,West,Groceries,Coffee,464.43,2.0,5.0,Online Wallet,37.0,882.4169999999999,2024,2024-02,February
ORD13504,2024-12-11,East,Clothing,Jacket,105.83,5.0,0.0,Cash,18.0,529.15,2024,2024-12,December
ORD14221,2025-07-12,East,Groceries,Juice,154.57,7.0,0.0,Credit Card,20.0,1081.99,2025,2025-07,July
ORD13192,2024-12-23,West,Toys,Action Figure,472.96,4.0,0.0,Credit Card,47.0,1891.84,2024,2024-12,December
ORD14037,2024-11-27,East,Electronics,Headphones,443.02,6.0,0.0,Online Wallet,27.0,2658.12,2024,2024-11,November
ORD11361,2025-07-13,West,Toys,Puzzle,272.89,4.0,0.0,Credit Card,53.0,1091.56,2025,2025-07,July
ORD11458,2024-10-06,West,Toys,Puzzle,332.36,8.0,0.0,Online Wallet,21.0,2658.88,2024,2024-10,October
ORD11334,2025-10-25,North,Groceries,Cereal,219.32,2.0,0.0,Debit Card,41.0,438.64,2025,2025-10,October
ORD13581,2024-12-02,East,Electronics,Smartphone,110.54,4.0,15.0,Online Wallet,44.0,375.836,2024,2024-12,December
ORD10065,2024-06-30,North,Groceries,Cereal,354.02,3.0,0.0,Cash,62.0,1062.06,2024,2024-06,June
ORD10177,2024-09-27,East,Toys,Puzzle,398.43,4.0,10.0,Cash,31.0,1434.348,2024,2024-09,September
ORD12374,2025-06-19,West,Electronics,Headphones,27.63,1.0,20.0,Debit Card,36.0,22.104,2025,2025-06,June
ORD13585,2025-05-30,West,Electronics,Headphones,295.63,6.0,5.0,Debit Card,56.0,1685.091,2025,2025-05,May
ORD13092,2025-10-03,North,Furniture,Sofa,294.0,5.0,0.0,Online Wallet,58.0,1470.0,2025,2025-10,October
ORD12573,2024-07-31,East,Electronics,Smartphone,367.73,5.0,0.0,Online Wallet,24.0,1838.65,2024,2024-07,July
ORD10525,2024-08-14,East,Clothing,Sneakers,400.86,7.0,0.0,Cash,42.0,2806.02,2024,2024-08,August
ORD14785,2025-03-30,South,Toys,Action Figure,18.54,4.0,0.0,Cash,38.0,74.16,2025,2025-03,March
ORD11253,2025-07-27,East,Toys,Rc Car,397.95,5.0,0.0,Debit Card,59.0,1989.75,2025,2025-07,July
ORD11848,2025-09-16,South,Groceries,Pasta,124.28,5.0,0.0,Debit Card,62.0,621.4,2025,2025-09,September
ORD11145,2024-05-17,North,Clothing,Cap,230.47,8.0,0.0,Online Wallet,64.0,1843.76,2024,2024-05,May
ORD12236,2024-07-16,West,Furniture,Office Chair,313.24,2.0,0.0,Cash,26.0,626.48,2024,2024-07,July
ORD10321,2024-05-22,East,Furniture,Office Chair,110.26,3.0,5.0,Credit Card,63.0,314.241,2024,2024-05,May
ORD10664,2024-08-08,West,Furniture,Office Chair,406.03,3.0,0.0,Debit Card,68.0,1218.09,2024,2024-08,August
ORD14306,2025-06-27,West,Groceries,Snacks,77.78,8.0,0.0,Cash,40.0,622.24,2025,2025-06,June
ORD13798,2025-05-22,South,Groceries,Juice,305.77,5.0,0.0,Online Wallet,29.0,1528.85,2025,2025-05,May
ORD12201,2024-05-18,North,Electronics,Smartwatch,25.43,4.0,0.0,Credit Card,55.0,101.72,2024,2024-05,May
ORD14956,2024-09-27,West,Clothing,Sneakers,352.75,6.0,0.0,Cash,20.0,2116.5,2024,2024-09,September
ORD11221,2024-07-08,North,Toys,Action Figure,355.79,5.0,0.0,Online Wallet,39.0,1778.95,2024,2024-07,July
ORD10332,2025-04-24,West,Electronics,Smartphone,288.03,7.0,0.0,Online Wallet,29.0,2016.2099999999998,2025,2025-04,April
ORD14135,2025-03-22,West,Groceries,Coffee,494.68,4.0,0.0,Debit Card,54.0,1978.72,2025,2025-03,March
ORD12951,2024-11-06,North,Toys,Board Game,471.35,9.0,0.0,Cash,26.0,4242.150000000001,2024,2024-11,November
ORD11815,2025-02-06,North,Clothing,Jeans,485.68,5.0,0.0,Cash,64.0,2428.4,2025,2025-02,February
ORD14781,2024-07-08,West,Toys,Lego Set,357.56,8.0,0.0,Debit Card,45.0,2860.48,2024,2024-07,July
ORD10598,2025-12-20,South,Furniture,Bed Frame,110.11,9.0,10.0,Cash,44.0,891.8910000000001,2025,2025-12,December
ORD12017,2025-04-27,East,Electronics,Smartphone,111.76,8.0,0.0,Debit Card,63.0,894.08,2025,2025-04,April
ORD11900,2025-12-20,East,Furniture,Office Chair,13.5,4.0,10.0,Online Wallet,39.0,48.6,2025,2025-12,December
ORD14875,2024-04-27,East,Groceries,Juice,274.9,8.0,0.0,Debit Card,18.0,2199.2,2024,2024-04,April
ORD10386,2025-02-04,North,Groceries,Cereal,345.07,1.0,15.0,Credit Card,27.0,293.3095,2025,2025-02,February
ORD12262,2024-12-10,West,Furniture,Office Chair,117.92,4.0,5.0,Online Wallet,18.0,448.096,2024,2024-12,December
ORD11608,2025-03-25,West,Clothing,Cap,180.18,2.0,0.0,Cash,45.0,360.36,2025,2025-03,March
ORD11459,2025-01-20,South,Furniture,Sofa,286.73,3.0,0.0,Online Wallet,59.0,860.19,2025,2025-01,January
ORD14404,2024-02-06,South,Clothing,Jacket,341.16,1.0,0.0,Cash,35.0,341.16,2024,2024-02,February
ORD14445,2025-07-23,East,Toys,Action Figure,335.34,4.0,15.0,Credit Card,57.0,1140.156,2025,2025-07,July
ORD11768,2025-09-18,North,Electronics,Smartphone,126.72,9.0,0.0,Online Wallet,69.0,1140.48,2025,2025-09,September
ORD11947,2024-05-16,South,Furniture,Bookshelf,242.42,2.0,0.0,Credit Card,59.0,484.84,2024,2024-05,May
ORD10228,2024-10-19,East,Electronics,Smartphone,154.52,8.0,10.0,Online Wallet,56.0,1112.544,2024,2024-10,October
ORD11028,2025-12-05,North,Toys,Lego Set,123.77,6.0,0.0,Online Wallet,35.0,742.62,2025,2025-12,December
ORD14858,2025-10-31,North,Furniture,Bookshelf,49.66,7.0,0.0,Debit Card,55.0,347.62,2025,2025-10,October
ORD10498,2025-07-03,West,Electronics,Smartwatch,51.98,4.0,15.0,Credit Card,48.0,176.73199999999997,2025,2025-07,July
ORD11784,2025-11-22,East,Toys,Puzzle,34.21,5.0,0.0,Debit Card,23.0,171.05,2025,2025-11,November
ORD13839,2025-09-23,East,Furniture,Desk,171.32,8.0,5.0,Debit Card,34.0,1302.032,2025,2025-09,September
ORD10902,2025-02-18,East,Clothing,Sneakers,335.15,5.0,5.0,Debit Card,60.0,1591.9624999999999,2025,2025-02,February
ORD14966,2024-11-22,West,Toys,Lego Set,200.02,9.0,5.0,Cash,36.0,1710.171,2024,2024-11,November
ORD14271,2025-04-22,South,Toys,Board Game,322.43,1.0,0.0,Debit Card,47.0,322.43,2025,2025-04,April
ORD12805,2025-02-20,East,Groceries,Snacks,249.03,4.0,15.0,Debit Card,65.0,846.702,2025,2025-02,February
ORD14822,2024-12-20,West,Clothing,Jacket,408.21,6.0,0.0,Online Wallet,63.0,2449.2599999999998,2024,2024-12,December
ORD13135,2025-05-03,North,Clothing,Jeans,424.74,7.0,0.0,Online Wallet,27.0,2973.1800000000003,2025,2025-05,May
ORD12327,2025-07-18,North,Toys,Rc Car,201.85,2.0,0.0,Online Wallet,26.0,403.7,2025,2025-07,July
ORD11237,2025-05-06,South,Toys,Rc Car,193.08,1.0,0.0,Online Wallet,64.0,193.08,2025,2025-05,May
ORD11772,2024-02-05,North,Clothing,Jeans,29.65,5.0,0.0,Debit Card,18.0,148.25,2024,2024-02,February
ORD11238,2025-08-24,West,Clothing,Jacket,28.74,8.0,0.0,Online Wallet,58.0,229.92,2025,2025-08,August
ORD12418,2024-01-13,South,Clothing,T-Shirt,92.96,5.0,0.0,Online Wallet,24.0,464.79999999999995,2024,2024-01,January
ORD12155,2024-07-09,South,Electronics,Laptop,491.29,2.0,0.0,Credit Card,25.0,982.58,2024,2024-07,July
ORD10949,2024-07-30,East,Electronics,Smartwatch,176.91,1.0,15.0,Cash,37.0,150.3735,2024,2024-07,July
ORD12896,2024-09-19,East,Toys,Action Figure,440.51,7.0,10.0,Credit Card,48.0,2775.2129999999997,2024,2024-09,September
ORD13278,2025-05-23,East,Clothing,T-Shirt,274.17,9.0,0.0,Credit Card,35.0,2467.53,2025,2025-05,May
ORD11717,2024-06-04,North,Groceries,Cereal,346.33,9.0,0.0,Credit Card,19.0,3116.97,2024,2024-06,June
ORD13930,2025-06-27,North,Electronics,Laptop,446.23,8.0,15.0,Cash,24.0,3034.364,2025,2025-06,June
ORD10138,2025-09-20,East,Furniture,Sofa,10.44,5.0,0.0,Cash,23.0,52.199999999999996,2025,2025-09,September
ORD14029,2025-08-02,South,Electronics,Smartwatch,315.0,4.0,0.0,Credit Card,51.0,1260.0,2025,2025-08,August
ORD10251,2025-10-03,North,Furniture,Desk,244.88,2.0,0.0,Online Wallet,32.0,489.76,2025,2025-10,October
ORD11907,2024-06-18,South,Electronics,Smartphone,331.07,5.0,15.0,Cash,57.0,1407.0475,2024,2024-06,June
ORD14141,2025-03-07,West,Electronics,Tablet,474.32,4.0,0.0,Credit Card,24.0,1897.28,2025,2025-03,March
ORD14091,2025-11-17,West,Furniture,Desk,168.48,6.0,0.0,Credit Card,42.0,1010.8799999999999,2025,2025-11,November
ORD14709,2024-08-22,North,Electronics,Smartphone,230.52,4.0,5.0,Online Wallet,68.0,875.976,2024,2024-08,August
ORD13334,2024-08-18,West,Toys,Lego Set,350.09,8.0,0.0,Cash,26.0,2800.72,2024,2024-08,August
ORD14521,2024-07-01,South,Electronics,Laptop,34.49,4.0,0.0,Debit Card,37.0,137.96,2024,2024-07,July
ORD11971,2025-10-13,South,Electronics,Smartphone,422.5,9.0,0.0,Online Wallet,63.0,3802.5,2025,2025-10,October
ORD10580,2024-07-05,East,Clothing,Jeans,293.71,6.0,5.0,Cash,64.0,1674.1469999999997,2024,2024-07,July
ORD10912,2024-11-08,West,Electronics,Smartphone,477.76,8.0,5.0,Cash,44.0,3630.9759999999997,2024,2024-11,November
ORD11718,2025-12-16,North,Furniture,Bed Frame,64.94,3.0,0.0,Online Wallet,35.0,194.82,2025,2025-12,December
ORD10367,2025-05-13,West,Clothing,Jacket,290.75,3.0,10.0,Cash,35.0,785.025,2025,2025-05,May
ORD13361,2025-07-06,West,Groceries,Coffee,116.95,1.0,0.0,Cash,35.0,116.95,2025,2025-07,July
ORD14998,2025-06-05,South,Furniture,Bookshelf,490.37,1.0,0.0,Debit Card,60.0,490.37,2025,2025-06,June
ORD11578,2024-03-21,West,Electronics,Laptop,295.84,9.0,15.0,Debit Card,49.0,2263.176,2024,2024-03,March
ORD13833,2024-05-11,East,Electronics,Headphones,97.04,8.0,0.0,Debit Card,55.0,776.32,2024,2024-05,May
ORD13459,2024-12-09,North,Groceries,Coffee,107.61,9.0,0.0,Credit Card,25.0,968.49,2024,2024-12,December
ORD14826,2025-12-05,South,Electronics,Smartwatch,266.34,8.0,0.0,Online Wallet,19.0,2130.72,2025,2025-12,December
ORD10911,2024-10-06,West,Furniture,Bed Frame,103.51,8.0,15.0,Cash,39.0,703.868,2024,2024-10,October
ORD12541,2024-08-08,West,Clothing,Jacket,364.91,1.0,0.0,Credit Card,44.0,364.91,2024,2024-08,August
ORD13214,2024-03-29,East,Furniture,Bookshelf,110.62,1.0,10.0,Cash,60.0,99.558,2024,2024-03,March
ORD13883,2024-12-07,East,Toys,Puzzle,303.43,4.0,0.0,Credit Card,23.0,1213.72,2024,2024-12,December
ORD10110,2025-03-16,South,Groceries,Pasta,159.3,5.0,5.0,Credit Card,21.0,756.675,2025,2025-03,March
ORD14534,2024-04-19,South,Toys,Board Game,408.36,5.0,0.0,Cash,22.0,2041.8000000000002,2024,2024-04,April
ORD11764,2024-07-24,East,Furniture,Bed Frame,364.59,4.0,20.0,Cash,27.0,1166.6879999999999,2024,2024-07,July
ORD13871,2024-12-26,West,Toys,Board Game,454.47,9.0,15.0,Online Wallet,28.0,3476.6955000000003,2024,2024-12,December
ORD12583,2025-09-15,East,Clothing,Cap,362.8,6.0,10.0,Credit Card,49.0,1959.1200000000001,2025,2025-09,September
ORD12689,2025-11-15,East,Clothing,Cap,232.71,3.0,0.0,Cash,30.0,698.13,2025,2025-11,November
ORD11089,2024-08-03,West,Groceries,Cereal,91.98,1.0,0.0,Online Wallet,62.0,91.98,2024,2024-08,August
ORD10929,2024-07-23,North,Electronics,Tablet,290.71,5.0,0.0,Debit Card,68.0,1453.55,2024,2024-07,July
ORD11338,2025-10-09,East,Clothing,Sneakers,277.55,2.0,0.0,Debit Card,66.0,555.1,2025,2025-10,October
ORD14571,2025-03-13,East,Groceries,Juice,227.46,1.0,0.0,Cash,56.0,227.46,2025,2025-03,March
ORD12621,2024-05-02,North,Clothing,Jeans,201.85,9.0,0.0,Credit Card,18.0,1816.6499999999999,2024,2024-05,May
ORD12728,2025-08-10,North,Clothing,T-Shirt,367.68,9.0,5.0,Cash,55.0,3143.6639999999998,2025,2025-08,August
ORD10936,2024-05-19,South,Electronics,Tablet,309.65,7.0,0.0,Online Wallet,31.0,2167.5499999999997,2024,2024-05,May
ORD13379,2025-04-10,North,Furniture,Bed Frame,268.72,8.0,0.0,Cash,44.0,2149.76,2025,2025-04,April
ORD12743,2025-01-23,East,Toys,Puzzle,113.33,9.0,10.0,Online Wallet,44.0,917.9730000000001,2025,2025-01,January
ORD13006,2024-01-26,East,Furniture,Desk,440.63,9.0,0.0,Credit Card,47.0,3965.67,2024,2024-01,January
ORD11250,2024-11-02,East,Electronics,Headphones,158.12,6.0,15.0,Debit Card,46.0,806.412,2024,2024-11,November
ORD14743,2024-01-08,East,Groceries,Pasta,120.01,5.0,0.0,Online Wallet,44.0,600.0500000000001,2024,2024-01,January
ORD14745,2025-11-01,West,Clothing,Jacket,382.3,6.0,0.0,Online Wallet,35.0,2293.8,2025,2025-11,November
ORD12303,2025-01-28,South,Clothing,Sneakers,393.23,8.0,0.0,Debit Card,67.0,3145.84,2025,2025-01,January
ORD12293,2025-07-21,East,Toys,Puzzle,192.45,4.0,10.0,Debit Card,33.0,692.8199999999999,2025,2025-07,July
ORD12727,2025-09-09,East,Groceries,Cereal,273.86,2.0,0.0,Credit Card,65.0,547.72,2025,2025-09,September
ORD12579,2025-12-14,South,Furniture,Bed Frame,464.06,6.0,0.0,Online Wallet,42.0,2784.36,2025,2025-12,December
ORD13305,2025-09-02,South,Electronics,Headphones,373.88,2.0,0.0,Debit Card,37.0,747.76,2025,2025-09,September
ORD10705,2024-10-20,North,Furniture,Desk,163.6,9.0,10.0,Online Wallet,39.0,1325.1599999999999,2024,2024-10,October
ORD11197,2024-12-07,West,Toys,Rc Car,36.45,4.0,0.0,Credit Card,39.0,145.8,2024,2024-12,December
ORD11850,2024-11-03,North,Groceries,Cereal,203.67,3.0,0.0,Online Wallet,49.0,611.01,2024,2024-11,November
ORD14281,2024-02-20,North,Furniture,Bookshelf,482.61,9.0,0.0,Debit Card,66.0,4343.49,2024,2024-02,February
ORD10434,2025-08-04,North,Toys,Puzzle,171.13,4.0,0.0,Credit Card,66.0,684.52,2025,2025-08,August
ORD13964,2024-08-05,East,Clothing,Cap,247.79,2.0,0.0,Debit Card,55.0,495.58,2024,2024-08,August
ORD12719,2024-04-16,North,Groceries,Snacks,467.49,3.0,0.0,Credit Card,37.0,1402.47,2024,2024-04,April
ORD11731,2025-11-22,West,Clothing,Sneakers,124.06,2.0,0.0,Credit Card,38.0,248.12,2025,2025-11,November
ORD10383,2025-12-26,West,Furniture,Desk,354.95,7.0,0.0,Online Wallet,58.0,2484.65,2025,2025-12,December
ORD11794,2024-10-04,West,Toys,Puzzle,160.7,4.0,0.0,Online Wallet,42.0,642.8,2024,2024-10,October
ORD13505,2025-05-13,South,Groceries,Coffee,255.28,6.0,0.0,Credit Card,57.0,1531.68,2025,2025-05,May
ORD10735,2025-07-09,South,Groceries,Cereal,325.99,6.0,0.0,Online Wallet,39.0,1955.94,2025,2025-07,July
ORD12046,2024-08-21,South,Electronics,Laptop,301.84,1.0,0.0,Debit Card,48.0,301.84,2024,2024-08,August
ORD13832,2024-03-23,East,Groceries,Pasta,25.15,5.0,15.0,Credit Card,68.0,106.8875,2024,2024-03,March
ORD12024,2024-12-21,East,Clothing,Sneakers,202.34,1.0,0.0,Credit Card,34.0,202.34,2024,2024-12,December
ORD10432,2025-12-29,East,Electronics,Headphones,90.18,1.0,15.0,Online Wallet,19.0,76.653,2025,2025-12,December
ORD10739,2024-05-28,North,Electronics,Smartphone,419.08,6.0,10.0,Online Wallet,52.0,2263.032,2024,2024-05,May
ORD14004,2024-10-17,East,Clothing,Jeans,143.71,9.0,0.0,Online Wallet,47.0,1293.39,2024,2024-10,October
ORD12513,2024-07-29,South,Toys,Rc Car,314.98,3.0,5.0,Online Wallet,55.0,897.693,2024,2024-07,July
ORD12237,2024-06-10,South,Furniture,Bed Frame,424.77,1.0,0.0,Credit Card,18.0,424.77,2024,2024-06,June
ORD13655,2025-09-12,West,Groceries,Cereal,444.66,1.0,0.0,Cash,64.0,444.66,2025,2025-09,September
ORD11825,2024-09-02,East,Furniture,Office Chair,177.98,9.0,0.0,Debit Card,44.0,1601.82,2024,2024-09,September
ORD13475,2025-07-10,East,Toys,Board Game,224.86,5.0,0.0,Cash,45.0,1124.3000000000002,2025,2025-07,July
ORD12402,2025-10-16,West,Electronics,Headphones,327.75,2.0,5.0,Credit Card,67.0,622.725,2025,2025-10,October
ORD13021,2024-05-07,South,Toys,Board Game,83.78,5.0,0.0,Debit Card,39.0,418.9,2024,2024-05,May
ORD11766,2025-02-14,West,Groceries,Coffee,284.4,6.0,5.0,Debit Card,52.0,1621.0799999999997,2025,2025-02,February
ORD14411,2024-01-23,South,Furniture,Bed Frame,268.02,9.0,0.0,Online Wallet,49.0,2412.18,2024,2024-01,January
ORD14860,2025-06-06,East,Toys,Action Figure,9.98,3.0,5.0,Debit Card,36.0,28.443,2025,2025-06,June
ORD14172,2024-06-22,North,Clothing,Cap,188.65,1.0,0.0,Cash,56.0,188.65,2024,2024-06,June
ORD10007,2025-04-21,South,Furniture,Sofa,484.94,2.0,0.0,Online Wallet,31.0,969.88,2025,2025-04,April
ORD14506,2024-02-06,West,Clothing,Sneakers,259.38,5.0,0.0,Debit Card,36.0,1296.9,2024,2024-02,February
ORD13791,2024-03-19,South,Furniture,Bed Frame,306.64,8.0,0.0,Online Wallet,55.0,2453.12,2024,2024-03,March
ORD12671,2024-08-12,East,Groceries,Juice,56.83,4.0,0.0,Credit Card,51.0,227.32,2024,2024-08,August
ORD10403,2024-01-26,North,Groceries,Snacks,424.36,3.0,0.0,Credit Card,25.0,1273.08,2024,2024-01,January
ORD14734,2024-03-23,East,Toys,Rc Car,231.3,8.0,0.0,Credit Card,61.0,1850.4,2024,2024-03,March
ORD10050,2024-04-09,South,Toys,Action Figure,27.43,3.0,0.0,Credit Card,22.0,82.28999999999999,2024,2024-04,April
ORD13409,2025-06-09,North,Electronics,Tablet,477.26,2.0,15.0,Debit Card,27.0,811.342,2025,2025-06,June
ORD12147,2024-02-13,North,Furniture,Office Chair,139.63,7.0,0.0,Debit Card,65.0,977.41,2024,2024-02,February
ORD13163,2024-09-17,South,Clothing,Sneakers,396.87,6.0,0.0,Online Wallet,29.0,2381.2200000000003,2024,2024-09,September
ORD12196,2024-07-20,West,Clothing,Jeans,343.07,8.0,0.0,Debit Card,62.0,2744.56,2024,2024-07,July
ORD14514,2024-10-09,West,Groceries,Coffee,161.53,2.0,0.0,Cash,62.0,323.06,2024,2024-10,October
ORD10558,2024-10-04,East,Groceries,Coffee,117.13,1.0,0.0,Cash,59.0,117.13,2024,2024-10,October
ORD10726,2024-06-02,South,Furniture,Office Chair,134.57,1.0,0.0,Credit Card,20.0,134.57,2024,2024-06,June
ORD11886,2025-08-24,North,Electronics,Smartphone,394.22,6.0,0.0,Online Wallet,29.0,2365.32,2025,2025-08,August
ORD12534,2025-10-08,West,Electronics,Smartphone,449.4,3.0,0.0,Credit Card,60.0,1348.1999999999998,2025,2025-10,October
ORD11151,2024-03-16,East,Furniture,Bed Frame,472.33,9.0,0.0,Online Wallet,49.0,4250.97,2024,2024-03,March
ORD10009,2025-01-14,West,Electronics,Tablet,141.62,1.0,0.0,Credit Card,41.0,141.62,2025,2025-01,January
ORD14615,2024-12-15,West,Groceries,Juice,50.56,3.0,0.0,Debit Card,29.0,151.68,2024,2024-12,December
ORD11707,2024-04-12,East,Clothing,Jeans,179.45,4.0,0.0,Debit Card,27.0,717.8,2024,2024-04,April
ORD14177,2024-02-24,South,Groceries,Snacks,320.33,7.0,0.0,Online Wallet,54.0,2242.31,2024,2024-02,February
ORD12630,2024-04-22,East,Furniture,Bed Frame,248.43,4.0,5.0,Credit Card,58.0,944.034,2024,2024-04,April
ORD11614,2024-03-27,East,Clothing,Jeans,439.07,3.0,20.0,Cash,37.0,1053.768,2024,2024-03,March
ORD11071,2025-02-20,East,Furniture,Bed Frame,266.11,9.0,0.0,Credit Card,65.0,2394.9900000000002,2025,2025-02,February
ORD12961,2024-09-04,South,Toys,Board Game,57.21,1.0,20.0,Debit Card,36.0,45.768,2024,2024-09,September
ORD10716,2024-03-30,East,Groceries,Snacks,300.25,4.0,0.0,Online Wallet,34.0,1201.0,2024,2024-03,March
ORD14630,2024-12-21,North,Groceries,Juice,16.24,4.0,20.0,Online Wallet,67.0,51.967999999999996,2024,2024-12,December
ORD14760,2024-07-26,North,Furniture,Desk,38.83,4.0,0.0,Cash,51.0,155.32,2024,2024-07,July
ORD11396,2024-02-22,South,Groceries,Cereal,184.87,2.0,20.0,Credit Card,51.0,295.79200000000003,2024,2024-02,February
ORD11231,2025-08-05,South,Groceries,Coffee,60.98,1.0,0.0,Cash,47.0,60.98,2025,2025-08,August
ORD13783,2025-06-17,East,Furniture,Bookshelf,488.16,1.0,0.0,Online Wallet,44.0,488.16,2025,2025-06,June
ORD11896,2025-01-24,North,Groceries,Pasta,84.62,5.0,0.0,Cash,44.0,423.1,2025,2025-01,January
ORD11758,2025-09-21,West,Furniture,Office Chair,446.71,3.0,0.0,Cash,43.0,1340.1299999999999,2025,2025-09,September
ORD10318,2024-03-15,South,Clothing,Jeans,327.32,6.0,5.0,Online Wallet,28.0,1865.724,2024,2024-03,March
ORD12123,2024-07-06,South,Toys,Rc Car,374.4,8.0,0.0,Cash,26.0,2995.2,2024,2024-07,July
ORD14072,2025-12-06,North,Electronics,Smartwatch,147.51,5.0,0.0,Online Wallet,19.0,737.55,2025,2025-12,December
ORD11672,2025-07-05,North,Groceries,Pasta,77.9,8.0,0.0,Credit Card,23.0,623.2,2025,2025-07,July
ORD13489,2025-05-03,West,Furniture,Bookshelf,44.35,2.0,0.0,Online Wallet,58.0,88.7,2025,2025-05,May
ORD14928,2024-05-17,South,Clothing,Jeans,33.55,3.0,0.0,Cash,34.0,100.64999999999999,2024,2024-05,May
ORD12685,2025-07-24,West,Toys,Puzzle,444.32,2.0,0.0,Credit Card,29.0,888.64,2025,2025-07,July
ORD12916,2024-07-17,East,Clothing,T-Shirt,35.8,7.0,20.0,Debit Card,65.0,200.48,2024,2024-07,July
ORD11587,2025-08-14,North,Groceries,Snacks,329.31,9.0,0.0,Cash,62.0,2963.79,2025,2025-08,August
ORD10427,2024-02-07,West,Clothing,Sneakers,367.2,4.0,5.0,Credit Card,30.0,1395.36,2024,2024-02,February
ORD14204,2025-02-19,East,Toys,Action Figure,10.25,3.0,0.0,Online Wallet,47.0,30.75,2025,2025-02,February
ORD14058,2024-10-25,East,Clothing,Cap,311.96,2.0,10.0,Credit Card,32.0,561.528,2024,2024-10,October
ORD10480,2025-09-23,North,Electronics,Tablet,377.56,9.0,10.0,Credit Card,68.0,3058.236,2025,2025-09,September
ORD12209,2024-06-24,West,Groceries,Snacks,67.29,3.0,0.0,Online Wallet,35.0,201.87,2024,2024-06,June
ORD11298,2024-02-14,West,Furniture,Bookshelf,269.45,8.0,0.0,Online Wallet,68.0,2155.6,2024,2024-02,February
ORD10262,2025-12-26,East,Toys,Lego Set,320.15,1.0,0.0,Online Wallet,62.0,320.15,2025,2025-12,December
ORD12456,2025-03-15,South,Clothing,Jacket,211.26,4.0,0.0,Cash,40.0,845.04,2025,2025-03,March
ORD14483,2024-09-14,North,Furniture,Office Chair,184.85,7.0,0.0,Online Wallet,31.0,1293.95,2024,2024-09,September
ORD13477,2025-11-29,North,Clothing,Jacket,7.02,4.0,0.0,Online Wallet,58.0,28.08,2025,2025-11,November
ORD10666,2024-01-21,South,Toys,Rc Car,216.12,9.0,0.0,Cash,48.0,1945.08,2024,2024-01,January
ORD10171,2024-01-17,North,Clothing,T-Shirt,62.34,2.0,0.0,Online Wallet,62.0,124.68,2024,2024-01,January
ORD11176,2025-05-28,East,Toys,Lego Set,282.13,2.0,0.0,Online Wallet,68.0,564.26,2025,2025-05,May
ORD13339,2024-03-23,South,Toys,Puzzle,104.96,1.0,0.0,Online Wallet,23.0,104.96,2024,2024-03,March
ORD11077,2025-08-28,East,Groceries,Pasta,407.64,6.0,0.0,Debit Card,48.0,2445.84,2025,2025-08,August
ORD13725,2025-09-02,South,Clothing,Jacket,204.14,2.0,0.0,Credit Card,34.0,408.28,2025,2025-09,September
ORD12823,2024-08-15,South,Groceries,Coffee,377.09,5.0,5.0,Cash,45.0,1791.1774999999998,2024,2024-08,August
ORD10686,2025-03-07,East,Clothing,T-Shirt,415.21,3.0,5.0,Debit Card,52.0,1183.3484999999998,2025,2025-03,March
ORD14636,2024-11-03,West,Furniture,Office Chair,130.2,3.0,0.0,Online Wallet,66.0,390.59999999999997,2024,2024-11,November
ORD12188,2025-01-16,North,Electronics,Headphones,316.38,7.0,0.0,Online Wallet,47.0,2214.66,2025,2025-01,January
ORD10693,2024-05-09,East,Electronics,Smartphone,465.76,7.0,0.0,Debit Card,34.0,3260.3199999999997,2024,2024-05,May
ORD13198,2025-03-21,South,Furniture,Office Chair,424.38,7.0,0.0,Cash,44.0,2970.66,2025,2025-03,March
ORD14443,2024-01-30,North,Toys,Lego Set,93.97,2.0,0.0,Credit Card,34.0,187.94,2024,2024-01,January
ORD12611,2025-04-10,West,Electronics,Smartwatch,198.57,2.0,20.0,Cash,46.0,317.712,2025,2025-04,April
ORD14395,2025-09-02,West,Toys,Board Game,414.37,5.0,0.0,Cash,18.0,2071.85,2025,2025-09,September
ORD14642,2024-09-27,South,Electronics,Tablet,205.79,4.0,0.0,Cash,21.0,823.16,2024,2024-09,September
ORD13195,2025-02-24,East,Electronics,Laptop,217.74,2.0,0.0,Credit Card,44.0,435.48,2025,2025-02,February
ORD12954,2025-04-11,North,Furniture,Desk,442.58,9.0,0.0,Cash,38.0,3983.22,2025,2025-04,April
ORD14286,2024-06-01,East,Toys,Puzzle,328.45,4.0,0.0,Credit Card,64.0,1313.8,2024,2024-06,June
ORD12617,2024-06-13,East,Groceries,Pasta,391.82,8.0,5.0,Cash,66.0,2977.832,2024,2024-06,June
ORD13834,2024-11-03,East,Clothing,Jeans,283.64,7.0,0.0,Debit Card,34.0,1985.48,2024,2024-11,November
ORD13908,2025-07-11,North,Furniture,Sofa,395.37,4.0,0.0,Credit Card,51.0,1581.48,2025,2025-07,July
ORD11827,2024-07-15,North,Clothing,Jeans,165.1,8.0,0.0,Debit Card,51.0,1320.8,2024,2024-07,July
ORD10781,2025-09-11,South,Electronics,Tablet,197.66,6.0,15.0,Cash,44.0,1008.066,2025,2025-09,September
ORD11727,2024-10-02,North,Groceries,Pasta,353.68,9.0,0.0,Online Wallet,50.0,3183.12,2024,2024-10,October
ORD14192,2025-08-22,South,Groceries,Cereal,267.73,4.0,0.0,Cash,29.0,1070.92,2025,2025-08,August
ORD14063,2025-02-10,South,Electronics,Tablet,108.71,5.0,0.0,Debit Card,50.0,543.55,2025,2025-02,February
ORD10541,2024-04-24,North,Clothing,T-Shirt,150.42,8.0,15.0,Online Wallet,34.0,1022.8559999999999,2024,2024-04,April
ORD10711,2025-03-13,North,Electronics,Tablet,63.52,6.0,5.0,Debit Card,62.0,362.06399999999996,2025,2025-03,March
ORD12560,2024-07-28,West,Electronics,Headphones,8.94,7.0,0.0,Online Wallet,20.0,62.58,2024,2024-07,July
ORD12868,2024-09-16,South,Toys,Rc Car,423.87,4.0,0.0,Online Wallet,63.0,1695.48,2024,2024-09,September
ORD10630,2025-10-31,South,Electronics,Tablet,160.93,2.0,0.0,Debit Card,53.0,321.86,2025,2025-10,October
ORD10254,2024-08-18,South,Groceries,Juice,363.54,5.0,10.0,Debit Card,52.0,1635.93,2024,2024-08,August
ORD11942,2024-03-18,West,Groceries,Pasta,402.06,8.0,0.0,Online Wallet,32.0,3216.48,2024,2024-03,March
ORD12600,2024-09-24,East,Toys,Rc Car,421.52,8.0,0.0,Debit Card,21.0,3372.16,2024,2024-09,September
ORD10882,2025-10-21,South,Groceries,Pasta,343.8,2.0,5.0,Debit Card,23.0,653.22,2025,2025-10,October
ORD12430,2025-05-04,West,Clothing,Jacket,278.08,1.0,0.0,Online Wallet,28.0,278.08,2025,2025-05,May
ORD13189,2024-03-05,North,Furniture,Office Chair,180.85,7.0,0.0,Debit Card,18.0,1265.95,2024,2024-03,March
ORD11240,2025-08-11,North,Clothing,Jacket,157.77,1.0,0.0,Debit Card,28.0,157.77,2025,2025-08,August
ORD13751,2025-02-10,West,Furniture,Bed Frame,239.57,5.0,5.0,Debit Card,63.0,1137.9574999999998,2025,2025-02,February
ORD14126,2024-02-28,South,Electronics,Laptop,58.79,9.0,0.0,Debit Card,42.0,529.11,2024,2024-02,February
ORD13961,2025-11-15,East,Furniture,Office Chair,167.21,6.0,0.0,Credit Card,23.0,1003.26,2025,2025-11,November
ORD11171,2024-07-08,South,Groceries,Cereal,440.05,8.0,0.0,Online Wallet,46.0,3520.4,2024,2024-07,July
ORD14753,2025-10-31,South,Clothing,Sneakers,161.2,9.0,0.0,Online Wallet,23.0,1450.8,2025,2025-10,October
ORD13893,2024-03-02,South,Clothing,Sneakers,311.06,6.0,0.0,Cash,60.0,1866.3600000000001,2024,2024-03,March
ORD12481,2024-11-01,North,Furniture,Sofa,486.25,1.0,10.0,Cash,56.0,437.625,2024,2024-11,November
ORD12165,2025-07-27,South,Groceries,Pasta,270.82,9.0,0.0,Credit Card,69.0,2437.38,2025,2025-07,July
ORD12369,2025-07-29,East,Furniture,Desk,177.17,9.0,0.0,Cash,44.0,1594.53,2025,2025-07,July
ORD10588,2025-07-03,North,Groceries,Juice,124.06,9.0,0.0,Online Wallet,21.0,1116.54,2025,2025-07,July
ORD10790,2024-02-26,South,Clothing,Cap,335.66,2.0,0.0,Online Wallet,28.0,671.32,2024,2024-02,February
ORD12399,2025-06-01,East,Electronics,Smartphone,129.43,6.0,0.0,Credit Card,46.0,776.58,2025,2025-06,June
ORD11144,2025-05-31,West,Electronics,Smartwatch,170.44,7.0,5.0,Credit Card,24.0,1133.426,2025,2025-05,May
ORD11329,2025-04-06,South,Clothing,Jeans,498.6,1.0,0.0,Online Wallet,55.0,498.6,2025,2025-04,April
ORD12809,2024-06-24,East,Groceries,Pasta,232.38,4.0,0.0,Online Wallet,25.0,929.52,2024,2024-06,June
ORD14954,2025-05-24,East,Clothing,Jeans,320.16,2.0,0.0,Cash,25.0,640.32,2025,2025-05,May
ORD13276,2025-03-01,North,Electronics,Smartwatch,57.96,6.0,0.0,Cash,67.0,347.76,2025,2025-03,March
ORD10075,2024-10-08,East,Furniture,Office Chair,193.54,6.0,0.0,Credit Card,30.0,1161.24,2024,2024-10,October
ORD12394,2024-09-11,South,Furniture,Desk,422.52,7.0,10.0,Debit Card,29.0,2661.8759999999997,2024,2024-09,September
ORD14090,2024-06-29,South,Toys,Puzzle,285.17,9.0,0.0,Credit Card,57.0,2566.53,2024,2024-06,June
ORD13703,2024-05-29,North,Furniture,Bookshelf,106.6,6.0,0.0,Debit Card,30.0,639.5999999999999,2024,2024-05,May
ORD12407,2024-07-20,South,Groceries,Juice,437.59,5.0,0.0,Credit Card,32.0,2187.95,2024,2024-07,July
ORD10554,2024-08-24,South,Toys,Rc Car,42.45,5.0,0.0,Credit Card,55.0,212.25,2024,2024-08,August
ORD10702,2024-10-24,East,Electronics,Laptop,121.2,3.0,0.0,Online Wallet,41.0,363.6,2024,2024-10,October
ORD11466,2024-01-14,North,Groceries,Snacks,376.82,3.0,10.0,Credit Card,55.0,1017.4140000000001,2024,2024-01,January
ORD14879,2024-06-30,East,Electronics,Tablet,164.68,3.0,0.0,Credit Card,57.0,494.04,2024,2024-06,June
ORD11735,2024-03-14,North,Furniture,Bed Frame,298.86,6.0,0.0,Credit Card,65.0,1793.16,2024,2024-03,March
ORD11101,2025-08-21,East,Electronics,Tablet,359.64,1.0,10.0,Online Wallet,22.0,323.676,2025,2025-08,August
ORD13922,2024-07-14,West,Electronics,Headphones,73.63,4.0,0.0,Credit Card,56.0,294.52,2024,2024-07,July
ORD12193,2025-04-29,North,Furniture,Desk,183.68,9.0,5.0,Cash,39.0,1570.464,2025,2025-04,April
ORD12027,2024-02-17,West,Furniture,Bed Frame,412.0,7.0,5.0,Cash,27.0,2739.7999999999997,2024,2024-02,February
ORD10945,2025-02-18,South,Furniture,Sofa,470.93,8.0,0.0,Credit Card,45.0,3767.44,2025,2025-02,February
ORD14819,2025-06-05,North,Toys,Action Figure,448.0,2.0,15.0,Online Wallet,51.0,761.6,2025,2025-06,June
ORD13733,2025-03-15,South,Electronics,Laptop,342.33,1.0,0.0,Credit Card,60.0,342.33,2025,2025-03,March
ORD14985,2024-02-16,North,Toys,Rc Car,469.08,2.0,5.0,Online Wallet,28.0,891.252,2024,2024-02,February
ORD10842,2024-11-20,North,Furniture,Bookshelf,74.98,6.0,0.0,Credit Card,69.0,449.88,2024,2024-11,November
ORD11924,2025-11-28,East,Toys,Rc Car,98.36,2.0,0.0,Cash,30.0,196.72,2025,2025-11,November
ORD12550,2025-08-08,South,Groceries,Juice,37.41,3.0,5.0,Debit Card,55.0,106.61849999999998,2025,2025-08,August
ORD12415,2024-01-29,South,Electronics,Headphones,326.99,5.0,0.0,Debit Card,44.0,1634.95,2024,2024-01,January
ORD14775,2024-03-16,South,Furniture,Bed Frame,32.46,4.0,0.0,Online Wallet,44.0,129.84,2024,2024-03,March
ORD11919,2024-03-04,South,Groceries,Pasta,95.33,2.0,0.0,Cash,50.0,190.66,2024,2024-03,March
ORD13650,2024-03-27,West,Toys,Rc Car,249.57,8.0,5.0,Debit Card,56.0,1896.732,2024,2024-03,March
ORD13623,2024-04-03,South,Toys,Action Figure,426.26,4.0,0.0,Cash,58.0,1705.04,2024,2024-04,April
ORD10968,2025-10-23,South,Groceries,Snacks,208.1,1.0,0.0,Credit Card,44.0,208.1,2025,2025-10,October
ORD13778,2024-11-20,South,Clothing,Cap,173.99,7.0,0.0,Debit Card,32.0,1217.93,2024,2024-11,November
ORD12776,2024-12-13,East,Toys,Rc Car,133.2,4.0,0.0,Cash,41.0,532.8,2024,2024-12,December
ORD11281,2024-12-29,South,Clothing,Cap,148.3,5.0,5.0,Cash,25.0,704.425,2024,2024-12,December
ORD10225,2024-06-07,East,Groceries,Snacks,355.98,8.0,5.0,Credit Card,59.0,2705.448,2024,2024-06,June
ORD13934,2024-10-14,East,Furniture,Desk,346.24,1.0,0.0,Debit Card,44.0,346.24,2024,2024-10,October
ORD10755,2024-09-15,East,Furniture,Bed Frame,426.76,2.0,0.0,Online Wallet,35.0,853.52,2024,2024-09,September
ORD11856,2024-03-15,West,Clothing,T-Shirt,377.27,1.0,5.0,Debit Card,44.0,358.4065,2024,2024-03,March
ORD14466,2025-11-13,North,Toys,Board Game,242.46,8.0,0.0,Cash,31.0,1939.68,2025,2025-11,November
ORD13694,2024-08-07,North,Groceries,Snacks,379.1,7.0,0.0,Debit Card,30.0,2653.7000000000003,2024,2024-08,August
ORD14916,2024-09-11,East,Toys,Puzzle,100.31,6.0,0.0,Cash,40.0,601.86,2024,2024-09,September
ORD13844,2025-06-08,South,Clothing,Jacket,116.06,7.0,0.0,Online Wallet,19.0,812.4200000000001,2025,2025-06,June
ORD14432,2024-09-05,North,Clothing,Cap,160.79,5.0,20.0,Debit Card,56.0,643.16,2024,2024-09,September
ORD10845,2024-07-06,West,Toys,Puzzle,286.9,9.0,0.0,Credit Card,44.0,2582.1,2024,2024-07,July
ORD10572,2024-07-30,South,Electronics,Smartwatch,111.53,8.0,0.0,Cash,59.0,892.24,2024,2024-07,July
ORD14019,2024-02-21,North,Toys,Rc Car,88.65,2.0,0.0,Credit Card,60.0,177.3,2024,2024-02,February
ORD13545,2024-12-22,West,Clothing,Sneakers,326.12,1.0,0.0,Debit Card,25.0,326.12,2024,2024-12,December
ORD12016,2024-12-28,East,Groceries,Coffee,469.15,1.0,0.0,Online Wallet,44.0,469.15,2024,2024-12,December
ORD11131,2024-06-11,East,Clothing,Jacket,279.98,3.0,0.0,Cash,35.0,839.94,2024,2024-06,June
ORD13854,2025-06-22,North,Electronics,Smartphone,145.26,3.0,0.0,Credit Card,62.0,435.78,2025,2025-06,June
ORD11624,2024-03-23,West,Toys,Lego Set,481.96,2.0,0.0,Online Wallet,51.0,963.92,2024,2024-03,March
ORD13821,2025-11-10,West,Clothing,Sneakers,403.39,1.0,0.0,Cash,41.0,403.39,2025,2025-11,November
ORD10476,2024-12-19,North,Furniture,Office Chair,208.92,6.0,0.0,Credit Card,65.0,1253.52,2024,2024-12,December
ORD14934,2025-12-11,East,Groceries,Juice,369.59,4.0,5.0,Online Wallet,31.0,1404.4419999999998,2025,2025-12,December
ORD11662,2024-04-21,South,Clothing,T-Shirt,443.85,1.0,0.0,Debit Card,43.0,443.85,2024,2024-04,April
ORD10081,2025-02-04,North,Toys,Board Game,71.34,7.0,5.0,Credit Card,31.0,474.411,2025,2025-02,February
ORD13636,2024-04-24,West,Electronics,Headphones,140.09,6.0,0.0,Online Wallet,25.0,840.54,2024,2024-04,April
ORD11690,2025-04-15,West,Electronics,Smartphone,13.85,2.0,5.0,Debit Card,57.0,26.314999999999998,2025,2025-04,April
ORD10278,2025-04-27,West,Electronics,Tablet,203.74,2.0,0.0,Debit Card,38.0,407.48,2025,2025-04,April
ORD12869,2024-01-10,West,Clothing,Jeans,56.45,9.0,0.0,Online Wallet,41.0,508.05,2024,2024-01,January
ORD11651,2025-05-21,North,Toys,Puzzle,448.42,5.0,0.0,Online Wallet,66.0,2242.1,2025,2025-05,May
ORD10551,2024-10-28,South,Toys,Action Figure,317.96,8.0,0.0,Credit Card,23.0,2543.68,2024,2024-10,October
ORD14925,2024-01-04,East,Furniture,Office Chair,320.61,1.0,0.0,Debit Card,48.0,320.61,2024,2024-01,January
ORD12063,2025-08-26,North,Electronics,Headphones,405.57,1.0,0.0,Online Wallet,57.0,405.57,2025,2025-08,August
ORD11087,2025-09-10,North,Toys,Lego Set,407.24,1.0,10.0,Debit Card,60.0,366.516,2025,2025-09,September
ORD12185,2024-07-20,North,Groceries,Pasta,231.67,6.0,0.0,Debit Card,31.0,1390.02,2024,2024-07,July
ORD10382,2025-12-16,North,Furniture,Bookshelf,204.21,9.0,0.0,Debit Card,46.0,1837.89,2025,2025-12,December
ORD11099,2025-11-01,South,Toys,Rc Car,436.04,9.0,0.0,Credit Card,30.0,3924.36,2025,2025-11,November
ORD14031,2024-01-31,North,Toys,Action Figure,360.53,9.0,0.0,Credit Card,40.0,3244.7699999999995,2024,2024-01,January
ORD14076,2025-06-26,South,Electronics,Laptop,346.78,7.0,0.0,Cash,41.0,2427.46,2025,2025-06,June
ORD10482,2025-06-25,North,Clothing,Jacket,325.65,2.0,15.0,Online Wallet,19.0,553.6049999999999,2025,2025-06,June
ORD12083,2025-11-26,North,Electronics,Laptop,352.24,1.0,20.0,Debit Card,56.0,281.79200000000003,2025,2025-11,November
ORD14591,2024-07-08,West,Groceries,Juice,365.01,4.0,5.0,Debit Card,33.0,1387.038,2024,2024-07,July
ORD14160,2024-02-19,North,Groceries,Pasta,215.9,3.0,0.0,Online Wallet,55.0,647.7,2024,2024-02,February
ORD12285,2024-06-17,South,Electronics,Smartphone,498.7,2.0,0.0,Cash,44.0,997.4,2024,2024-06,June
ORD12274,2024-02-15,South,Furniture,Bed Frame,247.02,7.0,5.0,Credit Card,26.0,1642.683,2024,2024-02,February
ORD10918,2024-12-31,East,Clothing,Cap,114.43,3.0,5.0,Online Wallet,68.0,326.1255,2024,2024-12,December
ORD10984,2025-02-19,South,Groceries,Snacks,283.13,3.0,0.0,Credit Card,59.0,849.39,2025,2025-02,February
ORD13358,2024-04-28,West,Groceries,Snacks,309.4,4.0,0.0,Cash,29.0,1237.6,2024,2024-04,April
ORD10473,2024-08-22,South,Electronics,Headphones,367.54,3.0,0.0,Debit Card,64.0,1102.6200000000001,2024,2024-08,August
ORD13587,2025-10-06,South,Toys,Rc Car,226.14,3.0,0.0,Online Wallet,62.0,678.42,2025,2025-10,October
ORD11120,2024-08-18,North,Electronics,Smartphone,98.01,6.0,10.0,Debit Card,60.0,529.254,2024,2024-08,August
ORD12952,2025-04-25,South,Furniture,Bed Frame,453.2,6.0,0.0,Credit Card,22.0,2719.2,2025,2025-04,April
ORD14558,2025-12-28,East,Electronics,Smartphone,299.36,9.0,5.0,Online Wallet,59.0,2559.5280000000002,2025,2025-12,December
ORD10089,2024-09-05,South,Clothing,T-Shirt,243.17,6.0,0.0,Debit Card,60.0,1459.02,2024,2024-09,September
ORD10850,2024-11-30,North,Electronics,Smartphone,190.78,2.0,0.0,Credit Card,61.0,381.56,2024,2024-11,November
ORD14723,2024-09-09,West,Clothing,Cap,491.02,3.0,0.0,Online Wallet,24.0,1473.06,2024,2024-09,September
ORD13539,2025-09-02,North,Furniture,Sofa,87.3,5.0,0.0,Credit Card,34.0,436.5,2025,2025-09,September
ORD12241,2025-02-22,West,Toys,Puzzle,85.33,1.0,0.0,Online Wallet,68.0,85.33,2025,2025-02,February
ORD12427,2025-03-24,South,Furniture,Bed Frame,52.87,4.0,0.0,Cash,23.0,211.48,2025,2025-03,March
ORD10297,2025-04-16,West,Furniture,Bookshelf,282.28,7.0,0.0,Debit Card,61.0,1975.9599999999998,2025,2025-04,April
ORD14068,2025-05-03,South,Clothing,Sneakers,34.38,8.0,0.0,Debit Card,69.0,275.04,2025,2025-05,May
ORD10527,2024-03-12,East,Groceries,Juice,189.23,6.0,0.0,Online Wallet,45.0,1135.3799999999999,2024,2024-03,March
ORD14464,2024-11-07,West,Electronics,Smartwatch,321.8,9.0,0.0,Cash,24.0,2896.2000000000003,2024,2024-11,November
ORD10072,2024-02-10,North,Groceries,Juice,133.68,6.0,0.0,Credit Card,50.0,802.08,2024,2024-02,February
ORD13656,2024-05-05,North,Furniture,Desk,362.14,9.0,0.0,Credit Card,48.0,3259.2599999999998,2024,2024-05,May
ORD11684,2025-04-09,West,Groceries,Pasta,303.69,5.0,0.0,Cash,21.0,1518.45,2025,2025-04,April
ORD13802,2025-11-25,East,Electronics,Laptop,372.31,4.0,0.0,Debit Card,24.0,1489.24,2025,2025-11,November
ORD11138,2024-05-16,West,Groceries,Cereal,406.02,6.0,0.0,Debit Card,36.0,2436.12,2024,2024-05,May
ORD14120,2024-09-20,East,Electronics,Smartphone,374.6,5.0,0.0,Debit Card,38.0,1873.0,2024,2024-09,September
ORD14982,2024-11-20,South,Toys,Board Game,78.56,5.0,0.0,Credit Card,20.0,392.8,2024,2024-11,November
ORD14870,2025-02-24,North,Groceries,Juice,74.2,2.0,0.0,Cash,21.0,148.4,2025,2025-02,February
ORD13296,2024-07-22,South,Toys,Lego Set,215.1,7.0,0.0,Credit Card,46.0,1505.7,2024,2024-07,July
ORD11006,2024-06-26,West,Toys,Board Game,64.97,9.0,0.0,Cash,59.0,584.73,2024,2024-06,June
ORD14887,2024-09-03,North,Clothing,Jeans,191.66,8.0,15.0,Debit Card,57.0,1303.288,2024,2024-09,September
ORD14984,2025-04-01,West,Electronics,Headphones,245.34,3.0,5.0,Credit Card,68.0,699.2189999999999,2025,2025-04,April
ORD11475,2024-07-01,West,Electronics,Smartphone,293.68,8.0,5.0,Credit Card,30.0,2231.968,2024,2024-07,July
ORD12569,2024-07-23,East,Furniture,Desk,461.04,4.0,5.0,Credit Card,19.0,1751.952,2024,2024-07,July
ORD10083,2024-11-03,East,Clothing,Jacket,275.99,1.0,0.0,Online Wallet,47.0,275.99,2024,2024-11,November
ORD12406,2024-01-24,North,Toys,Lego Set,269.29,6.0,5.0,Debit Card,54.0,1534.9530000000002,2024,2024-01,January
ORD14596,2024-04-19,North,Furniture,Bookshelf,480.91,3.0,0.0,Credit Card,18.0,1442.73,2024,2024-04,April
ORD11836,2025-01-15,North,Clothing,Cap,441.26,3.0,5.0,Credit Card,40.0,1257.591,2025,2025-01,January
ORD13376,2025-08-29,North,Clothing,T-Shirt,272.22,6.0,10.0,Credit Card,48.0,1469.9880000000003,2025,2025-08,August
ORD12635,2025-12-14,East,Clothing,Jacket,372.02,5.0,0.0,Credit Card,46.0,1860.1,2025,2025-12,December
ORD14315,2025-11-09,South,Clothing,Jacket,88.7,5.0,0.0,Cash,25.0,443.5,2025,2025-11,November
ORD14028,2024-02-22,East,Furniture,Desk,176.21,7.0,10.0,Credit Card,44.0,1110.123,2024,2024-02,February
ORD12008,2024-05-25,West,Clothing,Jacket,450.02,1.0,5.0,Online Wallet,62.0,427.51899999999995,2024,2024-05,May
ORD12593,2024-03-07,West,Groceries,Juice,388.04,8.0,0.0,Online Wallet,65.0,3104.32,2024,2024-03,March
ORD10047,2024-09-28,North,Electronics,Smartwatch,260.76,5.0,0.0,Cash,20.0,1303.8,2024,2024-09,September
ORD12104,2025-03-22,East,Clothing,Jeans,414.43,1.0,0.0,Online Wallet,59.0,414.43,2025,2025-03,March
ORD13472,2025-03-04,East,Toys,Puzzle,200.37,4.0,0.0,Credit Card,57.0,801.48,2025,2025-03,March
ORD11929,2025-12-07,East,Furniture,Office Chair,97.02,7.0,0.0,Online Wallet,55.0,679.14,2025,2025-12,December
ORD10397,2025-05-16,South,Electronics,Tablet,13.39,9.0,0.0,Debit Card,24.0,120.51,2025,2025-05,May
ORD11507,2025-04-19,South,Clothing,Sneakers,313.75,5.0,0.0,Online Wallet,65.0,1568.75,2025,2025-04,April
ORD13702,2025-09-15,North,Toys,Lego Set,436.02,8.0,0.0,Debit Card,37.0,3488.16,2025,2025-09,September
ORD14303,2024-03-22,South,Electronics,Headphones,6.45,5.0,0.0,Debit Card,51.0,32.25,2024,2024-03,March
ORD13271,2024-11-26,North,Furniture,Bed Frame,168.96,1.0,0.0,Debit Card,18.0,168.96,2024,2024-11,November
ORD14528,2024-02-16,South,Toys,Lego Set,353.71,9.0,0.0,Cash,18.0,3183.39,2024,2024-02,February
ORD14613,2025-04-22,West,Electronics,Laptop,10.13,3.0,0.0,Debit Card,69.0,30.39,2025,2025-04,April
ORD13119,2025-01-10,North,Toys,Action Figure,200.53,3.0,0.0,Debit Card,32.0,601.59,2025,2025-01,January
ORD14519,2024-01-11,West,Furniture,Office Chair,294.22,8.0,15.0,Debit Card,18.0,2000.6960000000001,2024,2024-01,January
ORD10986,2024-12-05,North,Electronics,Headphones,274.82,4.0,0.0,Credit Card,21.0,1099.28,2024,2024-12,December
ORD14659,2024-12-22,West,Electronics,Headphones,198.32,2.0,0.0,Cash,22.0,396.64,2024,2024-12,December
ORD13352,2025-03-26,South,Furniture,Desk,80.45,1.0,15.0,Debit Card,60.0,68.38250000000001,2025,2025-03,March
ORD10484,2024-11-30,North,Furniture,Bed Frame,119.62,3.0,0.0,Debit Card,31.0,358.86,2024,2024-11,November
ORD10237,2025-04-15,South,Electronics,Laptop,235.28,8.0,0.0,Debit Card,53.0,1882.24,2025,2025-04,April
ORD14423,2025-04-19,South,Groceries,Juice,176.31,7.0,0.0,Credit Card,27.0,1234.17,2025,2025-04,April
ORD13087,2025-08-19,North,Clothing,T-Shirt,10.96,8.0,0.0,Online Wallet,49.0,87.68,2025,2025-08,August
ORD10471,2025-12-26,South,Groceries,Cereal,151.49,5.0,0.0,Online Wallet,63.0,757.45,2025,2025-12,December
ORD12963,2025-06-06,East,Groceries,Cereal,114.25,4.0,0.0,Cash,24.0,457.0,2025,2025-06,June
ORD11104,2024-04-30,South,Groceries,Juice,69.24,2.0,0.0,Credit Card,21.0,138.48,2024,2024-04,April
ORD13168,2024-11-23,East,Groceries,Cereal,80.52,6.0,10.0,Online Wallet,29.0,434.808,2024,2024-11,November
ORD10802,2024-03-14,South,Clothing,Jacket,63.92,1.0,0.0,Online Wallet,19.0,63.92,2024,2024-03,March
ORD13295,2025-03-16,East,Toys,Action Figure,316.26,6.0,0.0,Online Wallet,39.0,1897.56,2025,2025-03,March
ORD14884,2024-08-05,South,Toys,Action Figure,162.58,2.0,0.0,Debit Card,63.0,325.16,2024,2024-08,August
ORD12824,2025-03-05,West,Clothing,Cap,212.46,6.0,15.0,Credit Card,66.0,1083.546,2025,2025-03,March
ORD12971,2025-11-21,South,Toys,Rc Car,257.66,5.0,0.0,Online Wallet,35.0,1288.3000000000002,2025,2025-11,November
ORD11737,2025-04-07,West,Toys,Action Figure,396.17,8.0,0.0,Online Wallet,28.0,3169.36,2025,2025-04,April
ORD13336,2025-12-28,North,Furniture,Bookshelf,203.2,5.0,0.0,Online Wallet,23.0,1016.0,2025,2025-12,December
ORD14205,2025-05-28,South,Clothing,Jeans,414.93,6.0,0.0,Cash,38.0,2489.58,2025,2025-05,May
ORD14465,2024-12-16,North,Groceries,Pasta,158.44,7.0,0.0,Cash,43.0,1109.08,2024,2024-12,December
ORD13132,2024-12-09,East,Electronics,Headphones,324.9,4.0,10.0,Debit Card,32.0,1169.6399999999999,2024,2024-12,December
ORD10034,2025-10-20,West,Electronics,Smartwatch,288.14,1.0,0.0,Online Wallet,45.0,288.14,2025,2025-10,October
ORD14895,2025-09-17,East,Groceries,Pasta,59.51,9.0,10.0,Online Wallet,68.0,482.03100000000006,2025,2025-09,September
ORD12661,2024-04-06,West,Toys,Action Figure,482.07,4.0,0.0,Cash,25.0,1928.28,2024,2024-04,April
ORD10564,2025-02-02,East,Toys,Lego Set,308.33,3.0,0.0,Cash,37.0,924.99,2025,2025-02,February
ORD14206,2024-03-19,South,Groceries,Snacks,220.67,1.0,0.0,Cash,57.0,220.67,2024,2024-03,March
ORD10074,2024-08-29,South,Electronics,Smartphone,278.04,5.0,0.0,Credit Card,18.0,1390.2,2024,2024-08,August
ORD10855,2024-05-20,East,Groceries,Coffee,453.52,3.0,10.0,Credit Card,19.0,1224.504,2024,2024-05,May
ORD10309,2025-04-12,West,Furniture,Desk,281.12,2.0,0.0,Cash,62.0,562.24,2025,2025-04,April
ORD12268,2025-08-29,East,Toys,Rc Car,480.5,9.0,0.0,Cash,63.0,4324.5,2025,2025-08,August
ORD10282,2025-04-13,South,Furniture,Bed Frame,5.93,7.0,0.0,Debit Card,63.0,41.51,2025,2025-04,April
ORD12448,2024-06-14,South,Toys,Rc Car,240.92,2.0,0.0,Credit Card,37.0,481.84,2024,2024-06,June
ORD12416,2025-06-15,South,Furniture,Bookshelf,233.05,5.0,0.0,Online Wallet,44.0,1165.25,2025,2025-06,June
ORD10547,2024-12-25,South,Furniture,Office Chair,291.06,3.0,0.0,Cash,44.0,873.1800000000001,2024,2024-12,December
ORD13176,2024-06-09,North,Groceries,Juice,45.29,4.0,0.0,Credit Card,41.0,181.16,2024,2024-06,June
ORD13712,2025-12-11,East,Groceries,Cereal,320.14,1.0,0.0,Cash,57.0,320.14,2025,2025-12,December
ORD11158,2025-12-06,North,Electronics,Laptop,436.28,2.0,0.0,Debit Card,21.0,872.56,2025,2025-12,December
ORD11680,2024-02-01,North,Toys,Action Figure,142.39,9.0,0.0,Online Wallet,31.0,1281.5099999999998,2024,2024-02,February
ORD10720,2024-04-10,North,Clothing,Jeans,183.4,5.0,0.0,Credit Card,41.0,917.0,2024,2024-04,April
ORD10291,2024-02-18,West,Toys,Rc Car,220.41,5.0,5.0,Debit Card,21.0,1046.9475,2024,2024-02,February
ORD10540,2024-07-10,North,Furniture,Bed Frame,218.4,8.0,5.0,Cash,68.0,1659.84,2024,2024-07,July
ORD14215,2024-10-14,South,Clothing,T-Shirt,496.95,1.0,0.0,Debit Card,64.0,496.95,2024,2024-10,October
ORD11036,2024-11-15,East,Toys,Puzzle,13.9,2.0,15.0,Credit Card,52.0,23.63,2024,2024-11,November
ORD13891,2025-03-06,South,Groceries,Cereal,490.68,7.0,0.0,Credit Card,22.0,3434.76,2025,2025-03,March
ORD11047,2025-01-27,West,Toys,Lego Set,10.35,7.0,15.0,Credit Card,57.0,61.5825,2025,2025-01,January
ORD12161,2025-11-24,South,Electronics,Headphones,286.27,6.0,15.0,Cash,52.0,1459.9769999999999,2025,2025-11,November
ORD13552,2025-03-28,East,Groceries,Snacks,100.69,6.0,15.0,Cash,64.0,513.519,2025,2025-03,March
ORD10060,2025-01-30,East,Toys,Rc Car,167.69,5.0,5.0,Cash,33.0,796.5275,2025,2025-01,January
ORD13602,2024-04-03,South,Clothing,Sneakers,450.25,5.0,0.0,Credit Card,38.0,2251.25,2024,2024-04,April
ORD10459,2024-11-26,North,Clothing,Jeans,299.43,7.0,0.0,Debit Card,36.0,2096.01,2024,2024-11,November
ORD11189,2025-11-27,North,Furniture,Desk,160.32,1.0,5.0,Debit Card,53.0,152.30399999999997,2025,2025-11,November
ORD13841,2025-09-21,East,Clothing,Jeans,478.76,6.0,0.0,Online Wallet,52.0,2872.56,2025,2025-09,September
ORD14706,2025-12-02,West,Furniture,Bed Frame,401.52,8.0,10.0,Credit Card,38.0,2890.944,2025,2025-12,December
ORD13974,2024-11-24,North,Electronics,Headphones,463.53,9.0,0.0,Credit Card,63.0,4171.7699999999995,2024,2024-11,November
ORD10535,2025-08-28,North,Toys,Board Game,106.2,7.0,0.0,Cash,69.0,743.4,2025,2025-08,August
ORD14017,2024-07-26,South,Electronics,Headphones,498.96,4.0,0.0,Debit Card,25.0,1995.84,2024,2024-07,July
ORD14570,2025-03-18,South,Toys,Action Figure,72.71,5.0,0.0,Debit Card,67.0,363.54999999999995,2025,2025-03,March
ORD12608,2024-09-25,North,Electronics,Headphones,332.69,4.0,0.0,Cash,66.0,1330.76,2024,2024-09,September
ORD12998,2024-09-28,South,Groceries,Cereal,41.91,2.0,20.0,Cash,19.0,67.056,2024,2024-09,September
ORD10581,2024-11-28,West,Furniture,Sofa,285.28,6.0,0.0,Cash,44.0,1711.6799999999998,2024,2024-11,November
ORD12668,2024-06-06,South,Groceries,Snacks,117.64,3.0,0.0,Credit Card,23.0,352.92,2024,2024-06,June
ORD10195,2024-07-25,South,Toys,Rc Car,132.55,1.0,10.0,Cash,41.0,119.29500000000002,2024,2024-07,July
ORD11263,2024-09-15,West,Clothing,Jacket,369.72,8.0,15.0,Cash,62.0,2514.096,2024,2024-09,September
ORD10172,2025-03-30,South,Clothing,Jacket,272.93,2.0,0.0,Online Wallet,32.0,545.86,2025,2025-03,March
ORD12934,2025-10-12,East,Toys,Puzzle,486.23,2.0,0.0,Credit Card,46.0,972.46,2025,2025-10,October
ORD13689,2024-03-03,South,Furniture,Sofa,235.33,4.0,0.0,Cash,62.0,941.32,2024,2024-03,March
ORD10924,2025-04-24,East,Groceries,Pasta,382.28,4.0,0.0,Online Wallet,49.0,1529.12,2025,2025-04,April
ORD11013,2024-09-09,East,Clothing,Jeans,257.79,2.0,10.0,Debit Card,51.0,464.02200000000005,2024,2024-09,September
ORD13700,2024-04-09,West,Groceries,Coffee,82.56,7.0,0.0,Debit Card,34.0,577.9200000000001,2024,2024-04,April
ORD11173,2024-09-15,South,Clothing,Cap,453.4,7.0,0.0,Credit Card,26.0,3173.7999999999997,2024,2024-09,September
ORD11562,2024-04-20,North,Electronics,Tablet,467.61,4.0,0.0,Online Wallet,43.0,1870.44,2024,2024-04,April
ORD11641,2025-03-21,South,Furniture,Office Chair,80.96,4.0,0.0,Credit Card,45.0,323.84,2025,2025-03,March
ORD11430,2024-08-29,North,Electronics,Tablet,57.71,3.0,5.0,Cash,21.0,164.4735,2024,2024-08,August
ORD12627,2025-12-08,South,Toys,Board Game,200.15,7.0,5.0,Cash,34.0,1330.9975,2025,2025-12,December
ORD13976,2025-06-18,East,Clothing,Cap,185.19,4.0,0.0,Credit Card,49.0,740.76,2025,2025-06,June
ORD14471,2025-03-27,East,Furniture,Desk,20.7,6.0,5.0,Online Wallet,36.0,117.98999999999998,2025,2025-03,March
ORD13915,2024-07-30,South,Furniture,Bookshelf,92.04,3.0,5.0,Credit Card,54.0,262.31399999999996,2024,2024-07,July
ORD13432,2025-01-08,East,Electronics,Tablet,396.36,7.0,10.0,Cash,26.0,2497.068,2025,2025-01,January
ORD12334,2025-03-16,West,Electronics,Smartwatch,129.85,3.0,5.0,Cash,33.0,370.07249999999993,2025,2025-03,March
ORD11239,2025-10-15,West,Clothing,Cap,317.05,6.0,0.0,Online Wallet,44.0,1902.3000000000002,2025,2025-10,October
ORD10415,2024-12-14,East,Clothing,Cap,243.04,4.0,0.0,Online Wallet,44.0,972.16,2024,2024-12,December
ORD14086,2025-11-24,South,Furniture,Bed Frame,61.22,3.0,5.0,Debit Card,56.0,174.47699999999998,2025,2025-11,November
ORD10982,2025-02-25,West,Furniture,Desk,329.44,1.0,5.0,Cash,60.0,312.96799999999996,2025,2025-02,February
ORD11164,2025-06-10,East,Clothing,Jacket,29.4,1.0,0.0,Credit Card,46.0,29.4,2025,2025-06,June
ORD11779,2024-11-15,North,Clothing,Cap,12.38,1.0,5.0,Debit Card,66.0,11.761000000000001,2024,2024-11,November
ORD14632,2025-10-26,North,Groceries,Pasta,117.89,5.0,0.0,Debit Card,38.0,589.45,2025,2025-10,October
ORD13467,2024-09-28,South,Furniture,Bed Frame,94.74,8.0,15.0,Cash,68.0,644.232,2024,2024-09,September
ORD10586,2024-06-12,South,Groceries,Coffee,206.82,2.0,0.0,Online Wallet,47.0,413.64,2024,2024-06,June
ORD10595,2025-02-13,East,Groceries,Juice,147.48,2.0,0.0,Credit Card,20.0,294.96,2025,2025-02,February
ORD11811,2025-05-09,North,Clothing,T-Shirt,159.91,9.0,0.0,Debit Card,19.0,1439.19,2025,2025-05,May
ORD10812,2025-04-08,South,Groceries,Coffee,234.67,7.0,0.0,Credit Card,28.0,1642.6899999999998,2025,2025-04,April
ORD11949,2024-11-01,East,Clothing,T-Shirt,416.97,8.0,0.0,Cash,36.0,3335.76,2024,2024-11,November
ORD14798,2024-04-26,South,Electronics,Smartwatch,217.47,5.0,0.0,Cash,29.0,1087.35,2024,2024-04,April
ORD11167,2024-12-21,South,Electronics,Tablet,385.78,8.0,0.0,Credit Card,36.0,3086.24,2024,2024-12,December
ORD11930,2024-10-01,East,Electronics,Smartphone,315.9,7.0,15.0,Online Wallet,43.0,1879.6049999999998,2024,2024-10,October
ORD10220,2024-05-12,West,Furniture,Office Chair,202.42,5.0,0.0,Online Wallet,44.0,1012.0999999999999,2024,2024-05,May
ORD11065,2025-10-29,East,Electronics,Laptop,239.35,3.0,0.0,Debit Card,42.0,718.05,2025,2025-10,October
ORD11692,2025-09-11,West,Clothing,Jeans,255.65,4.0,5.0,Cash,43.0,971.47,2025,2025-09,September
ORD12721,2024-04-18,South,Toys,Lego Set,20.34,5.0,0.0,Cash,30.0,101.7,2024,2024-04,April
ORD12013,2025-07-07,South,Electronics,Laptop,289.5,1.0,0.0,Debit Card,56.0,289.5,2025,2025-07,July
ORD12932,2025-11-02,East,Toys,Rc Car,57.2,9.0,5.0,Credit Card,23.0,489.06000000000006,2025,2025-11,November
ORD10305,2025-12-26,East,Groceries,Pasta,85.0,9.0,0.0,Online Wallet,43.0,765.0,2025,2025-12,December
ORD10439,2025-07-08,West,Clothing,Sneakers,433.32,4.0,0.0,Online Wallet,40.0,1733.28,2025,2025-07,July
ORD10713,2024-05-09,North,Electronics,Smartwatch,382.94,1.0,0.0,Debit Card,33.0,382.94,2024,2024-05,May
ORD14672,2024-11-15,West,Toys,Board Game,54.6,7.0,10.0,Credit Card,55.0,343.98,2024,2024-11,November
ORD12909,2025-05-31,East,Electronics,Headphones,422.05,8.0,0.0,Debit Card,69.0,3376.4,2025,2025-05,May
ORD13108,2025-08-16,West,Furniture,Bed Frame,179.28,9.0,0.0,Debit Card,53.0,1613.52,2025,2025-08,August
ORD11082,2025-10-27,North,Furniture,Office Chair,102.57,8.0,0.0,Online Wallet,53.0,820.56,2025,2025-10,October
ORD13806,2025-04-03,North,Furniture,Desk,460.36,8.0,0.0,Credit Card,66.0,3682.88,2025,2025-04,April
ORD10734,2024-10-02,West,Groceries,Snacks,365.42,3.0,0.0,Online Wallet,19.0,1096.26,2024,2024-10,October
ORD11674,2024-08-17,South,Groceries,Snacks,41.02,9.0,0.0,Credit Card,41.0,369.18,2024,2024-08,August
ORD13735,2025-06-06,West,Clothing,Jacket,165.58,6.0,0.0,Cash,69.0,993.48,2025,2025-06,June
ORD12972,2024-04-04,East,Furniture,Office Chair,315.87,8.0,0.0,Credit Card,63.0,2526.96,2024,2024-04,April
ORD14910,2024-01-27,West,Clothing,T-Shirt,254.86,6.0,0.0,Online Wallet,50.0,1529.16,2024,2024-01,January
ORD12113,2024-06-22,South,Electronics,Smartwatch,318.48,7.0,5.0,Online Wallet,68.0,2117.892,2024,2024-06,June
ORD11610,2024-11-29,West,Clothing,Sneakers,286.82,6.0,5.0,Credit Card,29.0,1634.874,2024,2024-11,November
ORD11643,2025-08-03,South,Electronics,Smartphone,458.16,8.0,0.0,Cash,45.0,3665.28,2025,2025-08,August
ORD11219,2025-07-26,West,Clothing,Cap,13.89,5.0,20.0,Debit Card,53.0,55.56,2025,2025-07,July
ORD11604,2024-08-07,North,Toys,Action Figure,429.86,4.0,0.0,Debit Card,63.0,1719.44,2024,2024-08,August
ORD10357,2024-03-27,East,Groceries,Pasta,224.84,2.0,10.0,Credit Card,46.0,404.712,2024,2024-03,March
ORD12890,2025-02-19,East,Furniture,Office Chair,124.63,8.0,0.0,Cash,48.0,997.04,2025,2025-02,February
ORD10530,2024-10-13,East,Groceries,Coffee,113.01,4.0,0.0,Debit Card,21.0,452.04,2024,2024-10,October
ORD13879,2025-04-26,South,Groceries,Coffee,300.24,6.0,0.0,Online Wallet,33.0,1801.44,2025,2025-04,April
ORD14912,2025-11-15,South,Toys,Action Figure,286.77,2.0,0.0,Credit Card,68.0,573.54,2025,2025-11,November
ORD11093,2025-07-24,East,Toys,Action Figure,16.41,3.0,0.0,Cash,46.0,49.230000000000004,2025,2025-07,July
ORD11765,2025-12-02,East,Toys,Action Figure,379.71,9.0,0.0,Debit Card,28.0,3417.39,2025,2025-12,December
ORD13913,2024-06-12,North,Furniture,Sofa,340.37,8.0,15.0,Online Wallet,48.0,2314.516,2024,2024-06,June
ORD10985,2025-01-10,South,Furniture,Office Chair,373.97,4.0,0.0,Debit Card,51.0,1495.88,2025,2025-01,January
ORD12800,2024-06-07,East,Clothing,Jacket,183.15,2.0,5.0,Debit Card,48.0,347.985,2024,2024-06,June
ORD12213,2024-02-23,West,Furniture,Bed Frame,336.94,5.0,0.0,Credit Card,30.0,1684.7,2024,2024-02,February
ORD13443,2024-07-14,East,Groceries,Coffee,194.29,2.0,20.0,Cash,59.0,310.86400000000003,2024,2024-07,July
ORD12544,2024-11-22,South,Electronics,Smartphone,379.58,3.0,0.0,Debit Card,24.0,1138.74,2024,2024-11,November
ORD12742,2025-12-02,East,Toys,Rc Car,391.04,3.0,0.0,Credit Card,23.0,1173.1200000000001,2025,2025-12,December
ORD14337,2024-10-26,North,Electronics,Smartphone,286.24,7.0,0.0,Debit Card,53.0,2003.68,2024,2024-10,October
ORD14299,2025-09-30,South,Furniture,Office Chair,45.76,8.0,15.0,Online Wallet,54.0,311.168,2025,2025-09,September
ORD11288,2025-09-05,West,Furniture,Bookshelf,167.15,9.0,0.0,Cash,64.0,1504.3500000000001,2025,2025-09,September
ORD12581,2025-01-20,East,Toys,Action Figure,91.16,2.0,0.0,Credit Card,44.0,182.32,2025,2025-01,January
ORD10137,2024-12-21,South,Furniture,Bed Frame,251.55,2.0,0.0,Credit Card,44.0,503.1,2024,2024-12,December
ORD10973,2024-02-20,West,Toys,Action Figure,156.32,6.0,0.0,Debit Card,52.0,937.92,2024,2024-02,February
ORD11648,2025-04-27,West,Clothing,Jeans,14.56,5.0,0.0,Online Wallet,36.0,72.8,2025,2025-04,April
ORD12473,2025-07-03,East,Furniture,Office Chair,424.29,8.0,0.0,Credit Card,44.0,3394.32,2025,2025-07,July
ORD10615,2024-02-12,South,Toys,Rc Car,102.14,4.0,0.0,Debit Card,65.0,408.56,2024,2024-02,February
ORD13597,2024-01-21,West,Furniture,Office Chair,313.7,8.0,5.0,Cash,35.0,2384.12,2024,2024-01,January
ORD13371,2025-02-21,North,Clothing,Cap,148.33,4.0,5.0,Cash,62.0,563.654,2025,2025-02,February
ORD14349,2024-09-18,West,Clothing,Sneakers,409.05,3.0,15.0,Credit Card,60.0,1043.0775,2024,2024-09,September
ORD14936,2024-09-07,East,Toys,Puzzle,64.42,4.0,0.0,Credit Card,45.0,257.68,2024,2024-09,September
ORD11711,2024-09-13,North,Electronics,Smartwatch,496.16,2.0,0.0,Debit Card,34.0,992.32,2024,2024-09,September
ORD14920,2024-05-03,East,Toys,Puzzle,257.36,6.0,0.0,Credit Card,31.0,1544.16,2024,2024-05,May
ORD14572,2024-12-30,East,Electronics,Tablet,499.85,8.0,0.0,Credit Card,22.0,3998.8,2024,2024-12,December
ORD14703,2024-01-12,South,Electronics,Smartwatch,27.25,1.0,0.0,Cash,37.0,27.25,2024,2024-01,January
ORD12294,2024-07-17,South,Furniture,Office Chair,32.42,3.0,0.0,Credit Card,34.0,97.26,2024,2024-07,July
ORD11366,2024-06-28,North,Clothing,T-Shirt,303.07,8.0,5.0,Online Wallet,62.0,2303.332,2024,2024-06,June
ORD10414,2025-12-28,North,Furniture,Bookshelf,405.0,8.0,10.0,Online Wallet,65.0,2916.0,2025,2025-12,December
ORD12740,2024-12-26,East,Clothing,Jacket,40.36,3.0,10.0,Debit Card,51.0,108.972,2024,2024-12,December
ORD13180,2024-12-21,North,Toys,Lego Set,377.37,8.0,0.0,Online Wallet,38.0,3018.96,2024,2024-12,December
ORD12282,2025-05-09,East,Clothing,Jeans,331.89,2.0,0.0,Cash,61.0,663.78,2025,2025-05,May
ORD13507,2025-12-11,West,Toys,Puzzle,290.1,8.0,0.0,Cash,55.0,2320.8,2025,2025-12,December
ORD11040,2024-03-14,East,Furniture,Desk,95.55,1.0,0.0,Cash,21.0,95.55,2024,2024-03,March
ORD14418,2024-10-18,West,Electronics,Headphones,88.44,3.0,10.0,Debit Card,67.0,238.788,2024,2024-10,October
ORD10508,2024-09-16,West,Clothing,T-Shirt,209.84,8.0,5.0,Debit Card,67.0,1594.7839999999999,2024,2024-09,September
ORD13500,2025-08-03,East,Groceries,Pasta,174.43,9.0,5.0,Online Wallet,27.0,1491.3765,2025,2025-08,August
ORD11781,2024-03-01,South,Electronics,Laptop,307.96,6.0,5.0,Credit Card,55.0,1755.3719999999996,2024,2024-03,March
ORD14152,2025-12-15,East,Toys,Lego Set,140.91,2.0,0.0,Online Wallet,59.0,281.82,2025,2025-12,December
ORD14537,2025-01-29,East,Electronics,Smartwatch,362.29,3.0,0.0,Cash,21.0,1086.8700000000001,2025,2025-01,January
ORD12535,2025-04-06,West,Toys,Action Figure,403.1,6.0,0.0,Credit Card,57.0,2418.6000000000004,2025,2025-04,April
ORD10543,2024-02-27,West,Electronics,Laptop,230.53,1.0,5.0,Cash,63.0,219.0035,2024,2024-02,February
ORD13588,2024-03-10,South,Toys,Action Figure,13.6,6.0,0.0,Debit Card,32.0,81.6,2024,2024-03,March
ORD10223,2025-01-07,West,Furniture,Bed Frame,146.01,3.0,0.0,Debit Card,53.0,438.03,2025,2025-01,January
ORD13882,2024-08-27,West,Groceries,Snacks,193.56,2.0,0.0,Debit Card,18.0,387.12,2024,2024-08,August
ORD14008,2024-07-09,East,Electronics,Headphones,192.08,5.0,0.0,Credit Card,41.0,960.4000000000001,2024,2024-07,July
ORD11402,2025-02-13,South,Clothing,Sneakers,446.04,8.0,0.0,Cash,67.0,3568.32,2025,2025-02,February
ORD14124,2025-01-28,North,Furniture,Office Chair,124.14,2.0,0.0,Cash,67.0,248.28,2025,2025-01,January
ORD12874,2024-09-18,South,Toys,Rc Car,188.56,8.0,0.0,Credit Card,19.0,1508.48,2024,2024-09,September
ORD12136,2024-05-18,South,Clothing,Jeans,321.93,5.0,5.0,Credit Card,68.0,1529.1675,2024,2024-05,May
ORD10180,2025-06-07,East,Furniture,Bed Frame,283.56,8.0,0.0,Credit Card,34.0,2268.48,2025,2025-06,June
ORD12784,2025-02-19,West,Furniture,Sofa,159.11,7.0,0.0,Cash,54.0,1113.77,2025,2025-02,February
ORD13496,2025-08-16,South,Furniture,Office Chair,474.04,7.0,0.0,Cash,32.0,3318.28,2025,2025-08,August
ORD12300,2024-07-15,East,Clothing,Jacket,120.19,5.0,5.0,Online Wallet,41.0,570.9025,2024,2024-07,July
ORD11322,2024-01-17,South,Electronics,Smartphone,268.41,9.0,0.0,Cash,22.0,2415.69,2024,2024-01,January
ORD12555,2024-04-05,North,Electronics,Smartwatch,495.12,3.0,0.0,Online Wallet,26.0,1485.3600000000001,2024,2024-04,April
ORD14117,2024-04-26,East,Electronics,Smartwatch,257.43,3.0,5.0,Credit Card,37.0,733.6754999999999,2024,2024-04,April
ORD10539,2024-09-29,East,Clothing,Jacket,109.34,5.0,0.0,Cash,23.0,546.7,2024,2024-09,September
ORD10289,2025-05-19,West,Electronics,Smartphone,284.95,2.0,0.0,Cash,66.0,569.9,2025,2025-05,May
ORD10975,2024-05-20,West,Clothing,Sneakers,264.71,8.0,0.0,Online Wallet,48.0,2117.68,2024,2024-05,May
ORD12852,2024-02-09,East,Groceries,Cereal,387.6,3.0,0.0,Online Wallet,53.0,1162.8000000000002,2024,2024-02,February
ORD13564,2025-08-24,East,Electronics,Smartphone,409.03,2.0,0.0,Debit Card,68.0,818.06,2025,2025-08,August
ORD14274,2024-08-08,North,Clothing,Jeans,34.54,1.0,20.0,Cash,43.0,27.632,2024,2024-08,August
ORD10041,2025-11-28,North,Furniture,Bookshelf,273.61,6.0,0.0,Debit Card,66.0,1641.66,2025,2025-11,November
ORD14355,2024-07-28,North,Furniture,Office Chair,66.53,5.0,0.0,Credit Card,65.0,332.65,2024,2024-07,July
ORD12702,2024-04-07,South,Clothing,T-Shirt,124.81,9.0,0.0,Cash,52.0,1123.29,2024,2024-04,April
ORD13074,2024-01-09,North,Toys,Lego Set,456.95,6.0,0.0,Online Wallet,44.0,2741.7,2024,2024-01,January
ORD13551,2025-10-23,South,Electronics,Tablet,175.24,2.0,0.0,Debit Card,69.0,350.48,2025,2025-10,October
ORD13897,2024-05-31,West,Clothing,Jacket,358.35,9.0,5.0,Cash,49.0,3063.8925,2024,2024-05,May
ORD12903,2025-06-01,South,Clothing,Jeans,403.76,1.0,0.0,Online Wallet,42.0,403.76,2025,2025-06,June
ORD14104,2024-05-17,East,Furniture,Bed Frame,268.87,9.0,0.0,Cash,41.0,2419.83,2024,2024-05,May
ORD10876,2025-03-12,West,Furniture,Office Chair,313.16,2.0,0.0,Cash,38.0,626.32,2025,2025-03,March
ORD11391,2024-10-22,West,Electronics,Tablet,320.64,4.0,0.0,Credit Card,62.0,1282.56,2024,2024-10,October
ORD10506,2024-06-03,North,Clothing,Jacket,340.38,2.0,0.0,Cash,44.0,680.76,2024,2024-06,June
ORD13632,2025-12-07,East,Groceries,Coffee,115.58,5.0,10.0,Online Wallet,47.0,520.11,2025,2025-12,December
ORD11014,2025-11-12,West,Electronics,Smartphone,401.76,2.0,0.0,Cash,36.0,803.52,2025,2025-11,November
ORD10387,2024-01-13,East,Toys,Rc Car,95.49,8.0,5.0,Credit Card,21.0,725.7239999999999,2024,2024-01,January
ORD12497,2025-07-13,West,Electronics,Headphones,462.59,9.0,0.0,Cash,42.0,4163.3099999999995,2025,2025-07,July
ORD10307,2024-06-26,East,Groceries,Coffee,51.24,5.0,20.0,Online Wallet,29.0,204.96,2024,2024-06,June
ORD11336,2025-10-24,East,Groceries,Cereal,72.03,2.0,15.0,Credit Card,18.0,122.451,2025,2025-10,October
ORD11863,2024-11-30,North,Furniture,Sofa,19.0,1.0,0.0,Cash,22.0,19.0,2024,2024-11,November
ORD14417,2024-03-18,West,Clothing,Cap,221.27,1.0,0.0,Cash,24.0,221.27,2024,2024-03,March
ORD14654,2025-06-08,East,Furniture,Office Chair,54.32,9.0,0.0,Debit Card,65.0,488.88,2025,2025-06,June
ORD11255,2024-10-19,North,Electronics,Laptop,272.96,4.0,20.0,Debit Card,29.0,873.472,2024,2024-10,October
ORD13622,2025-02-11,East,Electronics,Smartphone,231.85,5.0,0.0,Cash,55.0,1159.25,2025,2025-02,February
ORD10340,2024-07-01,East,Toys,Board Game,437.74,3.0,0.0,Cash,63.0,1313.22,2024,2024-07,July
ORD11801,2024-03-24,South,Clothing,Sneakers,167.34,4.0,0.0,Debit Card,25.0,669.36,2024,2024-03,March
ORD14715,2025-01-17,South,Toys,Puzzle,409.83,5.0,0.0,Debit Card,32.0,2049.15,2025,2025-01,January
ORD13491,2024-04-28,North,Furniture,Sofa,473.5,7.0,0.0,Debit Card,37.0,3314.5,2024,2024-04,April
ORD12966,2025-10-13,West,Groceries,Juice,96.88,6.0,0.0,Online Wallet,49.0,581.28,2025,2025-10,October
ORD14041,2024-06-04,West,Furniture,Sofa,359.05,4.0,0.0,Online Wallet,18.0,1436.2,2024,2024-06,June
ORD10747,2025-12-12,West,Clothing,Jeans,171.95,6.0,0.0,Debit Card,56.0,1031.6999999999998,2025,2025-12,December
ORD12772,2025-11-20,East,Furniture,Office Chair,19.18,9.0,0.0,Cash,62.0,172.62,2025,2025-11,November
ORD13678,2025-09-25,West,Toys,Board Game,280.26,2.0,0.0,Credit Card,42.0,560.52,2025,2025-09,September
ORD12053,2024-10-05,North,Groceries,Snacks,86.17,3.0,0.0,Debit Card,20.0,258.51,2024,2024-10,October
ORD11503,2025-05-12,West,Toys,Puzzle,164.61,8.0,0.0,Debit Card,51.0,1316.88,2025,2025-05,May
ORD14235,2025-10-21,West,Groceries,Coffee,174.15,1.0,0.0,Cash,44.0,174.15,2025,2025-10,October
ORD12804,2024-04-11,North,Furniture,Office Chair,278.85,1.0,5.0,Credit Card,56.0,264.9075,2024,2024-04,April
ORD11780,2025-12-19,West,Toys,Board Game,262.12,2.0,10.0,Debit Card,67.0,471.81600000000003,2025,2025-12,December
ORD12576,2024-01-18,North,Electronics,Headphones,393.62,9.0,0.0,Credit Card,50.0,3542.58,2024,2024-01,January
ORD10925,2025-07-22,South,Toys,Puzzle,47.15,9.0,0.0,Cash,67.0,424.34999999999997,2025,2025-07,July
ORD10856,2025-07-29,West,Toys,Puzzle,365.1,2.0,0.0,Credit Card,63.0,730.2,2025,2025-07,July
ORD14965,2025-05-08,South,Clothing,T-Shirt,169.37,7.0,0.0,Credit Card,27.0,1185.5900000000001,2025,2025-05,May
ORD11270,2025-01-29,East,Furniture,Bookshelf,304.11,8.0,0.0,Credit Card,21.0,2432.88,2025,2025-01,January
ORD13241,2024-10-26,South,Furniture,Desk,408.4,1.0,10.0,Debit Card,23.0,367.56,2024,2024-10,October
ORD11114,2024-01-11,West,Electronics,Smartwatch,460.34,9.0,10.0,Debit Card,51.0,3728.7539999999995,2024,2024-01,January
ORD14814,2025-03-17,South,Furniture,Bookshelf,357.13,8.0,0.0,Debit Card,24.0,2857.04,2025,2025-03,March
ORD12351,2025-01-30,South,Clothing,Jeans,411.15,1.0,10.0,Debit Card,59.0,370.03499999999997,2025,2025-01,January
ORD10751,2025-02-05,South,Furniture,Bed Frame,169.55,8.0,0.0,Debit Card,61.0,1356.4,2025,2025-02,February
ORD14254,2024-11-10,West,Groceries,Cereal,332.28,7.0,10.0,Debit Card,49.0,2093.364,2024,2024-11,November
ORD13396,2024-01-29,West,Groceries,Juice,85.18,6.0,20.0,Cash,49.0,408.86400000000003,2024,2024-01,January
ORD10151,2024-04-07,West,Clothing,Sneakers,443.07,8.0,0.0,Cash,61.0,3544.56,2024,2024-04,April
ORD11032,2024-01-09,West,Clothing,Cap,451.76,3.0,10.0,Credit Card,55.0,1219.752,2024,2024-01,January
ORD13264,2025-04-10,East,Electronics,Tablet,470.29,8.0,5.0,Online Wallet,63.0,3574.204,2025,2025-04,April
ORD10346,2025-03-29,West,Groceries,Cereal,64.68,2.0,0.0,Cash,33.0,129.36,2025,2025-03,March
ORD14733,2025-08-25,North,Groceries,Snacks,123.86,1.0,0.0,Debit Card,45.0,123.86,2025,2025-08,August
ORD11670,2025-04-28,North,Toys,Lego Set,220.94,2.0,0.0,Online Wallet,27.0,441.88,2025,2025-04,April
ORD14741,2024-12-24,North,Groceries,Coffee,159.01,8.0,0.0,Debit Card,23.0,1272.08,2024,2024-12,December
ORD14576,2025-07-04,East,Toys,Puzzle,61.27,5.0,5.0,Debit Card,29.0,291.0325,2025,2025-07,July
ORD13716,2024-04-07,West,Clothing,Sneakers,194.16,3.0,10.0,Online Wallet,40.0,524.2320000000001,2024,2024-04,April
ORD11400,2025-01-16,South,Clothing,Jeans,324.41,1.0,0.0,Debit Card,59.0,324.41,2025,2025-01,January
ORD11017,2024-01-04,West,Clothing,Sneakers,455.86,8.0,0.0,Debit Card,61.0,3646.88,2024,2024-01,January
ORD13027,2025-09-15,South,Toys,Board Game,324.27,9.0,0.0,Credit Card,52.0,2918.43,2025,2025-09,September
ORD11649,2024-09-09,North,Groceries,Cereal,162.1,5.0,0.0,Debit Card,63.0,810.5,2024,2024-09,September
ORD12240,2025-02-07,North,Electronics,Headphones,42.66,2.0,0.0,Debit Card,19.0,85.32,2025,2025-02,February
ORD14233,2024-06-16,South,Groceries,Coffee,124.14,2.0,0.0,Debit Card,63.0,248.28,2024,2024-06,June
ORD11502,2025-10-20,West,Groceries,Cereal,137.02,9.0,0.0,Credit Card,44.0,1233.18,2025,2025-10,October
ORD10087,2025-02-06,East,Toys,Action Figure,411.79,2.0,0.0,Credit Card,39.0,823.58,2025,2025-02,February
ORD10521,2025-03-21,West,Clothing,Sneakers,438.33,1.0,0.0,Cash,59.0,438.33,2025,2025-03,March
ORD14617,2025-03-20,South,Furniture,Office Chair,129.94,6.0,0.0,Credit Card,44.0,779.64,2025,2025-03,March
ORD11556,2025-09-04,North,Clothing,Jacket,299.09,4.0,0.0,Online Wallet,53.0,1196.36,2025,2025-09,September
ORD14179,2025-09-03,South,Toys,Action Figure,357.41,4.0,0.0,Debit Card,65.0,1429.64,2025,2025-09,September
ORD13076,2024-05-03,North,Toys,Action Figure,160.26,5.0,10.0,Cash,47.0,721.17,2024,2024-05,May
ORD13479,2024-05-10,East,Electronics,Smartphone,68.17,9.0,5.0,Online Wallet,66.0,582.8534999999999,2024,2024-05,May
ORD14724,2025-04-07,West,Furniture,Sofa,451.62,8.0,20.0,Debit Card,34.0,2890.3680000000004,2025,2025-04,April
ORD11201,2024-08-13,East,Clothing,Cap,248.25,1.0,0.0,Cash,47.0,248.25,2024,2024-08,August
ORD12135,2025-04-20,North,Groceries,Juice,219.42,8.0,0.0,Credit Card,30.0,1755.36,2025,2025-04,April
ORD14013,2025-03-31,South,Groceries,Cereal,141.27,1.0,5.0,Cash,67.0,134.2065,2025,2025-03,March
ORD12463,2025-10-17,South,Clothing,T-Shirt,266.08,8.0,0.0,Online Wallet,61.0,2128.64,2025,2025-10,October
ORD14735,2025-09-02,West,Furniture,Desk,103.38,5.0,0.0,Online Wallet,24.0,516.9,2025,2025-09,September
ORD14553,2025-12-14,East,Electronics,Tablet,388.31,1.0,0.0,Credit Card,48.0,388.31,2025,2025-12,December
ORD14988,2024-12-05,West,Electronics,Smartphone,229.61,4.0,15.0,Cash,50.0,780.674,2024,2024-12,December
ORD13152,2024-05-02,East,Electronics,Smartphone,185.83,3.0,0.0,Online Wallet,58.0,557.49,2024,2024-05,May
ORD11142,2025-06-10,West,Furniture,Sofa,45.07,7.0,15.0,Credit Card,24.0,268.1665,2025,2025-06,June
ORD14539,2024-06-20,West,Furniture,Bed Frame,318.65,7.0,0.0,Cash,34.0,2230.5499999999997,2024,2024-06,June
ORD10010,2025-04-16,West,Electronics,Tablet,11.97,3.0,5.0,Cash,52.0,34.1145,2025,2025-04,April
ORD14433,2025-03-21,North,Electronics,Smartphone,127.65,9.0,15.0,Debit Card,59.0,976.5225,2025,2025-03,March
ORD13645,2024-04-28,North,Toys,Board Game,78.45,9.0,0.0,Cash,45.0,706.0500000000001,2024,2024-04,April
ORD14989,2024-03-24,South,Furniture,Office Chair,274.44,5.0,0.0,Online Wallet,36.0,1372.2,2024,2024-03,March
ORD13286,2025-02-21,East,Toys,Board Game,217.62,8.0,0.0,Debit Card,46.0,1740.96,2025,2025-02,February
ORD14871,2024-10-17,South,Clothing,Jeans,468.63,6.0,0.0,Online Wallet,25.0,2811.7799999999997,2024,2024-10,October
ORD13473,2025-01-17,South,Toys,Puzzle,248.41,6.0,0.0,Credit Card,42.0,1490.46,2025,2025-01,January
ORD11845,2024-09-21,West,Electronics,Tablet,470.62,3.0,0.0,Online Wallet,26.0,1411.8600000000001,2024,2024-09,September
ORD12099,2024-06-12,North,Toys,Action Figure,421.39,1.0,0.0,Online Wallet,41.0,421.39,2024,2024-06,June
ORD10569,2025-04-02,North,Furniture,Bed Frame,160.84,2.0,0.0,Credit Card,44.0,321.68,2025,2025-04,April
ORD13017,2025-03-09,East,Toys,Rc Car,203.99,6.0,0.0,Online Wallet,44.0,1223.94,2025,2025-03,March
ORD14283,2024-01-21,West,Groceries,Pasta,401.34,1.0,0.0,Credit Card,69.0,401.34,2024,2024-01,January
ORD12276,2025-07-08,North,Electronics,Smartphone,459.77,4.0,5.0,Cash,44.0,1747.1259999999997,2025,2025-07,July
ORD11408,2025-07-16,North,Toys,Puzzle,125.7,7.0,5.0,Credit Card,62.0,835.905,2025,2025-07,July
ORD14695,2024-01-06,East,Furniture,Sofa,401.24,6.0,0.0,Debit Card,58.0,2407.44,2024,2024-01,January
ORD13290,2025-04-08,North,Electronics,Smartwatch,112.91,3.0,0.0,Cash,59.0,338.73,2025,2025-04,April
ORD14229,2025-04-30,East,Groceries,Pasta,6.54,7.0,0.0,Credit Card,44.0,45.78,2025,2025-04,April
ORD13308,2024-01-31,East,Groceries,Cereal,218.07,3.0,0.0,Cash,32.0,654.21,2024,2024-01,January
ORD11332,2025-12-19,East,Furniture,Sofa,362.69,9.0,5.0,Debit Card,49.0,3100.9995,2025,2025-12,December
ORD11647,2025-06-24,East,Electronics,Headphones,315.73,3.0,0.0,Credit Card,48.0,947.19,2025,2025-06,June
ORD12443,2025-11-05,West,Furniture,Sofa,392.4,6.0,0.0,Online Wallet,19.0,2354.3999999999996,2025,2025-11,November
ORD12768,2025-09-28,East,Groceries,Juice,392.22,1.0,0.0,Cash,32.0,392.22,2025,2025-09,September
ORD10688,2025-07-15,East,Furniture,Bookshelf,317.53,8.0,0.0,Debit Card,64.0,2540.24,2025,2025-07,July
ORD10822,2024-05-05,South,Clothing,Jeans,352.24,5.0,10.0,Debit Card,55.0,1585.0800000000002,2024,2024-05,May
ORD12390,2025-11-29,South,Toys,Puzzle,320.29,1.0,15.0,Credit Card,58.0,272.2465,2025,2025-11,November
ORD13384,2025-07-14,West,Clothing,Jacket,377.19,7.0,0.0,Debit Card,64.0,2640.33,2025,2025-07,July
ORD12938,2025-03-05,South,Toys,Action Figure,255.67,2.0,0.0,Online Wallet,56.0,511.34,2025,2025-03,March
ORD11677,2024-10-23,West,Groceries,Juice,489.81,2.0,20.0,Credit Card,32.0,783.696,2024,2024-10,October
ORD11149,2025-01-11,East,Furniture,Sofa,210.53,3.0,0.0,Credit Card,42.0,631.59,2025,2025-01,January
ORD14864,2024-09-22,West,Toys,Action Figure,86.87,2.0,0.0,Credit Card,42.0,173.74,2024,2024-09,September
ORD13634,2024-04-20,South,Furniture,Office Chair,313.43,7.0,0.0,Credit Card,33.0,2194.01,2024,2024-04,April
ORD13039,2024-07-20,East,Groceries,Pasta,138.75,6.0,0.0,Online Wallet,23.0,832.5,2024,2024-07,July
ORD12114,2025-09-15,West,Groceries,Pasta,172.55,7.0,0.0,Cash,31.0,1207.8500000000001,2025,2025-09,September
ORD13530,2024-06-30,East,Clothing,Jeans,5.1,4.0,0.0,Credit Card,44.0,20.4,2024,2024-06,June
ORD13765,2025-12-29,North,Clothing,Jacket,178.45,3.0,0.0,Cash,35.0,535.3499999999999,2025,2025-12,December
ORD13599,2025-01-15,West,Clothing,Jacket,458.01,8.0,10.0,Online Wallet,49.0,3297.672,2025,2025-01,January
ORD14635,2025-05-30,South,Electronics,Smartwatch,233.26,6.0,0.0,Debit Card,53.0,1399.56,2025,2025-05,May
ORD13786,2025-04-16,South,Groceries,Snacks,16.48,9.0,0.0,Cash,46.0,148.32,2025,2025-04,April
ORD10917,2025-01-01,East,Clothing,Sneakers,192.46,4.0,0.0,Online Wallet,28.0,769.84,2025,2025-01,January
ORD13120,2025-09-27,North,Clothing,T-Shirt,295.01,3.0,0.0,Debit Card,36.0,885.03,2025,2025-09,September
ORD13646,2024-12-11,West,Electronics,Headphones,318.06,8.0,0.0,Credit Card,61.0,2544.48,2024,2024-12,December
ORD12612,2024-09-16,West,Clothing,Sneakers,315.0,1.0,10.0,Credit Card,64.0,283.5,2024,2024-09,September
ORD10559,2024-07-27,East,Furniture,Bed Frame,42.84,3.0,0.0,Online Wallet,64.0,128.52,2024,2024-07,July
ORD13804,2024-12-21,South,Clothing,Jacket,409.22,5.0,0.0,Cash,30.0,2046.1000000000001,2024,2024-12,December
ORD10707,2024-08-06,East,Toys,Puzzle,370.25,6.0,0.0,Online Wallet,45.0,2221.5,2024,2024-08,August
ORD10583,2025-12-20,South,Toys,Rc Car,100.66,6.0,0.0,Online Wallet,54.0,603.96,2025,2025-12,December
ORD11208,2024-03-20,East,Furniture,Sofa,12.84,1.0,0.0,Debit Card,65.0,12.84,2024,2024-03,March
ORD12470,2025-04-27,South,Groceries,Cereal,468.41,9.0,0.0,Online Wallet,50.0,4215.6900000000005,2025,2025-04,April
ORD10422,2024-03-24,East,Toys,Lego Set,251.28,4.0,0.0,Online Wallet,58.0,1005.12,2024,2024-03,March
ORD12873,2024-05-18,North,Toys,Puzzle,194.06,4.0,0.0,Cash,68.0,776.24,2024,2024-05,May
ORD10875,2024-08-02,West,Clothing,Jeans,499.0,3.0,0.0,Credit Card,20.0,1497.0,2024,2024-08,August
ORD14578,2024-12-23,North,Groceries,Coffee,36.01,9.0,0.0,Debit Card,49.0,324.09,2024,2024-12,December
ORD12849,2025-09-22,North,Furniture,Bed Frame,259.38,9.0,0.0,Debit Card,57.0,2334.42,2025,2025-09,September
ORD13993,2024-05-24,South,Furniture,Desk,494.6,2.0,0.0,Online Wallet,47.0,989.2,2024,2024-05,May
ORD13249,2025-03-20,North,Toys,Action Figure,81.69,5.0,0.0,Debit Card,46.0,408.45,2025,2025-03,March
ORD11566,2024-02-28,North,Groceries,Coffee,179.67,8.0,5.0,Credit Card,65.0,1365.4919999999997,2024,2024-02,February
ORD13683,2025-03-04,North,Clothing,Sneakers,113.75,2.0,0.0,Online Wallet,30.0,227.5,2025,2025-03,March
ORD10227,2025-06-04,South,Groceries,Coffee,325.07,8.0,0.0,Credit Card,59.0,2600.56,2025,2025-06,June
ORD10826,2025-03-13,North,Toys,Board Game,369.73,6.0,10.0,Cash,25.0,1996.5420000000001,2025,2025-03,March
ORD13112,2025-01-05,East,Electronics,Headphones,251.97,7.0,0.0,Debit Card,35.0,1763.79,2025,2025-01,January
ORD12667,2025-08-10,North,Clothing,Cap,101.19,1.0,5.0,Credit Card,67.0,96.1305,2025,2025-08,August
ORD12321,2024-09-06,East,Groceries,Snacks,426.2,8.0,20.0,Debit Card,44.0,2727.6800000000003,2024,2024-09,September
ORD14387,2024-10-01,North,Furniture,Office Chair,83.34,5.0,0.0,Online Wallet,61.0,416.70000000000005,2024,2024-10,October
ORD11636,2024-07-25,East,Groceries,Snacks,93.35,2.0,0.0,Credit Card,53.0,186.7,2024,2024-07,July
ORD13480,2024-04-18,South,Electronics,Laptop,154.94,6.0,0.0,Cash,45.0,929.64,2024,2024-04,April
ORD13317,2025-08-21,West,Clothing,T-Shirt,399.68,7.0,10.0,Cash,65.0,2517.9840000000004,2025,2025-08,August
ORD12533,2025-07-09,East,Electronics,Smartwatch,327.32,2.0,0.0,Debit Card,40.0,654.64,2025,2025-07,July
ORD11190,2024-04-06,West,Electronics,Tablet,210.81,6.0,0.0,Online Wallet,39.0,1264.8600000000001,2024,2024-04,April
ORD14023,2025-05-31,South,Clothing,Sneakers,292.47,7.0,0.0,Online Wallet,45.0,2047.2900000000002,2025,2025-05,May
ORD11569,2024-02-17,East,Electronics,Headphones,187.6,3.0,0.0,Debit Card,52.0,562.8,2024,2024-02,February
ORD13312,2025-10-30,South,Furniture,Desk,114.09,5.0,0.0,Online Wallet,22.0,570.45,2025,2025-10,October
ORD12134,2025-08-05,East,Furniture,Sofa,135.2,9.0,0.0,Debit Card,33.0,1216.8,2025,2025-08,August
ORD11808,2024-10-14,South,Furniture,Sofa,396.16,8.0,5.0,Cash,58.0,3010.8160000000003,2024,2024-10,October
ORD10825,2024-09-27,South,Furniture,Bed Frame,329.48,1.0,0.0,Cash,69.0,329.48,2024,2024-09,September
ORD13265,2024-05-08,North,Toys,Puzzle,498.57,8.0,10.0,Credit Card,52.0,3589.704,2024,2024-05,May
ORD10499,2025-03-26,South,Clothing,Cap,498.83,3.0,0.0,Online Wallet,30.0,1496.49,2025,2025-03,March
ORD14397,2024-11-21,West,Clothing,Cap,409.65,4.0,0.0,Debit Card,52.0,1638.6,2024,2024-11,November
ORD13534,2024-03-12,East,Clothing,T-Shirt,458.36,5.0,15.0,Debit Card,46.0,1948.0300000000002,2024,2024-03,March
ORD10816,2025-05-28,West,Clothing,Jeans,266.45,9.0,0.0,Credit Card,45.0,2398.0499999999997,2025,2025-05,May
ORD11316,2025-09-10,North,Groceries,Cereal,10.76,9.0,5.0,Credit Card,38.0,91.998,2025,2025-09,September
ORD13053,2024-12-04,South,Clothing,T-Shirt,306.23,3.0,5.0,Cash,66.0,872.7555,2024,2024-12,December
ORD10509,2025-10-15,South,Electronics,Smartwatch,35.0,2.0,5.0,Cash,60.0,66.5,2025,2025-10,October
ORD10146,2024-01-17,North,Clothing,Jacket,475.37,7.0,0.0,Online Wallet,33.0,3327.59,2024,2024-01,January
ORD14270,2024-12-20,East,Groceries,Pasta,269.49,4.0,0.0,Online Wallet,19.0,1077.96,2024,2024-12,December
ORD14046,2025-05-25,East,Furniture,Desk,379.66,1.0,0.0,Credit Card,50.0,379.66,2025,2025-05,May
ORD14893,2025-12-25,South,Furniture,Desk,45.7,4.0,0.0,Debit Card,33.0,182.8,2025,2025-12,December
ORD11196,2024-03-01,South,Toys,Board Game,21.0,2.0,5.0,Debit Card,55.0,39.9,2024,2024-03,March
ORD13560,2024-01-01,North,Electronics,Smartphone,382.46,3.0,0.0,Debit Card,48.0,1147.3799999999999,2024,2024-01,January
ORD10470,2024-02-08,East,Clothing,Cap,100.96,6.0,5.0,Cash,34.0,575.472,2024,2024-02,February
ORD14084,2025-06-03,South,Furniture,Bookshelf,100.09,4.0,0.0,Online Wallet,46.0,400.36,2025,2025-06,June
ORD11789,2024-12-03,South,Electronics,Headphones,54.64,8.0,5.0,Cash,65.0,415.264,2024,2024-12,December
ORD13331,2025-08-30,North,Groceries,Pasta,326.72,8.0,0.0,Credit Card,27.0,2613.76,2025,2025-08,August
ORD14836,2024-11-24,South,Furniture,Bed Frame,473.43,3.0,0.0,Credit Card,48.0,1420.29,2024,2024-11,November
ORD10204,2024-04-30,West,Electronics,Tablet,304.74,5.0,0.0,Credit Card,66.0,1523.7,2024,2024-04,April
ORD12005,2025-11-01,East,Furniture,Desk,473.7,1.0,0.0,Credit Card,32.0,473.7,2025,2025-11,November
ORD14737,2025-10-18,West,Furniture,Office Chair,326.9,5.0,0.0,Online Wallet,34.0,1634.5,2025,2025-10,October
ORD12444,2025-06-20,South,Electronics,Smartwatch,32.5,9.0,0.0,Credit Card,36.0,292.5,2025,2025-06,June
ORD12352,2025-03-16,North,Furniture,Bed Frame,316.18,2.0,0.0,Cash,29.0,632.36,2025,2025-03,March
ORD11754,2025-08-29,South,Electronics,Smartphone,196.64,4.0,10.0,Credit Card,61.0,707.904,2025,2025-08,August
ORD11215,2025-10-13,South,Toys,Board Game,15.88,3.0,0.0,Cash,44.0,47.64,2025,2025-10,October
ORD13187,2024-11-05,West,Groceries,Coffee,290.29,5.0,0.0,Debit Card,18.0,1451.45,2024,2024-11,November
ORD14518,2025-07-10,North,Toys,Board Game,23.01,1.0,5.0,Debit Card,52.0,21.8595,2025,2025-07,July
ORD14134,2024-09-22,South,Groceries,Coffee,496.61,6.0,0.0,Credit Card,44.0,2979.66,2024,2024-09,September
ORD11451,2025-04-10,West,Furniture,Bookshelf,366.16,9.0,0.0,Credit Card,30.0,3295.44,2025,2025-04,April
ORD12215,2025-02-01,West,Electronics,Headphones,483.36,3.0,5.0,Credit Card,38.0,1377.5759999999998,2025,2025-02,February
ORD12636,2025-05-02,West,Toys,Action Figure,204.2,3.0,5.0,Cash,50.0,581.9699999999999,2025,2025-05,May
ORD11903,2024-04-16,South,Toys,Action Figure,282.18,4.0,0.0,Debit Card,61.0,1128.72,2024,2024-04,April
ORD10979,2024-03-05,East,Furniture,Bed Frame,288.28,1.0,10.0,Credit Card,37.0,259.452,2024,2024-03,March
ORD10549,2025-11-18,East,Groceries,Juice,347.07,1.0,0.0,Debit Card,47.0,347.07,2025,2025-11,November
ORD14877,2025-12-04,North,Clothing,Jacket,472.12,6.0,0.0,Debit Card,64.0,2832.7200000000003,2025,2025-12,December
ORD14551,2025-12-22,South,Toys,Board Game,23.97,3.0,0.0,Credit Card,65.0,71.91,2025,2025-12,December
ORD12266,2024-04-29,West,Furniture,Office Chair,271.42,8.0,0.0,Credit Card,30.0,2171.36,2024,2024-04,April
ORD13262,2024-12-08,North,Toys,Rc Car,393.53,7.0,0.0,Debit Card,22.0,2754.71,2024,2024-12,December
ORD11425,2024-11-02,South,Furniture,Bed Frame,139.57,4.0,0.0,Online Wallet,31.0,558.28,2024,2024-11,November
ORD10576,2025-12-27,West,Toys,Lego Set,211.51,2.0,0.0,Online Wallet,64.0,423.02,2025,2025-12,December
ORD11452,2024-06-23,North,Toys,Lego Set,239.42,5.0,15.0,Online Wallet,55.0,1017.5349999999999,2024,2024-06,June
ORD13351,2025-12-13,East,Toys,Action Figure,349.18,4.0,0.0,Online Wallet,42.0,1396.72,2025,2025-12,December
ORD10445,2024-12-03,West,Groceries,Pasta,470.93,9.0,20.0,Debit Card,46.0,3390.696,2024,2024-12,December
ORD13990,2024-06-21,North,Clothing,T-Shirt,332.66,1.0,5.0,Online Wallet,21.0,316.027,2024,2024-06,June
ORD12894,2024-11-27,South,Toys,Puzzle,158.95,3.0,0.0,Credit Card,19.0,476.84999999999997,2024,2024-11,November
ORD10627,2025-12-30,South,Groceries,Cereal,111.38,7.0,0.0,Credit Card,52.0,779.66,2025,2025-12,December
ORD10347,2024-09-24,North,Furniture,Office Chair,151.05,1.0,0.0,Cash,43.0,151.05,2024,2024-09,September
ORD10341,2025-09-11,West,Toys,Puzzle,366.28,8.0,15.0,Credit Card,62.0,2490.7039999999997,2025,2025-09,September
ORD14359,2024-06-16,East,Clothing,T-Shirt,366.72,6.0,0.0,Debit Card,54.0,2200.32,2024,2024-06,June
ORD14924,2025-10-12,East,Groceries,Juice,370.77,6.0,0.0,Debit Card,59.0,2224.62,2025,2025-10,October
ORD10777,2024-11-20,South,Clothing,Jeans,8.54,9.0,0.0,Credit Card,27.0,76.85999999999999,2024,2024-11,November
ORD12942,2025-12-01,West,Toys,Puzzle,282.87,2.0,10.0,Debit Card,36.0,509.166,2025,2025-12,December
ORD14922,2025-11-16,East,Toys,Rc Car,6.07,7.0,0.0,Credit Card,42.0,42.49,2025,2025-11,November
ORD10303,2024-03-26,East,Clothing,Cap,148.84,8.0,0.0,Cash,27.0,1190.72,2024,2024-03,March
ORD10926,2024-10-07,South,Toys,Lego Set,150.43,7.0,5.0,Debit Card,63.0,1000.3594999999999,2024,2024-10,October
ORD13191,2024-04-14,North,Toys,Rc Car,263.92,1.0,0.0,Cash,41.0,263.92,2024,2024-04,April
ORD10675,2025-08-16,East,Clothing,Jeans,107.26,4.0,5.0,Cash,39.0,407.588,2025,2025-08,August
ORD14261,2025-04-22,North,Groceries,Snacks,247.65,8.0,0.0,Debit Card,46.0,1981.2,2025,2025-04,April
ORD12308,2025-09-13,West,Groceries,Cereal,373.62,4.0,0.0,Debit Card,32.0,1494.48,2025,2025-09,September
ORD10584,2024-05-03,West,Furniture,Bed Frame,380.75,3.0,0.0,Cash,63.0,1142.25,2024,2024-05,May
ORD12012,2025-01-31,West,Groceries,Juice,366.39,2.0,0.0,Debit Card,68.0,732.78,2025,2025-01,January
ORD13258,2024-12-09,South,Groceries,Pasta,256.66,8.0,0.0,Debit Card,56.0,2053.28,2024,2024-12,December
ORD14692,2025-01-14,West,Electronics,Tablet,95.68,9.0,0.0,Online Wallet,20.0,861.1200000000001,2025,2025-01,January
ORD13205,2024-12-27,West,Toys,Puzzle,350.81,4.0,0.0,Credit Card,20.0,1403.24,2024,2024-12,December
ORD10241,2025-02-09,South,Toys,Lego Set,49.12,7.0,10.0,Credit Card,44.0,309.45599999999996,2025,2025-02,February
ORD11862,2024-09-19,East,Toys,Board Game,293.45,1.0,0.0,Credit Card,63.0,293.45,2024,2024-09,September
ORD11479,2025-04-09,East,Furniture,Sofa,326.87,7.0,0.0,Online Wallet,61.0,2288.09,2025,2025-04,April
ORD12014,2025-05-03,East,Toys,Puzzle,75.09,9.0,5.0,Debit Card,48.0,642.0195,2025,2025-05,May
ORD13931,2025-12-13,North,Electronics,Tablet,343.56,2.0,0.0,Debit Card,61.0,687.12,2025,2025-12,December
ORD10170,2025-08-11,South,Groceries,Snacks,256.2,7.0,0.0,Credit Card,63.0,1793.3999999999999,2025,2025-08,August
ORD12501,2024-03-17,North,Electronics,Tablet,27.04,5.0,0.0,Online Wallet,36.0,135.2,2024,2024-03,March
ORD10896,2024-03-06,North,Clothing,Sneakers,42.93,5.0,0.0,Cash,37.0,214.65,2024,2024-03,March
ORD12807,2024-11-13,North,Clothing,T-Shirt,155.52,8.0,5.0,Online Wallet,53.0,1181.952,2024,2024-11,November
ORD11376,2024-06-03,East,Groceries,Coffee,493.29,7.0,0.0,Debit Card,24.0,3453.03,2024,2024-06,June
ORD13455,2025-06-30,South,Toys,Lego Set,469.13,3.0,0.0,Online Wallet,55.0,1407.3899999999999,2025,2025-06,June
ORD12977,2024-03-29,West,Furniture,Sofa,82.55,8.0,0.0,Debit Card,48.0,660.4,2024,2024-03,March
ORD14202,2025-09-24,South,Electronics,Tablet,343.36,5.0,20.0,Online Wallet,19.0,1373.4400000000003,2025,2025-09,September
ORD13406,2024-07-02,North,Electronics,Laptop,454.79,5.0,15.0,Debit Card,38.0,1932.8575,2024,2024-07,July
ORD10477,2024-11-12,North,Toys,Puzzle,171.92,8.0,0.0,Cash,30.0,1375.36,2024,2024-11,November
ORD13344,2024-08-12,North,Toys,Puzzle,471.09,1.0,0.0,Cash,26.0,471.09,2024,2024-08,August
ORD10337,2025-02-27,North,Electronics,Smartwatch,237.52,4.0,0.0,Credit Card,55.0,950.08,2025,2025-02,February
ORD11895,2025-09-14,East,Clothing,Cap,473.05,9.0,15.0,Debit Card,65.0,3618.8324999999995,2025,2025-09,September
ORD10320,2024-01-01,West,Electronics,Tablet,419.34,7.0,0.0,Cash,44.0,2935.3799999999997,2024,2024-01,January
ORD12129,2024-08-31,East,Groceries,Cereal,222.98,1.0,0.0,Cash,50.0,222.98,2024,2024-08,August
ORD13383,2025-10-05,West,Electronics,Tablet,51.29,8.0,5.0,Credit Card,19.0,389.804,2025,2025-10,October
ORD10635,2024-09-30,South,Toys,Lego Set,301.73,2.0,0.0,Credit Card,44.0,603.46,2024,2024-09,September
ORD10620,2025-01-15,North,Electronics,Smartwatch,352.54,9.0,20.0,Online Wallet,28.0,2538.2880000000005,2025,2025-01,January
ORD14012,2024-01-19,South,Groceries,Snacks,459.51,1.0,0.0,Online Wallet,25.0,459.51,2024,2024-01,January
ORD14351,2024-02-13,North,Clothing,T-Shirt,332.01,8.0,0.0,Credit Card,54.0,2656.08,2024,2024-02,February
ORD11658,2024-05-21,West,Furniture,Bookshelf,30.31,1.0,0.0,Cash,63.0,30.31,2024,2024-05,May
ORD12102,2024-01-10,West,Electronics,Tablet,79.42,2.0,0.0,Credit Card,53.0,158.84,2024,2024-01,January
ORD12687,2024-02-14,South,Furniture,Bookshelf,352.64,1.0,5.0,Cash,58.0,335.008,2024,2024-02,February
ORD13929,2025-11-11,South,Toys,Puzzle,194.97,1.0,20.0,Debit Card,20.0,155.976,2025,2025-11,November
ORD13414,2025-04-11,West,Clothing,Jeans,484.54,2.0,10.0,Online Wallet,50.0,872.172,2025,2025-04,April
ORD14708,2024-01-08,South,Furniture,Office Chair,452.11,4.0,20.0,Credit Card,22.0,1446.7520000000002,2024,2024-01,January
ORD13019,2025-05-04,South,Clothing,Sneakers,400.62,7.0,0.0,Credit Card,32.0,2804.34,2025,2025-05,May
ORD12820,2025-04-21,North,Groceries,Juice,308.27,9.0,5.0,Debit Card,44.0,2635.7084999999997,2025,2025-04,April
ORD13078,2024-06-03,West,Toys,Rc Car,131.57,9.0,10.0,Debit Card,34.0,1065.7169999999999,2024,2024-06,June
ORD10681,2024-04-24,East,Clothing,Jeans,156.49,3.0,0.0,Credit Card,31.0,469.47,2024,2024-04,April
ORD12312,2024-05-02,South,Electronics,Tablet,346.97,3.0,0.0,Debit Card,48.0,1040.91,2024,2024-05,May
ORD11709,2025-01-07,East,Electronics,Smartphone,407.84,5.0,10.0,Debit Card,58.0,1835.28,2025,2025-01,January
ORD12298,2025-06-19,West,Clothing,Jacket,65.31,6.0,0.0,Credit Card,38.0,391.86,2025,2025-06,June
ORD13880,2024-09-20,North,Furniture,Desk,208.33,9.0,0.0,Credit Card,62.0,1874.97,2024,2024-09,September
ORD11261,2025-03-28,West,Toys,Action Figure,150.51,2.0,5.0,Credit Card,53.0,285.969,2025,2025-03,March
ORD13183,2025-07-04,North,Toys,Rc Car,492.41,9.0,0.0,Online Wallet,21.0,4431.6900000000005,2025,2025-07,July
ORD11950,2025-04-21,North,Furniture,Office Chair,373.21,8.0,5.0,Credit Card,59.0,2836.3959999999997,2025,2025-04,April
ORD14480,2024-11-14,South,Electronics,Smartphone,224.93,8.0,0.0,Online Wallet,37.0,1799.44,2024,2024-11,November
ORD13440,2025-03-28,East,Clothing,Sneakers,189.89,2.0,0.0,Debit Card,18.0,379.78,2025,2025-03,March
ORD14098,2025-05-23,South,Clothing,Jeans,90.06,7.0,0.0,Credit Card,50.0,630.4200000000001,2025,2025-05,May
ORD10536,2024-12-29,South,Electronics,Tablet,253.13,7.0,0.0,Debit Card,50.0,1771.9099999999999,2024,2024-12,December
ORD14685,2024-07-24,South,Groceries,Coffee,382.35,2.0,0.0,Cash,20.0,764.7,2024,2024-07,July
ORD14330,2024-01-10,South,Furniture,Bookshelf,379.09,3.0,10.0,Online Wallet,60.0,1023.543,2024,2024-01,January
ORD12950,2025-06-21,East,Groceries,Coffee,481.72,6.0,10.0,Online Wallet,54.0,2601.288,2025,2025-06,June
ORD11349,2024-10-10,South,Groceries,Juice,243.09,6.0,0.0,Online Wallet,44.0,1458.54,2024,2024-10,October
ORD10866,2025-10-07,North,Electronics,Smartphone,401.4,6.0,0.0,Debit Card,44.0,2408.3999999999996,2025,2025-10,October
ORD11127,2024-06-19,South,Toys,Board Game,407.1,1.0,5.0,Online Wallet,44.0,386.745,2024,2024-06,June
ORD14972,2024-01-08,West,Clothing,Jeans,222.47,8.0,0.0,Debit Card,44.0,1779.76,2024,2024-01,January
ORD10122,2024-03-03,North,Electronics,Headphones,142.41,2.0,0.0,Cash,44.0,284.82,2024,2024-03,March
ORD14948,2025-06-11,North,Furniture,Desk,369.02,5.0,0.0,Cash,65.0,1845.1,2025,2025-06,June
ORD14710,2025-08-08,West,Groceries,Snacks,12.16,8.0,0.0,Credit Card,34.0,97.28,2025,2025-08,August
ORD11767,2025-01-03,East,Electronics,Laptop,217.03,3.0,20.0,Debit Card,24.0,520.8720000000001,2025,2025-01,January
ORD13165,2024-09-22,South,Groceries,Cereal,349.05,9.0,0.0,Online Wallet,43.0,3141.4500000000003,2024,2024-09,September
ORD14504,2025-02-05,North,Clothing,Jeans,225.3,5.0,0.0,Cash,18.0,1126.5,2025,2025-02,February
ORD13950,2024-10-17,North,Furniture,Sofa,351.4,2.0,5.0,Online Wallet,22.0,667.66,2024,2024-10,October
ORD11607,2025-12-09,North,Clothing,Sneakers,352.69,2.0,10.0,Debit Card,30.0,634.842,2025,2025-12,December
ORD12095,2024-03-05,South,Furniture,Office Chair,7.22,1.0,5.0,Credit Card,44.0,6.858999999999999,2024,2024-03,March
ORD13160,2025-02-27,South,Electronics,Laptop,172.96,1.0,0.0,Cash,47.0,172.96,2025,2025-02,February
ORD12421,2024-12-07,East,Furniture,Bookshelf,214.95,9.0,0.0,Online Wallet,47.0,1934.55,2024,2024-12,December
ORD11797,2024-04-16,East,Electronics,Smartwatch,43.63,1.0,10.0,Credit Card,28.0,39.267,2024,2024-04,April
ORD12902,2024-08-08,West,Groceries,Pasta,449.1,5.0,0.0,Cash,40.0,2245.5,2024,2024-08,August
ORD11506,2025-03-21,West,Furniture,Desk,407.51,3.0,20.0,Credit Card,44.0,978.024,2025,2025-03,March
ORD14249,2025-04-20,North,Toys,Board Game,431.07,3.0,0.0,Credit Card,51.0,1293.21,2025,2025-04,April
ORD12474,2025-02-09,North,Furniture,Office Chair,237.47,3.0,0.0,Credit Card,24.0,712.41,2025,2025-02,February
ORD12900,2024-01-27,East,Toys,Board Game,98.13,5.0,15.0,Credit Card,50.0,417.05249999999995,2024,2024-01,January
ORD13651,2024-11-11,West,Groceries,Snacks,437.37,8.0,0.0,Credit Card,56.0,3498.96,2024,2024-11,November
ORD11193,2024-08-15,North,Furniture,Bookshelf,372.44,5.0,0.0,Debit Card,33.0,1862.2,2024,2024-08,August
ORD11220,2024-05-19,North,Groceries,Pasta,415.95,8.0,0.0,Debit Card,58.0,3327.6,2024,2024-05,May
ORD14790,2024-06-09,North,Groceries,Snacks,240.83,7.0,0.0,Credit Card,57.0,1685.8100000000002,2024,2024-06,June
ORD11194,2025-09-13,North,Clothing,Jeans,207.08,3.0,5.0,Credit Card,36.0,590.178,2025,2025-09,September
ORD12637,2024-10-23,North,Furniture,Bed Frame,291.36,8.0,0.0,Debit Card,20.0,2330.88,2024,2024-10,October
ORD10078,2024-05-24,East,Furniture,Desk,124.34,9.0,0.0,Cash,62.0,1119.06,2024,2024-05,May
ORD11698,2024-09-08,East,Electronics,Laptop,391.84,3.0,0.0,Credit Card,67.0,1175.52,2024,2024-09,September
ORD12476,2025-12-15,West,Clothing,Jacket,85.61,7.0,0.0,Credit Card,27.0,599.27,2025,2025-12,December
ORD12785,2025-06-18,South,Groceries,Coffee,144.17,2.0,0.0,Debit Card,44.0,288.34,2025,2025-06,June
ORD13861,2024-08-25,West,Groceries,Snacks,86.93,2.0,0.0,Cash,26.0,173.86,2024,2024-08,August
ORD10370,2024-01-22,West,Toys,Action Figure,345.42,3.0,0.0,Debit Card,38.0,1036.26,2024,2024-01,January
ORD10485,2025-07-25,East,Clothing,Sneakers,362.76,2.0,0.0,Credit Card,26.0,725.52,2025,2025-07,July
ORD14145,2024-07-29,South,Toys,Lego Set,369.77,5.0,5.0,Online Wallet,43.0,1756.4074999999998,2024,2024-07,July
ORD10520,2025-01-09,East,Furniture,Desk,354.8,5.0,0.0,Debit Card,57.0,1774.0,2025,2025-01,January
ORD10571,2024-01-06,North,Groceries,Juice,129.33,2.0,0.0,Debit Card,49.0,258.66,2024,2024-01,January
ORD13661,2025-04-09,East,Furniture,Bed Frame,458.32,8.0,0.0,Credit Card,28.0,3666.56,2025,2025-04,April
ORD12281,2025-12-25,North,Toys,Lego Set,230.6,4.0,0.0,Cash,61.0,922.4,2025,2025-12,December
ORD11943,2025-02-21,South,Clothing,T-Shirt,268.59,8.0,10.0,Cash,43.0,1933.848,2025,2025-02,February
ORD10947,2024-11-29,East,Clothing,Sneakers,299.66,2.0,20.0,Debit Card,57.0,479.4560000000001,2024,2024-11,November
ORD13762,2025-06-05,South,Clothing,Jeans,428.54,9.0,0.0,Credit Card,40.0,3856.86,2025,2025-06,June
ORD14679,2024-12-03,West,Electronics,Tablet,283.78,3.0,0.0,Cash,19.0,851.3399999999999,2024,2024-12,December
ORD11489,2025-06-30,North,Groceries,Juice,451.19,9.0,0.0,Credit Card,56.0,4060.71,2025,2025-06,June
ORD13663,2024-10-19,West,Clothing,T-Shirt,207.92,1.0,0.0,Debit Card,49.0,207.92,2024,2024-10,October
ORD14906,2024-03-17,West,Electronics,Tablet,289.32,7.0,0.0,Credit Card,68.0,2025.24,2024,2024-03,March
ORD11096,2024-08-14,South,Furniture,Office Chair,340.1,9.0,0.0,Cash,20.0,3060.9,2024,2024-08,August
ORD12124,2025-02-13,North,Toys,Rc Car,474.21,4.0,0.0,Online Wallet,24.0,1896.84,2025,2025-02,February
ORD12750,2024-03-17,South,Groceries,Cereal,415.78,8.0,10.0,Online Wallet,64.0,2993.616,2024,2024-03,March
ORD13788,2025-06-27,South,Groceries,Juice,459.0,5.0,15.0,Cash,43.0,1950.75,2025,2025-06,June
ORD10510,2024-06-14,South,Groceries,Juice,270.29,8.0,20.0,Credit Card,30.0,1729.8560000000002,2024,2024-06,June
ORD14054,2024-12-29,East,Electronics,Smartwatch,158.69,7.0,0.0,Debit Card,49.0,1110.83,2024,2024-12,December
ORD12940,2024-09-09,West,Clothing,T-Shirt,448.25,3.0,0.0,Online Wallet,65.0,1344.75,2024,2024-09,September
ORD11359,2025-04-30,West,Clothing,T-Shirt,131.13,3.0,0.0,Online Wallet,33.0,393.39,2025,2025-04,April
ORD11107,2025-06-11,East,Electronics,Smartphone,365.66,3.0,5.0,Debit Card,41.0,1042.1309999999999,2025,2025-06,June
ORD10533,2025-11-29,East,Clothing,Jeans,297.02,5.0,0.0,Credit Card,33.0,1485.1,2025,2025-11,November
ORD12426,2025-10-12,South,Electronics,Headphones,366.83,9.0,0.0,Debit Card,65.0,3301.47,2025,2025-10,October
ORD12720,2024-01-13,East,Electronics,Laptop,183.44,8.0,10.0,Cash,34.0,1320.768,2024,2024-01,January
ORD12168,2024-01-16,South,Toys,Rc Car,339.51,6.0,0.0,Cash,40.0,2037.06,2024,2024-01,January
ORD13469,2024-06-25,North,Clothing,Sneakers,354.97,6.0,0.0,Cash,64.0,2129.82,2024,2024-06,June
ORD14171,2025-07-28,West,Clothing,Cap,105.34,6.0,0.0,Cash,24.0,632.04,2025,2025-07,July
ORD14585,2024-04-12,West,Toys,Action Figure,78.78,6.0,0.0,Debit Card,56.0,472.68,2024,2024-04,April
ORD13230,2025-06-07,West,Toys,Puzzle,402.4,8.0,0.0,Credit Card,45.0,3219.2,2025,2025-06,June
ORD14888,2025-11-11,West,Furniture,Desk,467.53,8.0,20.0,Online Wallet,39.0,2992.192,2025,2025-11,November
ORD11730,2025-07-28,South,Toys,Lego Set,266.06,8.0,0.0,Online Wallet,23.0,2128.48,2025,2025-07,July
ORD11002,2024-05-11,North,Furniture,Bed Frame,270.06,9.0,0.0,Debit Card,40.0,2430.54,2024,2024-05,May
ORD14674,2024-09-07,East,Toys,Lego Set,473.29,4.0,0.0,Online Wallet,66.0,1893.16,2024,2024-09,September
ORD12858,2024-09-15,South,Furniture,Bed Frame,499.63,6.0,0.0,Credit Card,35.0,2997.7799999999997,2024,2024-09,September
ORD14711,2024-12-26,West,Clothing,T-Shirt,136.88,6.0,0.0,Cash,68.0,821.28,2024,2024-12,December
ORD13939,2024-06-19,North,Groceries,Pasta,226.28,4.0,0.0,Credit Card,40.0,905.12,2024,2024-06,June
ORD10883,2025-05-27,East,Electronics,Headphones,90.33,3.0,0.0,Credit Card,68.0,270.99,2025,2025-05,May
ORD11688,2025-07-19,South,Groceries,Snacks,84.39,9.0,0.0,Cash,44.0,759.51,2025,2025-07,July
ORD11347,2025-08-07,North,Toys,Board Game,206.9,6.0,0.0,Online Wallet,51.0,1241.4,2025,2025-08,August
ORD13975,2024-07-07,South,Groceries,Snacks,230.08,3.0,0.0,Debit Card,47.0,690.24,2024,2024-07,July
ORD11708,2025-04-08,East,Clothing,Cap,91.62,4.0,0.0,Credit Card,48.0,366.48,2025,2025-04,April
ORD12927,2024-07-18,East,Groceries,Snacks,435.15,1.0,10.0,Online Wallet,43.0,391.635,2024,2024-07,July
ORD13610,2025-08-04,East,Furniture,Bed Frame,366.91,5.0,0.0,Cash,34.0,1834.5500000000002,2025,2025-08,August
ORD10670,2024-04-04,North,Toys,Action Figure,70.8,3.0,0.0,Debit Card,26.0,212.39999999999998,2024,2024-04,April
ORD11266,2025-09-08,West,Electronics,Smartphone,211.98,5.0,0.0,Debit Card,36.0,1059.8999999999999,2025,2025-09,September
ORD14646,2024-10-16,West,Electronics,Headphones,92.6,3.0,0.0,Cash,64.0,277.79999999999995,2024,2024-10,October
ORD13232,2025-04-06,West,Electronics,Smartphone,216.44,6.0,0.0,Credit Card,32.0,1298.6399999999999,2025,2025-04,April
ORD11551,2024-08-23,South,Clothing,Sneakers,68.05,4.0,0.0,Online Wallet,24.0,272.2,2024,2024-08,August
ORD12325,2025-02-04,North,Toys,Lego Set,193.9,1.0,0.0,Credit Card,31.0,193.9,2025,2025-02,February
ORD14584,2025-08-17,West,Electronics,Smartphone,153.55,1.0,0.0,Debit Card,35.0,153.55,2025,2025-08,August
ORD14846,2024-08-02,South,Electronics,Headphones,78.36,6.0,10.0,Debit Card,64.0,423.144,2024,2024-08,August
ORD13738,2024-11-14,North,Furniture,Sofa,178.53,7.0,10.0,Cash,26.0,1124.739,2024,2024-11,November
ORD14626,2025-01-16,West,Groceries,Juice,270.42,4.0,10.0,Online Wallet,22.0,973.5120000000001,2025,2025-01,January
ORD13007,2025-09-29,South,Toys,Lego Set,305.31,9.0,0.0,Online Wallet,68.0,2747.79,2025,2025-09,September
ORD13252,2025-05-01,West,Toys,Puzzle,206.64,2.0,0.0,Credit Card,41.0,413.28,2025,2025-05,May
ORD11365,2025-01-30,South,Toys,Action Figure,440.93,7.0,0.0,Online Wallet,54.0,3086.51,2025,2025-01,January
ORD12225,2024-04-27,East,Toys,Lego Set,49.12,6.0,0.0,Cash,60.0,294.71999999999997,2024,2024-04,April
ORD14327,2024-04-11,East,Electronics,Tablet,298.97,2.0,0.0,Credit Card,69.0,597.94,2024,2024-04,April
ORD12677,2025-09-02,East,Clothing,Jacket,78.78,3.0,0.0,Debit Card,56.0,236.34,2025,2025-09,September
ORD10363,2025-10-18,North,Toys,Lego Set,356.89,6.0,0.0,Online Wallet,44.0,2141.34,2025,2025-10,October
ORD12601,2024-02-06,North,Clothing,Cap,415.23,3.0,0.0,Online Wallet,38.0,1245.69,2024,2024-02,February
ORD14862,2025-10-26,West,Groceries,Coffee,177.75,2.0,0.0,Cash,41.0,355.5,2025,2025-10,October
ORD12359,2025-04-09,South,Groceries,Pasta,152.05,9.0,0.0,Debit Card,52.0,1368.45,2025,2025-04,April
ORD12333,2024-12-27,West,Clothing,Sneakers,75.93,1.0,0.0,Credit Card,35.0,75.93,2024,2024-12,December
ORD14619,2024-01-28,North,Groceries,Pasta,356.23,6.0,0.0,Debit Card,40.0,2137.38,2024,2024-01,January
ORD10614,2024-06-19,North,Clothing,Jacket,97.39,9.0,0.0,Online Wallet,64.0,876.51,2024,2024-06,June
ORD11760,2024-02-17,South,Electronics,Smartphone,109.29,9.0,0.0,Cash,62.0,983.61,2024,2024-02,February
ORD10091,2024-03-18,East,Furniture,Sofa,233.95,8.0,0.0,Cash,64.0,1871.6,2024,2024-03,March
ORD11644,2024-12-03,West,Toys,Lego Set,332.26,5.0,10.0,Credit Card,44.0,1495.17,2024,2024-12,December
ORD14240,2025-12-12,South,Electronics,Smartphone,303.45,2.0,0.0,Credit Card,46.0,606.9,2025,2025-12,December
ORD12563,2025-06-25,North,Toys,Rc Car,307.05,2.0,5.0,Credit Card,52.0,583.395,2025,2025-06,June
ORD11964,2024-03-06,North,Toys,Lego Set,142.01,2.0,5.0,Credit Card,61.0,269.81899999999996,2024,2024-03,March
ORD14128,2024-01-11,West,Furniture,Office Chair,440.66,9.0,0.0,Cash,27.0,3965.94,2024,2024-01,January
ORD14263,2025-04-30,North,Groceries,Cereal,133.93,1.0,0.0,Online Wallet,41.0,133.93,2025,2025-04,April
ORD13468,2025-06-20,North,Electronics,Headphones,191.81,1.0,0.0,Cash,53.0,191.81,2025,2025-06,June
ORD12996,2025-07-23,West,Clothing,T-Shirt,193.98,2.0,0.0,Cash,62.0,387.96,2025,2025-07,July
ORD13247,2024-08-14,West,Groceries,Pasta,146.85,5.0,0.0,Cash,59.0,734.25,2024,2024-08,August
ORD11661,2024-02-03,South,Electronics,Headphones,319.63,3.0,5.0,Debit Card,63.0,910.9454999999999,2024,2024-02,February
ORD12401,2024-02-29,West,Groceries,Pasta,154.81,3.0,0.0,Debit Card,39.0,464.43,2024,2024-02,February
ORD13215,2024-07-29,North,Toys,Puzzle,250.13,5.0,0.0,Credit Card,67.0,1250.65,2024,2024-07,July
ORD13894,2024-01-02,East,Clothing,T-Shirt,114.21,3.0,0.0,Credit Card,37.0,342.63,2024,2024-01,January
ORD13077,2024-02-27,West,Furniture,Sofa,451.32,3.0,15.0,Online Wallet,24.0,1150.866,2024,2024-02,February
ORD10258,2025-05-11,East,Groceries,Coffee,276.24,5.0,10.0,Cash,43.0,1243.0800000000002,2025,2025-05,May
ORD11496,2025-01-06,West,Clothing,Jacket,426.3,5.0,20.0,Online Wallet,28.0,1705.2,2025,2025-01,January
ORD11602,2024-11-28,East,Furniture,Desk,210.15,2.0,10.0,Debit Card,50.0,378.27000000000004,2024,2024-11,November
ORD14796,2025-01-08,East,Toys,Lego Set,397.21,4.0,0.0,Online Wallet,50.0,1588.84,2025,2025-01,January
ORD13355,2025-01-04,North,Toys,Board Game,463.18,7.0,0.0,Credit Card,23.0,3242.26,2025,2025-01,January
ORD10649,2025-06-20,North,Toys,Rc Car,30.23,2.0,5.0,Debit Card,27.0,57.437,2025,2025-06,June
ORD12323,2024-06-15,South,Groceries,Juice,26.93,6.0,15.0,Debit Card,31.0,137.343,2024,2024-06,June
ORD14241,2025-06-17,South,Toys,Rc Car,389.47,9.0,0.0,Online Wallet,68.0,3505.2300000000005,2025,2025-06,June
ORD10970,2025-02-04,North,Groceries,Juice,225.95,5.0,0.0,Online Wallet,28.0,1129.75,2025,2025-02,February
ORD13155,2024-03-27,North,Furniture,Bookshelf,400.18,5.0,15.0,Online Wallet,54.0,1700.765,2024,2024-03,March
ORD11305,2025-08-29,East,Clothing,Jeans,88.93,1.0,15.0,Credit Card,50.0,75.5905,2025,2025-08,August
ORD13451,2025-07-25,East,Clothing,Cap,483.92,4.0,0.0,Debit Card,43.0,1935.68,2025,2025-07,July
ORD12284,2025-03-31,West,Toys,Action Figure,393.04,9.0,0.0,Online Wallet,38.0,3537.36,2025,2025-03,March
ORD12500,2025-04-02,North,Electronics,Smartphone,452.71,4.0,5.0,Credit Card,21.0,1720.2979999999998,2025,2025-04,April
ORD11782,2024-02-28,South,Furniture,Office Chair,342.16,3.0,0.0,Cash,18.0,1026.48,2024,2024-02,February
ORD11363,2024-06-22,North,Furniture,Bed Frame,236.31,1.0,0.0,Cash,22.0,236.31,2024,2024-06,June
ORD11468,2025-01-29,East,Clothing,Jeans,211.33,8.0,0.0,Credit Card,63.0,1690.64,2025,2025-01,January
ORD11945,2024-06-23,West,Electronics,Smartwatch,134.87,4.0,0.0,Debit Card,46.0,539.48,2024,2024-06,June
ORD13300,2024-08-07,East,Furniture,Bookshelf,387.3,2.0,5.0,Debit Card,62.0,735.87,2024,2024-08,August
ORD10270,2025-06-05,East,Groceries,Snacks,172.44,8.0,0.0,Credit Card,42.0,1379.52,2025,2025-06,June
ORD14638,2025-08-30,North,Toys,Rc Car,285.97,5.0,0.0,Cash,23.0,1429.8500000000001,2025,2025-08,August
ORD11696,2025-10-20,North,Toys,Puzzle,65.81,6.0,0.0,Cash,46.0,394.86,2025,2025-10,October
ORD14469,2024-01-29,North,Groceries,Juice,235.3,6.0,0.0,Online Wallet,44.0,1411.8000000000002,2024,2024-01,January
ORD14085,2025-03-21,West,Electronics,Smartphone,61.44,5.0,10.0,Cash,69.0,276.48,2025,2025-03,March
ORD11911,2024-10-29,East,Groceries,Pasta,409.4,3.0,10.0,Online Wallet,24.0,1105.3799999999999,2024,2024-10,October
ORD13023,2024-02-28,West,Furniture,Desk,141.51,4.0,5.0,Credit Card,30.0,537.7379999999999,2024,2024-02,February
ORD11819,2025-12-29,South,Groceries,Pasta,129.79,8.0,20.0,Debit Card,23.0,830.656,2025,2025-12,December
ORD10406,2024-01-15,South,Furniture,Bookshelf,180.36,5.0,20.0,Debit Card,55.0,721.44,2024,2024-01,January
ORD11805,2024-03-03,North,Clothing,Sneakers,207.36,2.0,5.0,Cash,30.0,393.984,2024,2024-03,March
ORD13558,2024-01-05,South,Groceries,Coffee,219.44,8.0,0.0,Credit Card,49.0,1755.52,2024,2024-01,January
ORD13647,2025-11-10,West,Clothing,Cap,124.65,6.0,0.0,Debit Card,55.0,747.9000000000001,2025,2025-11,November
ORD13595,2024-02-28,North,Toys,Action Figure,24.67,1.0,20.0,Cash,24.0,19.736000000000004,2024,2024-02,February
ORD14540,2025-01-25,South,Furniture,Office Chair,454.59,5.0,0.0,Debit Card,52.0,2272.95,2025,2025-01,January
ORD14738,2025-11-08,North,Clothing,T-Shirt,168.51,3.0,20.0,Credit Card,19.0,404.424,2025,2025-11,November
ORD13940,2024-01-19,West,Furniture,Sofa,442.84,3.0,0.0,Credit Card,66.0,1328.52,2024,2024-01,January
ORD11544,2024-10-20,West,Toys,Rc Car,427.47,2.0,0.0,Online Wallet,55.0,854.94,2024,2024-10,October
ORD10463,2024-09-08,South,Furniture,Sofa,76.47,2.0,10.0,Debit Card,28.0,137.64600000000002,2024,2024-09,September
ORD11223,2024-11-18,South,Toys,Action Figure,200.89,7.0,0.0,Credit Card,44.0,1406.23,2024,2024-11,November
ORD14434,2025-01-12,North,Clothing,T-Shirt,350.16,1.0,0.0,Debit Card,23.0,350.16,2025,2025-01,January
ORD14115,2024-08-20,North,Furniture,Sofa,201.59,5.0,0.0,Debit Card,27.0,1007.95,2024,2024-08,August
ORD11091,2025-05-20,West,Furniture,Bed Frame,328.3,4.0,0.0,Online Wallet,32.0,1313.2,2025,2025-05,May
ORD10691,2024-12-22,North,Clothing,Jeans,333.26,8.0,0.0,Online Wallet,38.0,2666.08,2024,2024-12,December
ORD11241,2024-02-01,West,Toys,Puzzle,480.94,3.0,0.0,Cash,44.0,1442.82,2024,2024-02,February
ORD10103,2025-07-03,East,Electronics,Headphones,208.86,1.0,10.0,Online Wallet,61.0,187.97400000000002,2025,2025-07,July
ORD13434,2024-03-27,South,Clothing,Jeans,166.85,8.0,0.0,Debit Card,66.0,1334.8,2024,2024-03,March
ORD11631,2024-12-21,West,Toys,Rc Car,478.49,3.0,0.0,Cash,38.0,1435.47,2024,2024-12,December
ORD13025,2025-01-31,East,Clothing,Jeans,198.65,9.0,0.0,Credit Card,37.0,1787.8500000000001,2025,2025-01,January
ORD10683,2025-09-12,East,Groceries,Cereal,354.0,8.0,0.0,Online Wallet,52.0,2832.0,2025,2025-09,September
ORD14604,2025-08-17,West,Toys,Puzzle,77.28,9.0,5.0,Online Wallet,40.0,660.7439999999999,2025,2025-08,August
ORD13316,2024-02-06,North,Clothing,Cap,118.32,1.0,0.0,Cash,59.0,118.32,2024,2024-02,February
ORD10597,2025-01-15,West,Groceries,Coffee,234.71,8.0,0.0,Online Wallet,58.0,1877.68,2025,2025-01,January
ORD13313,2024-07-27,North,Electronics,Tablet,249.26,2.0,0.0,Credit Card,51.0,498.52,2024,2024-07,July
ORD12863,2024-10-21,North,Clothing,Jacket,144.54,3.0,0.0,Online Wallet,25.0,433.62,2024,2024-10,October
ORD13963,2025-03-16,West,Toys,Puzzle,39.79,3.0,0.0,Online Wallet,49.0,119.37,2025,2025-03,March
ORD12695,2025-04-11,South,Groceries,Juice,133.32,4.0,0.0,Debit Card,63.0,533.28,2025,2025-04,April
ORD12080,2025-08-22,North,Electronics,Smartwatch,236.77,1.0,0.0,Debit Card,40.0,236.77,2025,2025-08,August
ORD10199,2025-06-03,South,Electronics,Laptop,205.63,7.0,0.0,Debit Card,31.0,1439.4099999999999,2025,2025-06,June
ORD13194,2025-03-11,East,Electronics,Laptop,14.22,2.0,15.0,Online Wallet,38.0,24.174,2025,2025-03,March
ORD14894,2024-09-21,South,Clothing,Jeans,27.81,8.0,0.0,Cash,52.0,222.48,2024,2024-09,September
ORD12121,2024-09-27,South,Toys,Action Figure,74.0,5.0,0.0,Debit Card,49.0,370.0,2024,2024-09,September
ORD13852,2024-11-03,South,Clothing,Jeans,335.28,2.0,0.0,Cash,61.0,670.56,2024,2024-11,November
ORD11813,2025-04-04,South,Electronics,Headphones,68.54,8.0,0.0,Cash,31.0,548.32,2025,2025-04,April
ORD12350,2024-12-25,North,Electronics,Smartphone,421.31,3.0,0.0,Online Wallet,42.0,1263.93,2024,2024-12,December
ORD10039,2025-06-21,East,Toys,Action Figure,406.01,9.0,0.0,Online Wallet,24.0,3654.09,2025,2025-06,June
ORD12672,2024-12-14,West,Groceries,Cereal,182.41,7.0,5.0,Debit Card,50.0,1213.0265,2024,2024-12,December
ORD10068,2025-11-15,West,Toys,Action Figure,485.09,5.0,0.0,Credit Card,28.0,2425.45,2025,2025-11,November
ORD12410,2024-08-16,West,Clothing,Jacket,419.72,5.0,0.0,Online Wallet,31.0,2098.6000000000004,2024,2024-08,August
ORD12182,2024-06-06,West,Furniture,Office Chair,277.74,4.0,15.0,Cash,24.0,944.316,2024,2024-06,June
ORD13041,2024-01-23,South,Clothing,T-Shirt,280.44,7.0,0.0,Credit Card,44.0,1963.08,2024,2024-01,January
ORD10679,2024-09-29,South,Groceries,Cereal,154.72,7.0,10.0,Debit Card,53.0,974.736,2024,2024-09,September
ORD14161,2024-06-15,South,Clothing,Sneakers,167.74,7.0,0.0,Online Wallet,20.0,1174.18,2024,2024-06,June
ORD14088,2025-02-24,West,Groceries,Pasta,404.02,1.0,0.0,Debit Card,58.0,404.02,2025,2025-02,February
ORD12528,2024-12-30,East,Clothing,Sneakers,358.94,9.0,0.0,Online Wallet,29.0,3230.46,2024,2024-12,December
ORD10365,2024-07-02,North,Groceries,Pasta,141.5,6.0,0.0,Cash,43.0,849.0,2024,2024-07,July
ORD10733,2025-07-31,North,Groceries,Snacks,15.93,7.0,0.0,Cash,34.0,111.50999999999999,2025,2025-07,July
ORD13329,2025-04-21,South,Electronics,Tablet,291.19,4.0,0.0,Cash,59.0,1164.76,2025,2025-04,April
ORD12341,2024-03-01,North,Electronics,Smartwatch,265.12,6.0,20.0,Debit Card,38.0,1272.576,2024,2024-03,March
ORD12071,2025-09-04,South,Groceries,Snacks,237.28,6.0,0.0,Cash,60.0,1423.68,2025,2025-09,September
ORD10954,2024-10-19,West,Electronics,Headphones,446.2,7.0,0.0,Cash,59.0,3123.4,2024,2024-10,October
ORD12673,2024-09-20,East,Furniture,Desk,282.53,9.0,20.0,Cash,34.0,2034.2159999999997,2024,2024-09,September
ORD10287,2025-04-20,North,Furniture,Sofa,369.15,9.0,15.0,Credit Card,50.0,2823.9975,2025,2025-04,April
ORD12549,2024-05-26,South,Electronics,Tablet,267.55,7.0,20.0,Online Wallet,63.0,1498.2800000000002,2024,2024-05,May
ORD12167,2025-05-10,East,Clothing,T-Shirt,285.55,8.0,0.0,Debit Card,44.0,2284.4,2025,2025-05,May
ORD13321,2024-07-26,North,Toys,Action Figure,492.23,3.0,5.0,Debit Card,38.0,1402.8555,2024,2024-07,July
ORD12425,2024-03-01,South,Clothing,Jacket,165.69,6.0,20.0,Debit Card,23.0,795.312,2024,2024-03,March
ORD11581,2025-04-14,North,Clothing,Jacket,47.1,9.0,0.0,Credit Card,27.0,423.90000000000003,2025,2025-04,April
ORD12028,2025-05-21,East,Electronics,Smartwatch,84.35,4.0,0.0,Cash,51.0,337.4,2025,2025-05,May
ORD12062,2025-12-23,West,Groceries,Coffee,111.31,6.0,5.0,Online Wallet,62.0,634.467,2025,2025-12,December
ORD13285,2024-08-22,South,Furniture,Sofa,78.33,3.0,0.0,Online Wallet,68.0,234.99,2024,2024-08,August
ORD13345,2024-07-19,West,Clothing,T-Shirt,201.73,6.0,10.0,Cash,58.0,1089.3419999999999,2024,2024-07,July
ORD12556,2024-06-16,East,Groceries,Juice,191.93,5.0,0.0,Cash,63.0,959.6500000000001,2024,2024-06,June
ORD12311,2024-12-01,East,Groceries,Coffee,174.07,1.0,10.0,Debit Card,48.0,156.663,2024,2024-12,December
ORD14758,2024-07-19,East,Furniture,Sofa,373.31,6.0,0.0,Debit Card,46.0,2239.86,2024,2024-07,July
ORD12686,2025-05-18,South,Clothing,T-Shirt,207.2,1.0,20.0,Online Wallet,56.0,165.76,2025,2025-05,May
ORD13847,2024-04-07,East,Groceries,Coffee,240.47,3.0,5.0,Online Wallet,34.0,685.3394999999999,2024,2024-04,April
ORD12066,2024-05-28,South,Clothing,Jacket,415.58,5.0,0.0,Debit Card,55.0,2077.9,2024,2024-05,May
ORD10793,2024-04-12,West,Clothing,Jacket,257.99,2.0,10.0,Online Wallet,44.0,464.382,2024,2024-04,April
ORD12985,2024-08-21,South,Toys,Puzzle,437.71,7.0,10.0,Debit Card,23.0,2757.573,2024,2024-08,August
ORD14292,2025-09-14,West,Clothing,Cap,217.27,3.0,0.0,Cash,52.0,651.8100000000001,2025,2025-09,September
ORD11097,2025-05-16,North,Electronics,Tablet,132.26,1.0,10.0,Credit Card,31.0,119.03399999999999,2025,2025-05,May
ORD11597,2024-05-20,South,Groceries,Coffee,44.55,2.0,10.0,Debit Card,41.0,80.19,2024,2024-05,May
ORD11293,2024-09-29,West,Furniture,Bed Frame,257.07,4.0,0.0,Online Wallet,19.0,1028.28,2024,2024-09,September
ORD10950,2024-08-06,West,Furniture,Bed Frame,39.92,1.0,5.0,Cash,49.0,37.924,2024,2024-08,August
ORD13319,2024-08-10,West,Electronics,Smartwatch,256.6,5.0,15.0,Credit Card,27.0,1090.55,2024,2024-08,August
ORD14800,2024-06-14,East,Clothing,Jacket,5.05,1.0,10.0,Debit Card,62.0,4.545,2024,2024-06,June
ORD12911,2024-09-23,North,Furniture,Office Chair,328.69,7.0,0.0,Credit Card,65.0,2300.83,2024,2024-09,September
ORD12056,2025-01-13,South,Furniture,Office Chair,402.17,3.0,0.0,Credit Card,55.0,1206.51,2025,2025-01,January
ORD12130,2025-02-21,North,Clothing,Cap,118.56,5.0,0.0,Credit Card,54.0,592.8,2025,2025-02,February
ORD14976,2024-02-21,South,Groceries,Snacks,355.87,7.0,0.0,Cash,30.0,2491.09,2024,2024-02,February
ORD10828,2025-08-27,North,Furniture,Desk,275.51,6.0,0.0,Online Wallet,62.0,1653.06,2025,2025-08,August
ORD14777,2024-07-16,East,Groceries,Coffee,112.04,7.0,0.0,Cash,42.0,784.2800000000001,2024,2024-07,July
ORD13649,2024-01-06,North,Electronics,Headphones,439.4,7.0,0.0,Cash,50.0,3075.7999999999997,2024,2024-01,January
ORD10722,2024-04-26,North,Groceries,Coffee,287.35,8.0,5.0,Credit Card,38.0,2183.86,2024,2024-04,April
ORD14974,2024-10-02,South,Toys,Action Figure,114.22,3.0,20.0,Credit Card,26.0,274.128,2024,2024-10,October
ORD13985,2025-11-08,West,Toys,Rc Car,396.64,6.0,0.0,Debit Card,69.0,2379.84,2025,2025-11,November
ORD11595,2025-09-12,East,Toys,Board Game,274.16,6.0,20.0,Credit Card,68.0,1315.968,2025,2025-09,September
ORD13569,2025-07-11,West,Clothing,Cap,192.09,6.0,10.0,Cash,36.0,1037.286,2025,2025-07,July
ORD14510,2024-06-10,East,Furniture,Bookshelf,364.38,8.0,5.0,Debit Card,67.0,2769.288,2024,2024-06,June
ORD10764,2024-11-02,West,Electronics,Smartwatch,106.38,9.0,0.0,Cash,22.0,957.42,2024,2024-11,November
ORD14184,2024-10-04,West,Clothing,Jeans,420.06,1.0,15.0,Online Wallet,37.0,357.051,2024,2024-10,October
ORD12591,2024-09-22,North,Groceries,Snacks,202.23,5.0,0.0,Online Wallet,20.0,1011.15,2024,2024-09,September
ORD12525,2025-01-21,North,Furniture,Bookshelf,112.96,2.0,0.0,Cash,21.0,225.92,2025,2025-01,January
ORD11592,2024-02-05,South,Toys,Puzzle,407.96,6.0,15.0,Credit Card,29.0,2080.5959999999995,2024,2024-02,February
ORD13495,2025-09-11,North,Clothing,Jacket,416.67,7.0,0.0,Debit Card,42.0,2916.69,2025,2025-09,September
ORD11421,2024-08-28,West,Electronics,Smartphone,59.15,3.0,0.0,Debit Card,31.0,177.45,2024,2024-08,August
ORD10654,2024-05-06,South,Furniture,Bookshelf,210.83,6.0,0.0,Cash,39.0,1264.98,2024,2024-05,May
ORD14125,2024-10-20,South,Toys,Board Game,68.23,6.0,0.0,Credit Card,38.0,409.38,2024,2024-10,October
ORD10283,2024-01-20,North,Groceries,Juice,204.15,7.0,0.0,Debit Card,20.0,1429.05,2024,2024-01,January
ORD13630,2025-03-08,East,Toys,Action Figure,79.61,7.0,10.0,Online Wallet,41.0,501.543,2025,2025-03,March
ORD14166,2024-08-24,North,Electronics,Tablet,439.52,6.0,0.0,Debit Card,21.0,2637.12,2024,2024-08,August
ORD12259,2024-05-23,West,Electronics,Headphones,273.68,3.0,5.0,Credit Card,63.0,779.9879999999999,2024,2024-05,May
ORD12026,2024-03-19,East,Groceries,Juice,143.13,7.0,0.0,Online Wallet,22.0,1001.91,2024,2024-03,March
ORD14990,2024-01-22,South,Groceries,Snacks,209.2,2.0,0.0,Debit Card,35.0,418.4,2024,2024-01,January
ORD13431,2024-09-15,East,Furniture,Bookshelf,427.74,9.0,0.0,Cash,27.0,3849.66,2024,2024-09,September
ORD14727,2024-08-27,South,Clothing,Sneakers,91.24,8.0,5.0,Cash,59.0,693.424,2024,2024-08,August
ORD11445,2024-03-11,West,Furniture,Bed Frame,420.06,6.0,10.0,Debit Card,25.0,2268.324,2024,2024-03,March
ORD10981,2025-12-15,North,Electronics,Tablet,36.31,7.0,10.0,Online Wallet,30.0,228.75300000000001,2025,2025-12,December
ORD13219,2024-10-10,South,Toys,Board Game,318.39,1.0,15.0,Credit Card,41.0,270.63149999999996,2024,2024-10,October
ORD11153,2025-06-08,South,Electronics,Laptop,38.28,2.0,0.0,Credit Card,68.0,76.56,2025,2025-06,June
ORD14149,2024-09-27,North,Electronics,Smartwatch,306.7,4.0,0.0,Cash,53.0,1226.8,2024,2024-09,September
ORD10674,2025-10-26,South,Electronics,Smartwatch,366.01,7.0,0.0,Cash,23.0,2562.0699999999997,2025,2025-10,October
ORD10468,2024-06-01,West,Toys,Action Figure,414.92,7.0,0.0,Online Wallet,63.0,2904.44,2024,2024-06,June
ORD13756,2025-08-10,South,Groceries,Juice,229.4,7.0,0.0,Cash,62.0,1605.8,2025,2025-08,August
ORD13026,2025-12-30,East,Groceries,Pasta,178.72,6.0,0.0,Debit Card,36.0,1072.32,2025,2025-12,December
ORD10429,2025-06-11,East,Clothing,Sneakers,378.35,5.0,0.0,Online Wallet,66.0,1891.75,2025,2025-06,June
ORD11555,2024-02-01,South,Electronics,Smartwatch,107.84,6.0,5.0,Online Wallet,46.0,614.688,2024,2024-02,February
ORD11129,2024-07-26,East,Electronics,Headphones,364.62,5.0,0.0,Credit Card,49.0,1823.1,2024,2024-07,July
ORD11210,2025-06-20,East,Electronics,Smartphone,182.97,6.0,0.0,Online Wallet,32.0,1097.82,2025,2025-06,June
ORD10916,2025-10-05,South,Toys,Action Figure,39.85,9.0,0.0,Online Wallet,22.0,358.65000000000003,2025,2025-10,October
ORD10166,2025-11-28,East,Toys,Rc Car,287.8,8.0,0.0,Cash,30.0,2302.4,2025,2025-11,November
ORD13946,2025-04-06,North,Clothing,T-Shirt,226.64,8.0,0.0,Credit Card,27.0,1813.12,2025,2025-04,April
ORD13253,2025-07-07,East,Toys,Board Game,118.83,9.0,0.0,Online Wallet,44.0,1069.47,2025,2025-07,July
ORD14817,2024-09-25,North,Electronics,Tablet,396.51,8.0,0.0,Online Wallet,23.0,3172.08,2024,2024-09,September
ORD13097,2025-04-16,West,Furniture,Sofa,61.93,3.0,0.0,Debit Card,32.0,185.79,2025,2025-04,April
ORD12494,2025-12-08,South,Clothing,Cap,349.24,1.0,0.0,Debit Card,58.0,349.24,2025,2025-12,December
ORD11000,2024-04-08,South,Clothing,Sneakers,270.03,1.0,5.0,Debit Card,25.0,256.52849999999995,2024,2024-04,April
ORD11178,2025-03-15,East,Furniture,Office Chair,35.91,4.0,0.0,Online Wallet,48.0,143.64,2025,2025-03,March
ORD10056,2024-07-10,North,Furniture,Bed Frame,290.08,3.0,0.0,Debit Card,66.0,870.24,2024,2024-07,July
ORD10208,2024-07-03,South,Furniture,Office Chair,292.16,8.0,0.0,Debit Card,40.0,2337.28,2024,2024-07,July
ORD12111,2024-03-29,South,Toys,Board Game,43.97,9.0,0.0,Cash,38.0,395.73,2024,2024-03,March
ORD13858,2024-01-20,East,Groceries,Coffee,198.32,3.0,0.0,Credit Card,31.0,594.96,2024,2024-01,January
ORD11307,2025-07-21,East,Furniture,Bookshelf,249.45,7.0,0.0,Cash,44.0,1746.1499999999999,2025,2025-07,July
ORD11440,2025-08-01,North,Toys,Lego Set,253.35,4.0,0.0,Credit Card,27.0,1013.4,2025,2025-08,August
ORD10425,2025-08-03,East,Toys,Lego Set,198.95,5.0,5.0,Credit Card,23.0,945.0124999999999,2025,2025-08,August
ORD10697,2024-03-22,North,Groceries,Juice,41.14,1.0,5.0,Credit Card,53.0,39.083,2024,2024-03,March
ORD14200,2024-08-26,South,Groceries,Juice,16.09,1.0,15.0,Online Wallet,60.0,13.676499999999999,2024,2024-08,August
ORD11265,2024-01-30,East,Toys,Action Figure,81.57,9.0,0.0,Cash,58.0,734.1299999999999,2024,2024-01,January
ORD12987,2024-08-14,South,Furniture,Sofa,175.75,3.0,0.0,Online Wallet,35.0,527.25,2024,2024-08,August
ORD12850,2024-06-23,West,Groceries,Juice,464.43,8.0,10.0,Online Wallet,19.0,3343.896,2024,2024-06,June
ORD11593,2025-04-20,South,Electronics,Headphones,409.3,2.0,0.0,Credit Card,49.0,818.6,2025,2025-04,April
ORD12301,2024-02-03,North,Groceries,Pasta,89.95,2.0,0.0,Debit Card,47.0,179.9,2024,2024-02,February
ORD10492,2025-10-19,East,Clothing,Jeans,479.46,1.0,0.0,Debit Card,64.0,479.46,2025,2025-10,October
ORD10961,2025-07-26,North,Electronics,Headphones,137.96,7.0,20.0,Credit Card,18.0,772.576,2025,2025-07,July
ORD11860,2025-12-14,North,Furniture,Desk,156.5,8.0,0.0,Online Wallet,40.0,1252.0,2025,2025-12,December
ORD12993,2025-06-19,West,Toys,Lego Set,396.29,8.0,5.0,Debit Card,63.0,3011.804,2025,2025-06,June
ORD14543,2025-02-01,North,Groceries,Juice,102.68,8.0,0.0,Credit Card,58.0,821.44,2025,2025-02,February
ORD10978,2025-09-08,West,Furniture,Desk,93.27,8.0,0.0,Cash,43.0,746.16,2025,2025-09,September
ORD14700,2025-07-14,East,Groceries,Coffee,63.06,9.0,0.0,Credit Card,24.0,567.54,2025,2025-07,July
ORD13307,2024-03-24,South,Toys,Lego Set,310.4,4.0,0.0,Online Wallet,28.0,1241.6,2024,2024-03,March
ORD10819,2024-03-04,West,Groceries,Cereal,303.43,1.0,20.0,Cash,44.0,242.74400000000003,2024,2024-03,March
ORD11826,2024-05-09,West,Furniture,Desk,37.06,3.0,0.0,Cash,19.0,111.18,2024,2024-05,May
ORD13617,2024-11-23,West,Furniture,Desk,224.97,9.0,0.0,Credit Card,32.0,2024.73,2024,2024-11,November
ORD13794,2025-12-09,East,Toys,Rc Car,20.74,5.0,10.0,Debit Card,32.0,93.33,2025,2025-12,December
ORD11467,2025-08-02,West,Electronics,Laptop,380.95,6.0,5.0,Online Wallet,63.0,2171.4149999999995,2025,2025-08,August
ORD14313,2025-04-12,West,Furniture,Desk,275.83,7.0,0.0,Debit Card,31.0,1930.81,2025,2025-04,April
ORD10621,2024-12-13,East,Electronics,Smartphone,467.69,7.0,5.0,Debit Card,45.0,3110.1384999999996,2024,2024-12,December
ORD13502,2024-07-09,East,Toys,Rc Car,466.1,9.0,0.0,Online Wallet,44.0,4194.900000000001,2024,2024-07,July
ORD14346,2025-06-23,West,Toys,Rc Car,302.58,7.0,0.0,Online Wallet,52.0,2118.06,2025,2025-06,June
ORD11778,2024-03-07,North,Furniture,Bed Frame,54.94,2.0,5.0,Credit Card,18.0,104.386,2024,2024-03,March
ORD14769,2025-09-20,North,Furniture,Bed Frame,299.84,5.0,0.0,Online Wallet,38.0,1499.1999999999998,2025,2025-09,September
ORD10336,2025-07-26,North,Electronics,Smartphone,238.88,8.0,0.0,Debit Card,18.0,1911.04,2025,2025-07,July
ORD14907,2025-05-08,North,Toys,Puzzle,24.35,3.0,5.0,Debit Card,47.0,69.39750000000001,2025,2025-05,May
ORD11083,2025-11-10,South,Clothing,Cap,189.74,9.0,0.0,Credit Card,33.0,1707.66,2025,2025-11,November
ORD12607,2025-08-03,East,Electronics,Smartwatch,168.93,1.0,0.0,Debit Card,21.0,168.93,2025,2025-08,August
ORD10390,2025-01-31,South,Electronics,Smartwatch,210.82,2.0,0.0,Credit Card,55.0,421.64,2025,2025-01,January
ORD10737,2025-07-18,East,Clothing,Sneakers,48.63,7.0,10.0,Cash,32.0,306.369,2025,2025-07,July
ORD10113,2025-02-14,South,Groceries,Pasta,322.37,3.0,0.0,Debit Card,60.0,967.11,2025,2025-02,February
ORD11068,2024-05-18,North,Toys,Rc Car,166.26,1.0,0.0,Credit Card,39.0,166.26,2024,2024-05,May
ORD10937,2024-03-25,North,Clothing,T-Shirt,292.82,5.0,20.0,Cash,22.0,1171.28,2024,2024-03,March
ORD12299,2025-09-23,South,Clothing,Jacket,207.49,6.0,15.0,Online Wallet,18.0,1058.199,2025,2025-09,September
ORD11873,2024-10-18,East,Toys,Rc Car,93.41,4.0,0.0,Cash,27.0,373.64,2024,2024-10,October
ORD14704,2024-10-20,East,Toys,Board Game,280.72,8.0,0.0,Debit Card,53.0,2245.76,2024,2024-10,October
ORD11015,2024-08-23,East,Groceries,Cereal,30.91,1.0,0.0,Debit Card,68.0,30.91,2024,2024-08,August
ORD10257,2024-08-29,North,Electronics,Smartwatch,316.5,5.0,10.0,Credit Card,49.0,1424.25,2024,2024-08,August
ORD13193,2025-10-23,South,Groceries,Cereal,404.5,1.0,0.0,Cash,47.0,404.5,2025,2025-10,October
ORD11339,2024-07-23,South,Toys,Puzzle,360.99,8.0,0.0,Credit Card,34.0,2887.92,2024,2024-07,July
ORD11152,2025-05-16,East,Groceries,Snacks,438.9,1.0,0.0,Debit Card,44.0,438.9,2025,2025-05,May
ORD12264,2024-09-22,North,Toys,Lego Set,42.73,6.0,0.0,Cash,69.0,256.38,2024,2024-09,September
ORD10992,2025-11-30,North,Furniture,Bed Frame,375.06,3.0,0.0,Credit Card,39.0,1125.18,2025,2025-11,November
ORD12968,2024-10-29,West,Groceries,Pasta,194.61,8.0,5.0,Debit Card,24.0,1479.036,2024,2024-10,October
ORD12558,2025-07-17,South,Furniture,Bed Frame,169.53,6.0,0.0,Credit Card,32.0,1017.1800000000001,2025,2025-07,July
ORD11009,2025-11-11,South,Clothing,Jeans,104.31,9.0,0.0,Online Wallet,26.0,938.79,2025,2025-11,November
ORD13124,2024-02-22,East,Electronics,Tablet,293.67,4.0,0.0,Online Wallet,64.0,1174.68,2024,2024-02,February
ORD14917,2024-06-03,North,Groceries,Snacks,131.1,1.0,10.0,Debit Card,27.0,117.99,2024,2024-06,June
ORD10526,2024-08-16,North,Toys,Rc Car,257.52,9.0,0.0,Debit Card,48.0,2317.68,2024,2024-08,August
ORD13513,2024-12-09,South,Clothing,Sneakers,304.55,4.0,15.0,Online Wallet,28.0,1035.47,2024,2024-12,December
ORD10132,2025-06-06,West,Electronics,Smartwatch,133.41,2.0,0.0,Cash,29.0,266.82,2025,2025-06,June
ORD12462,2025-09-08,North,Toys,Lego Set,11.03,1.0,0.0,Online Wallet,49.0,11.03,2025,2025-09,September
ORD10035,2024-04-08,South,Toys,Rc Car,375.12,5.0,15.0,Credit Card,63.0,1594.26,2024,2024-04,April
ORD10441,2025-04-08,West,Clothing,Jeans,85.59,1.0,0.0,Debit Card,28.0,85.59,2025,2025-04,April
ORD10064,2025-05-14,South,Toys,Puzzle,122.16,7.0,20.0,Online Wallet,53.0,684.096,2025,2025-05,May
ORD12029,2025-03-02,East,Groceries,Cereal,377.74,8.0,10.0,Cash,57.0,2719.728,2025,2025-03,March
ORD11668,2025-10-13,West,Toys,Action Figure,139.98,3.0,0.0,Online Wallet,35.0,419.93999999999994,2025,2025-10,October
ORD14467,2025-12-19,South,Groceries,Juice,466.04,7.0,10.0,Credit Card,19.0,2936.052,2025,2025-12,December
ORD11282,2024-06-13,North,Electronics,Tablet,450.83,4.0,0.0,Credit Card,19.0,1803.32,2024,2024-06,June
ORD12175,2025-05-31,South,Electronics,Laptop,254.5,7.0,0.0,Cash,34.0,1781.5,2025,2025-05,May
ORD10638,2025-09-22,East,Groceries,Juice,241.78,6.0,0.0,Cash,22.0,1450.68,2025,2025-09,September
ORD13068,2024-05-30,North,Clothing,Sneakers,491.68,3.0,0.0,Cash,22.0,1475.04,2024,2024-05,May
ORD11224,2024-12-12,East,Furniture,Sofa,57.17,9.0,0.0,Online Wallet,26.0,514.53,2024,2024-12,December
ORD13338,2025-12-30,East,Groceries,Juice,134.6,8.0,0.0,Debit Card,66.0,1076.8,2025,2025-12,December
ORD14739,2025-05-23,North,Clothing,Cap,42.95,1.0,0.0,Debit Card,31.0,42.95,2025,2025-05,May
ORD11218,2024-09-21,North,Electronics,Smartphone,17.44,3.0,0.0,Debit Card,68.0,52.32000000000001,2024,2024-09,September
ORD11598,2024-11-25,North,Groceries,Coffee,111.89,3.0,20.0,Cash,41.0,268.536,2024,2024-11,November
ORD12725,2024-12-31,South,Furniture,Desk,323.13,5.0,0.0,Cash,24.0,1615.65,2024,2024-12,December
ORD12836,2024-10-05,North,Toys,Puzzle,411.69,9.0,10.0,Debit Card,46.0,3334.6890000000003,2024,2024-10,October
ORD13743,2025-01-02,South,Furniture,Bed Frame,59.79,9.0,0.0,Cash,56.0,538.11,2025,2025-01,January
ORD13928,2025-09-03,South,Clothing,Cap,178.19,8.0,0.0,Credit Card,44.0,1425.52,2025,2025-09,September
ORD10767,2024-03-03,South,Clothing,Jacket,328.53,2.0,5.0,Online Wallet,46.0,624.2069999999999,2024,2024-03,March
ORD12572,2025-02-22,East,Electronics,Tablet,43.84,2.0,0.0,Debit Card,35.0,87.68,2025,2025-02,February
ORD14279,2025-01-22,South,Groceries,Pasta,140.02,4.0,0.0,Credit Card,19.0,560.08,2025,2025-01,January
ORD11294,2024-02-27,North,Groceries,Snacks,240.93,3.0,0.0,Debit Card,61.0,722.79,2024,2024-02,February
ORD13274,2025-09-01,South,Furniture,Bed Frame,329.81,9.0,5.0,Online Wallet,60.0,2819.8754999999996,2025,2025-09,September
ORD13309,2024-02-03,West,Clothing,Jacket,49.73,5.0,0.0,Credit Card,31.0,248.64999999999998,2024,2024-02,February
ORD11108,2025-12-11,South,Electronics,Smartwatch,139.76,5.0,0.0,Cash,39.0,698.8,2025,2025-12,December
ORD11659,2024-04-15,West,Toys,Rc Car,75.57,9.0,5.0,Credit Card,69.0,646.1234999999998,2024,2024-04,April
ORD11744,2025-09-28,West,Furniture,Bookshelf,211.64,7.0,0.0,Cash,29.0,1481.48,2025,2025-09,September
ORD11278,2025-11-12,West,Furniture,Office Chair,330.85,2.0,0.0,Debit Card,39.0,661.7,2025,2025-11,November
ORD13525,2024-01-19,North,Toys,Board Game,348.08,8.0,5.0,Online Wallet,55.0,2645.408,2024,2024-01,January
ORD14329,2024-08-20,West,Groceries,Cereal,177.59,1.0,0.0,Debit Card,49.0,177.59,2024,2024-08,August
ORD10129,2025-08-26,North,Clothing,Jacket,122.9,2.0,10.0,Online Wallet,31.0,221.22000000000003,2025,2025-08,August
ORD12700,2024-10-03,North,Groceries,Coffee,470.67,2.0,0.0,Online Wallet,66.0,941.34,2024,2024-10,October
ORD12255,2025-11-08,West,Furniture,Bookshelf,158.45,7.0,0.0,Debit Card,38.0,1109.1499999999999,2025,2025-11,November
ORD12941,2025-02-05,West,Toys,Board Game,162.39,2.0,15.0,Online Wallet,54.0,276.063,2025,2025-02,February
ORD14294,2024-03-30,North,Furniture,Sofa,29.63,4.0,0.0,Credit Card,49.0,118.52,2024,2024-03,March
ORD14223,2024-12-15,East,Furniture,Sofa,33.33,4.0,0.0,Credit Card,44.0,133.32,2024,2024-12,December
ORD10452,2024-11-10,East,Furniture,Bed Frame,369.58,5.0,0.0,Debit Card,53.0,1847.8999999999999,2024,2024-11,November
ORD11234,2024-03-17,West,Groceries,Juice,299.55,3.0,20.0,Credit Card,23.0,718.9200000000001,2024,2024-03,March
ORD14593,2025-01-31,North,Electronics,Smartwatch,227.45,9.0,0.0,Credit Card,43.0,2047.05,2025,2025-01,January
ORD11719,2024-10-13,North,Toys,Rc Car,283.12,1.0,0.0,Debit Card,56.0,283.12,2024,2024-10,October
ORD14863,2024-06-19,East,Electronics,Smartwatch,73.82,1.0,0.0,Credit Card,52.0,73.82,2024,2024-06,June
ORD13113,2025-05-04,West,Electronics,Tablet,442.58,4.0,0.0,Credit Card,57.0,1770.32,2025,2025-05,May
ORD12391,2025-07-18,West,Groceries,Snacks,188.0,8.0,0.0,Credit Card,32.0,1504.0,2025,2025-07,July
ORD10680,2024-05-13,East,Electronics,Smartphone,342.86,9.0,0.0,Debit Card,41.0,3085.7400000000002,2024,2024-05,May
ORD12466,2024-12-29,North,Clothing,Jeans,452.04,7.0,5.0,Debit Card,57.0,3006.0660000000003,2024,2024-12,December
ORD11747,2025-01-22,South,Toys,Puzzle,55.69,1.0,0.0,Cash,25.0,55.69,2025,2025-01,January
ORD14511,2025-10-28,East,Clothing,Sneakers,289.54,7.0,0.0,Online Wallet,63.0,2026.7800000000002,2025,2025-10,October
ORD11954,2024-04-23,West,Furniture,Bookshelf,132.42,5.0,0.0,Debit Card,19.0,662.0999999999999,2024,2024-04,April
ORD11804,2024-12-08,South,Clothing,Jeans,56.28,2.0,0.0,Credit Card,24.0,112.56,2024,2024-12,December
ORD13808,2024-10-18,West,Clothing,Jacket,290.85,9.0,0.0,Cash,30.0,2617.65,2024,2024-10,October
ORD14861,2024-10-18,East,Groceries,Juice,400.65,1.0,10.0,Debit Card,62.0,360.585,2024,2024-10,October
ORD10202,2024-10-29,North,Groceries,Juice,121.16,3.0,0.0,Online Wallet,27.0,363.48,2024,2024-10,October
ORD10934,2025-04-01,West,Furniture,Desk,231.81,7.0,0.0,Credit Card,41.0,1622.67,2025,2025-04,April
ORD14508,2025-07-23,North,Furniture,Bookshelf,248.8,1.0,0.0,Debit Card,54.0,248.8,2025,2025-07,July
ORD14808,2024-09-18,North,Furniture,Sofa,67.91,4.0,10.0,Cash,66.0,244.476,2024,2024-09,September
ORD10964,2025-10-18,North,Toys,Action Figure,165.14,9.0,0.0,Debit Card,22.0,1486.2599999999998,2025,2025-10,October
ORD10124,2025-12-23,East,Toys,Board Game,177.95,1.0,0.0,Debit Card,33.0,177.95,2025,2025-12,December
ORD14600,2025-07-31,West,Electronics,Smartwatch,455.02,3.0,0.0,Cash,47.0,1365.06,2025,2025-07,July
ORD14834,2024-05-22,East,Electronics,Laptop,174.99,3.0,0.0,Cash,35.0,524.97,2024,2024-05,May
ORD11965,2025-03-16,East,Furniture,Desk,282.31,8.0,15.0,Credit Card,25.0,1919.7079999999999,2025,2025-03,March
ORD12515,2025-11-19,South,Clothing,T-Shirt,168.57,8.0,0.0,Credit Card,53.0,1348.56,2025,2025-11,November
ORD14197,2025-09-11,South,Groceries,Juice,92.09,7.0,0.0,Online Wallet,58.0,644.63,2025,2025-09,September
ORD10446,2025-06-01,South,Furniture,Office Chair,276.15,9.0,5.0,Debit Card,37.0,2361.0825,2025,2025-06,June
ORD14807,2025-04-13,West,Clothing,T-Shirt,276.28,8.0,5.0,Online Wallet,26.0,2099.7279999999996,2025,2025-04,April
ORD10647,2024-04-20,West,Clothing,Jacket,209.77,4.0,0.0,Online Wallet,63.0,839.08,2024,2024-04,April
ORD14100,2024-02-14,West,Toys,Rc Car,77.04,4.0,0.0,Cash,34.0,308.16,2024,2024-02,February
ORD12452,2025-11-15,North,Electronics,Laptop,405.02,3.0,0.0,Debit Card,40.0,1215.06,2025,2025-11,November
ORD11757,2025-10-06,East,Groceries,Juice,343.98,2.0,0.0,Online Wallet,24.0,687.96,2025,2025-10,October
ORD11450,2024-01-31,South,Clothing,Cap,402.92,7.0,0.0,Online Wallet,31.0,2820.44,2024,2024-01,January
ORD14246,2024-03-03,North,Clothing,Cap,269.16,2.0,0.0,Credit Card,30.0,538.32,2024,2024-03,March
ORD13403,2025-12-03,West,Electronics,Smartwatch,25.82,9.0,0.0,Debit Card,35.0,232.38,2025,2025-12,December
ORD11353,2024-06-16,South,Clothing,Jacket,395.99,3.0,0.0,Credit Card,53.0,1187.97,2024,2024-06,June
ORD11188,2024-11-14,North,Furniture,Desk,417.47,6.0,0.0,Online Wallet,32.0,2504.82,2024,2024-11,November
ORD10217,2025-12-11,West,Toys,Puzzle,283.9,3.0,0.0,Credit Card,50.0,851.6999999999999,2025,2025-12,December
ORD11415,2025-11-18,South,Electronics,Tablet,116.32,5.0,15.0,Cash,59.0,494.3599999999999,2025,2025-11,November
ORD14320,2025-04-16,East,Furniture,Bed Frame,155.64,1.0,0.0,Cash,33.0,155.64,2025,2025-04,April
ORD13857,2024-09-01,East,Groceries,Juice,254.36,9.0,0.0,Debit Card,28.0,2289.2400000000002,2024,2024-09,September
ORD14809,2024-10-25,West,Toys,Action Figure,431.65,3.0,0.0,Online Wallet,32.0,1294.9499999999998,2024,2024-10,October
ORD10877,2024-10-09,North,Electronics,Headphones,473.84,6.0,0.0,Online Wallet,53.0,2843.04,2024,2024-10,October
ORD13766,2024-10-28,South,Clothing,Cap,159.25,7.0,0.0,Cash,21.0,1114.75,2024,2024-10,October
ORD12022,2025-05-30,West,Electronics,Smartphone,246.73,2.0,0.0,Debit Card,53.0,493.46,2025,2025-05,May
ORD10066,2025-09-29,West,Toys,Action Figure,32.87,8.0,0.0,Credit Card,56.0,262.96,2025,2025-09,September
ORD13701,2024-03-28,East,Electronics,Headphones,347.13,1.0,20.0,Cash,51.0,277.704,2024,2024-03,March
ORD14557,2024-05-19,South,Toys,Lego Set,147.13,2.0,0.0,Credit Card,44.0,294.26,2024,2024-05,May
ORD10736,2024-05-02,West,Furniture,Sofa,309.0,5.0,0.0,Cash,44.0,1545.0,2024,2024-05,May
ORD11846,2024-08-17,North,Electronics,Smartwatch,147.02,4.0,0.0,Online Wallet,54.0,588.08,2024,2024-08,August
ORD10272,2024-05-01,East,Electronics,Smartwatch,408.89,7.0,10.0,Online Wallet,58.0,2576.007,2024,2024-05,May
ORD11490,2025-07-13,East,Furniture,Sofa,261.81,8.0,0.0,Online Wallet,32.0,2094.48,2025,2025-07,July
ORD14872,2024-02-12,South,Furniture,Sofa,211.74,5.0,0.0,Debit Card,60.0,1058.7,2024,2024-02,February
ORD13659,2024-09-05,South,Groceries,Coffee,253.71,8.0,5.0,Credit Card,34.0,1928.196,2024,2024-09,September
ORD14220,2024-07-25,North,Furniture,Office Chair,360.4,6.0,10.0,Online Wallet,49.0,1946.1599999999996,2024,2024-07,July
ORD14178,2024-09-17,South,Electronics,Smartwatch,430.27,3.0,0.0,Debit Card,27.0,1290.81,2024,2024-09,September
ORD11944,2024-11-06,North,Furniture,Office Chair,364.98,5.0,0.0,Credit Card,55.0,1824.9,2024,2024-11,November
ORD10660,2025-10-21,East,Toys,Puzzle,134.36,5.0,0.0,Online Wallet,58.0,671.8000000000001,2025,2025-10,October
ORD11446,2025-05-19,North,Toys,Rc Car,263.19,9.0,0.0,Debit Card,56.0,2368.71,2025,2025-05,May
ORD12801,2024-05-07,East,Toys,Lego Set,21.2,2.0,0.0,Debit Card,67.0,42.4,2024,2024-05,May
ORD13051,2025-12-14,North,Groceries,Snacks,46.81,8.0,0.0,Online Wallet,27.0,374.48,2025,2025-12,December
ORD10288,2024-02-16,West,Electronics,Tablet,63.58,6.0,20.0,Online Wallet,28.0,305.184,2024,2024-02,February
ORD11776,2024-12-28,West,Furniture,Bookshelf,494.59,5.0,0.0,Debit Card,51.0,2472.95,2024,2024-12,December
ORD11357,2025-10-19,South,Groceries,Pasta,226.75,5.0,0.0,Credit Card,44.0,1133.75,2025,2025-10,October
ORD13875,2025-02-09,North,Toys,Lego Set,72.46,4.0,20.0,Cash,63.0,231.87199999999999,2025,2025-02,February
ORD14082,2025-07-08,West,Toys,Rc Car,376.83,9.0,0.0,Online Wallet,50.0,3391.47,2025,2025-07,July
ORD13315,2024-12-09,East,Groceries,Juice,470.58,8.0,0.0,Online Wallet,47.0,3764.64,2024,2024-12,December
ORD14081,2025-07-04,North,Groceries,Cereal,450.57,1.0,0.0,Credit Card,30.0,450.57,2025,2025-07,July
ORD13555,2025-02-21,West,Groceries,Snacks,411.22,5.0,0.0,Cash,61.0,2056.1000000000004,2025,2025-02,February
ORD10226,2025-01-19,West,Groceries,Juice,189.89,7.0,0.0,Credit Card,39.0,1329.23,2025,2025-01,January
ORD10514,2024-08-21,North,Clothing,Sneakers,347.15,7.0,0.0,Cash,48.0,2430.0499999999997,2024,2024-08,August
ORD14050,2025-11-27,West,Furniture,Bed Frame,126.5,7.0,10.0,Credit Card,23.0,796.95,2025,2025-11,November
ORD11605,2025-01-04,East,Electronics,Laptop,456.33,2.0,0.0,Debit Card,52.0,912.66,2025,2025-01,January
ORD14969,2024-09-13,North,Electronics,Smartphone,117.19,7.0,0.0,Online Wallet,68.0,820.3299999999999,2024,2024-09,September
ORD14973,2025-10-07,North,Toys,Lego Set,395.32,5.0,0.0,Debit Card,41.0,1976.6,2025,2025-10,October
ORD12917,2024-02-01,East,Toys,Lego Set,393.46,3.0,20.0,Credit Card,36.0,944.304,2024,2024-02,February
ORD13594,2025-07-20,East,Clothing,Jeans,139.26,8.0,0.0,Credit Card,47.0,1114.08,2025,2025-07,July
ORD10908,2025-10-19,South,Toys,Rc Car,31.15,3.0,0.0,Credit Card,60.0,93.44999999999999,2025,2025-10,October
ORD10800,2025-05-17,East,Clothing,Sneakers,250.54,2.0,0.0,Debit Card,62.0,501.08,2025,2025-05,May
ORD10768,2024-07-25,South,Electronics,Smartwatch,149.39,4.0,0.0,Debit Card,18.0,597.56,2024,2024-07,July
ORD10193,2025-09-22,West,Groceries,Pasta,219.66,3.0,0.0,Debit Card,35.0,658.98,2025,2025-09,September
ORD13664,2025-11-20,East,Electronics,Smartphone,337.11,5.0,0.0,Credit Card,68.0,1685.5500000000002,2025,2025-11,November
ORD10742,2025-10-03,East,Furniture,Bed Frame,65.1,2.0,0.0,Credit Card,68.0,130.2,2025,2025-10,October
ORD14143,2025-02-10,West,Toys,Board Game,207.96,8.0,10.0,Cash,33.0,1497.3120000000001,2025,2025-02,February
ORD11454,2024-03-18,South,Clothing,T-Shirt,65.65,1.0,0.0,Cash,67.0,65.65,2024,2024-03,March
ORD10612,2024-01-08,South,Toys,Lego Set,161.04,3.0,0.0,Online Wallet,52.0,483.12,2024,2024-01,January
ORD13416,2025-08-09,South,Toys,Lego Set,280.86,6.0,0.0,Online Wallet,26.0,1685.16,2025,2025-08,August
ORD11870,2025-10-02,East,Electronics,Smartwatch,141.38,7.0,0.0,Debit Card,42.0,989.66,2025,2025-10,October
ORD10401,2025-02-15,South,Toys,Action Figure,239.33,7.0,0.0,Online Wallet,43.0,1675.3100000000002,2025,2025-02,February
ORD14057,2025-09-26,West,Electronics,Smartphone,409.6,4.0,10.0,Online Wallet,59.0,1474.5600000000002,2025,2025-09,September
ORD10849,2024-04-09,West,Electronics,Headphones,438.46,9.0,0.0,Debit Card,31.0,3946.14,2024,2024-04,April
ORD13969,2025-04-26,North,Groceries,Coffee,141.11,7.0,0.0,Online Wallet,35.0,987.7700000000001,2025,2025-04,April
ORD11728,2024-11-15,West,Groceries,Juice,118.08,9.0,10.0,Credit Card,53.0,956.4480000000001,2024,2024-11,November
ORD10374,2024-07-12,East,Electronics,Tablet,56.68,7.0,0.0,Debit Card,31.0,396.76,2024,2024-07,July
ORD12935,2025-02-18,South,Furniture,Office Chair,267.75,6.0,0.0,Online Wallet,59.0,1606.5,2025,2025-02,February
ORD10537,2025-11-24,North,Electronics,Tablet,498.22,3.0,5.0,Online Wallet,26.0,1419.927,2025,2025-11,November
ORD14112,2025-09-15,North,Electronics,Smartphone,345.93,6.0,0.0,Cash,42.0,2075.58,2025,2025-09,September
ORD13159,2025-05-01,West,Furniture,Bed Frame,51.79,1.0,5.0,Online Wallet,46.0,49.2005,2025,2025-05,May
ORD11007,2024-11-21,North,Groceries,Pasta,40.51,7.0,15.0,Credit Card,68.0,241.03449999999998,2024,2024-11,November
ORD14882,2025-03-25,East,Toys,Rc Car,427.07,2.0,5.0,Credit Card,21.0,811.433,2025,2025-03,March
ORD14396,2025-12-07,South,Electronics,Laptop,495.17,2.0,0.0,Online Wallet,40.0,990.34,2025,2025-12,December
ORD14610,2025-09-28,South,Electronics,Smartphone,391.73,1.0,0.0,Cash,44.0,391.73,2025,2025-09,September
ORD10578,2024-04-08,West,Clothing,Sneakers,121.32,5.0,10.0,Credit Card,24.0,545.9399999999999,2024,2024-04,April
ORD10692,2024-10-17,South,Toys,Rc Car,448.05,2.0,0.0,Credit Card,60.0,896.1,2024,2024-10,October
ORD11611,2024-04-04,South,Toys,Action Figure,110.85,4.0,0.0,Debit Card,42.0,443.4,2024,2024-04,April
ORD12734,2025-01-28,West,Electronics,Headphones,498.86,3.0,5.0,Debit Card,51.0,1421.751,2025,2025-01,January
ORD14986,2024-09-14,West,Groceries,Snacks,357.47,7.0,5.0,Credit Card,56.0,2377.1755,2024,2024-09,September
ORD14248,2024-12-10,North,Toys,Lego Set,480.79,8.0,0.0,Cash,41.0,3846.32,2024,2024-12,December
ORD10655,2025-11-15,West,Groceries,Cereal,70.84,7.0,15.0,Credit Card,43.0,421.498,2025,2025-11,November
ORD10444,2024-03-24,North,Groceries,Coffee,337.38,7.0,0.0,Cash,46.0,2361.66,2024,2024-03,March
ORD14981,2024-12-28,West,Clothing,Sneakers,81.05,6.0,0.0,Online Wallet,48.0,486.29999999999995,2024,2024-12,December
ORD13207,2024-02-01,West,Electronics,Laptop,251.21,1.0,0.0,Credit Card,26.0,251.21,2024,2024-02,February
ORD11228,2025-02-01,West,Groceries,Snacks,481.34,4.0,10.0,Online Wallet,34.0,1732.8239999999998,2025,2025-02,February
ORD13616,2025-06-21,East,Electronics,Smartwatch,421.97,5.0,20.0,Credit Card,44.0,1687.8800000000003,2025,2025-06,June
ORD13677,2024-08-07,West,Groceries,Snacks,344.82,8.0,20.0,Cash,35.0,2206.848,2024,2024-08,August
ORD13044,2024-12-18,West,Furniture,Bed Frame,272.76,3.0,0.0,Online Wallet,43.0,818.28,2024,2024-12,December
ORD10590,2025-10-10,South,Furniture,Bed Frame,82.32,7.0,0.0,Debit Card,47.0,576.24,2025,2025-10,October
ORD12906,2024-09-19,East,Clothing,Jacket,444.83,3.0,0.0,Credit Card,50.0,1334.49,2024,2024-09,September
ORD11575,2024-10-26,South,Toys,Board Game,416.78,9.0,0.0,Online Wallet,39.0,3751.0199999999995,2024,2024-10,October
ORD10478,2025-03-26,North,Toys,Action Figure,106.14,1.0,20.0,Credit Card,66.0,84.912,2025,2025-03,March
ORD14496,2024-07-29,East,Clothing,Jacket,135.32,7.0,0.0,Cash,44.0,947.24,2024,2024-07,July
ORD12656,2024-04-19,East,Electronics,Laptop,254.79,5.0,0.0,Credit Card,67.0,1273.95,2024,2024-04,April
ORD12396,2025-08-18,North,Groceries,Coffee,379.37,1.0,0.0,Debit Card,54.0,379.37,2025,2025-08,August
ORD14052,2025-01-11,North,Electronics,Laptop,176.09,2.0,0.0,Credit Card,67.0,352.18,2025,2025-01,January
ORD14749,2024-07-11,East,Clothing,T-Shirt,123.18,6.0,0.0,Debit Card,53.0,739.08,2024,2024-07,July
ORD12660,2024-01-13,South,Electronics,Laptop,391.02,6.0,5.0,Credit Card,63.0,2228.814,2024,2024-01,January
ORD11871,2025-09-04,North,Electronics,Headphones,383.71,6.0,10.0,Online Wallet,46.0,2072.0339999999997,2025,2025-09,September
ORD13531,2024-10-19,West,Clothing,T-Shirt,464.54,9.0,0.0,Debit Card,47.0,4180.860000000001,2024,2024-10,October
ORD10465,2024-04-30,South,Electronics,Laptop,133.82,6.0,0.0,Credit Card,22.0,802.92,2024,2024-04,April
ORD10743,2025-10-13,East,Clothing,T-Shirt,247.44,8.0,0.0,Online Wallet,53.0,1979.52,2025,2025-10,October
ORD12751,2024-11-08,East,Furniture,Bed Frame,54.36,8.0,15.0,Cash,51.0,369.64799999999997,2024,2024-11,November
ORD13731,2024-08-13,East,Toys,Action Figure,162.67,3.0,0.0,Online Wallet,58.0,488.01,2024,2024-08,August
ORD10182,2025-01-12,West,Groceries,Pasta,310.24,9.0,0.0,Cash,34.0,2792.16,2025,2025-01,January
ORD10242,2025-05-23,South,Groceries,Juice,22.9,1.0,0.0,Credit Card,19.0,22.9,2025,2025-05,May
ORD12716,2024-09-04,West,Clothing,Jacket,366.91,7.0,20.0,Debit Card,61.0,2054.6960000000004,2024,2024-09,September
ORD11394,2025-11-13,South,Furniture,Office Chair,268.49,2.0,0.0,Credit Card,28.0,536.98,2025,2025-11,November
ORD11053,2025-01-24,South,Clothing,Jacket,160.64,5.0,0.0,Debit Card,43.0,803.1999999999999,2025,2025-01,January
ORD13259,2024-12-18,East,Toys,Rc Car,456.42,4.0,0.0,Credit Card,35.0,1825.68,2024,2024-12,December
ORD10653,2024-10-15,East,Groceries,Juice,417.14,4.0,10.0,Credit Card,54.0,1501.704,2024,2024-10,October
ORD10148,2025-05-03,South,Groceries,Cereal,472.31,7.0,20.0,Debit Card,38.0,2644.936,2025,2025-05,May
ORD13586,2025-04-07,North,Furniture,Desk,351.81,2.0,5.0,Online Wallet,32.0,668.439,2025,2025-04,April
ORD10023,2024-10-20,East,Clothing,T-Shirt,187.05,4.0,20.0,Debit Card,28.0,598.5600000000001,2024,2024-10,October
ORD11285,2024-02-12,North,Groceries,Snacks,49.46,5.0,0.0,Cash,40.0,247.3,2024,2024-02,February
ORD11957,2025-12-06,East,Electronics,Headphones,407.49,5.0,0.0,Debit Card,35.0,2037.45,2025,2025-12,December
ORD12260,2025-08-18,South,Groceries,Juice,415.52,9.0,0.0,Cash,46.0,3739.68,2025,2025-08,August
ORD11532,2025-09-23,North,Clothing,Jacket,472.79,9.0,0.0,Online Wallet,40.0,4255.110000000001,2025,2025-09,September
ORD10919,2024-06-21,West,Furniture,Office Chair,399.72,4.0,0.0,Credit Card,36.0,1598.88,2024,2024-06,June
ORD11199,2024-07-09,South,Toys,Action Figure,156.19,9.0,0.0,Debit Card,21.0,1405.71,2024,2024-07,July
ORD12216,2025-04-26,South,Clothing,Jeans,61.66,1.0,15.0,Online Wallet,44.0,52.410999999999994,2025,2025-04,April
ORD14625,2025-06-13,South,Electronics,Laptop,11.33,1.0,0.0,Debit Card,27.0,11.33,2025,2025-06,June
ORD14915,2024-08-24,North,Clothing,Sneakers,147.44,9.0,0.0,Debit Card,18.0,1326.96,2024,2024-08,August
ORD13506,2024-07-12,North,Furniture,Desk,125.46,2.0,10.0,Cash,43.0,225.828,2024,2024-07,July
ORD10106,2024-05-11,South,Clothing,Jeans,161.52,9.0,0.0,Online Wallet,56.0,1453.68,2024,2024-05,May
ORD11484,2025-05-28,East,Toys,Lego Set,128.44,7.0,0.0,Cash,64.0,899.0799999999999,2025,2025-05,May
ORD14644,2024-07-21,West,Clothing,Jacket,116.27,3.0,5.0,Credit Card,48.0,331.36949999999996,2024,2024-07,July
ORD10350,2025-03-26,West,Furniture,Sofa,227.81,9.0,0.0,Online Wallet,28.0,2050.29,2025,2025-03,March
ORD11509,2025-12-18,South,Toys,Lego Set,76.13,6.0,10.0,Cash,29.0,411.102,2025,2025-12,December
ORD11260,2024-09-11,South,Groceries,Coffee,137.95,3.0,20.0,Debit Card,60.0,331.08,2024,2024-09,September
ORD10048,2025-03-10,West,Groceries,Snacks,380.13,9.0,0.0,Online Wallet,22.0,3421.17,2025,2025-03,March
ORD10238,2024-10-13,North,Toys,Rc Car,378.64,7.0,0.0,Debit Card,47.0,2650.48,2024,2024-10,October
ORD10712,2025-01-25,North,Electronics,Smartphone,134.15,1.0,0.0,Credit Card,44.0,134.15,2025,2025-01,January
ORD11443,2025-11-28,East,Electronics,Laptop,207.33,5.0,0.0,Online Wallet,18.0,1036.65,2025,2025-11,November
ORD14742,2024-05-31,South,Furniture,Bookshelf,134.01,7.0,20.0,Debit Card,59.0,750.456,2024,2024-05,May
ORD14575,2024-02-13,West,Furniture,Office Chair,452.55,2.0,0.0,Cash,66.0,905.1,2024,2024-02,February
ORD13582,2024-02-12,South,Electronics,Laptop,451.25,5.0,0.0,Cash,33.0,2256.25,2024,2024-02,February
ORD13992,2025-12-27,South,Clothing,T-Shirt,185.29,9.0,0.0,Credit Card,63.0,1667.61,2025,2025-12,December
ORD13943,2025-05-10,North,Furniture,Bed Frame,428.13,2.0,0.0,Cash,57.0,856.26,2025,2025-05,May
ORD12663,2024-01-16,North,Furniture,Sofa,367.31,6.0,5.0,Online Wallet,44.0,2093.667,2024,2024-01,January
ORD12718,2024-01-10,North,Furniture,Bookshelf,255.65,6.0,0.0,Credit Card,36.0,1533.9,2024,2024-01,January
ORD12613,2025-12-11,South,Groceries,Snacks,234.31,4.0,0.0,Online Wallet,63.0,937.24,2025,2025-12,December
ORD14245,2024-02-18,South,Clothing,Jacket,341.51,8.0,5.0,Cash,41.0,2595.4759999999997,2024,2024-02,February
ORD12511,2025-10-11,South,Groceries,Coffee,296.6,9.0,0.0,Cash,19.0,2669.4,2025,2025-10,October
ORD10900,2024-11-15,East,Electronics,Tablet,23.83,6.0,0.0,Cash,47.0,142.98,2024,2024-11,November
ORD13522,2024-11-24,South,Clothing,Sneakers,107.69,2.0,0.0,Debit Card,20.0,215.38,2024,2024-11,November
ORD14335,2025-09-30,East,Toys,Rc Car,81.3,2.0,0.0,Cash,19.0,162.6,2025,2025-09,September
ORD11931,2024-02-10,North,Clothing,T-Shirt,317.62,6.0,0.0,Cash,69.0,1905.72,2024,2024-02,February
ORD14786,2025-11-20,East,Toys,Lego Set,12.44,1.0,15.0,Online Wallet,44.0,10.574,2025,2025-11,November
ORD14366,2025-11-10,North,Groceries,Juice,369.82,9.0,0.0,Cash,35.0,3328.38,2025,2025-11,November
ORD13033,2024-07-18,West,Furniture,Sofa,368.01,4.0,10.0,Online Wallet,60.0,1324.836,2024,2024-07,July
ORD13600,2025-04-07,West,Furniture,Desk,157.87,2.0,10.0,Online Wallet,41.0,284.166,2025,2025-04,April
ORD14897,2024-08-02,East,Furniture,Office Chair,433.26,8.0,10.0,Online Wallet,44.0,3119.472,2024,2024-08,August
ORD13684,2025-03-15,North,Electronics,Smartphone,422.8,7.0,0.0,Online Wallet,46.0,2959.6,2025,2025-03,March
ORD13248,2025-12-13,East,Clothing,Jeans,247.0,6.0,0.0,Cash,36.0,1482.0,2025,2025-12,December
ORD12254,2025-08-09,South,Clothing,T-Shirt,398.21,7.0,15.0,Credit Card,24.0,2369.3495,2025,2025-08,August
ORD12125,2024-05-10,East,Furniture,Bed Frame,144.62,5.0,0.0,Debit Card,24.0,723.1,2024,2024-05,May
ORD10030,2024-12-03,North,Clothing,T-Shirt,245.38,3.0,0.0,Credit Card,53.0,736.14,2024,2024-12,December
ORD12306,2025-08-01,West,Clothing,T-Shirt,481.55,9.0,10.0,Credit Card,53.0,3900.555,2025,2025-08,August
ORD11226,2024-06-18,North,Toys,Rc Car,393.98,4.0,15.0,Cash,34.0,1339.532,2024,2024-06,June
ORD13385,2024-03-17,North,Clothing,Sneakers,362.23,1.0,0.0,Credit Card,23.0,362.23,2024,2024-03,March
ORD12329,2025-04-10,West,Toys,Puzzle,127.28,1.0,20.0,Cash,37.0,101.82400000000001,2025,2025-04,April
ORD10173,2024-07-14,South,Toys,Rc Car,91.01,4.0,0.0,Cash,34.0,364.04,2024,2024-07,July
ORD12676,2025-07-07,East,Groceries,Snacks,323.15,5.0,0.0,Debit Card,22.0,1615.75,2025,2025-07,July
ORD13301,2025-12-18,North,Electronics,Laptop,81.46,6.0,5.0,Credit Card,37.0,464.32199999999995,2025,2025-12,December
ORD14690,2025-06-04,East,Clothing,Cap,99.15,7.0,0.0,Debit Card,32.0,694.0500000000001,2025,2025-06,June
ORD10859,2025-04-28,North,Furniture,Sofa,304.13,7.0,15.0,Debit Card,38.0,1809.5734999999997,2025,2025-04,April
ORD11972,2025-05-22,East,Clothing,Cap,197.44,8.0,0.0,Credit Card,44.0,1579.52,2025,2025-05,May
ORD11917,2024-07-19,West,Furniture,Bed Frame,102.23,8.0,0.0,Cash,24.0,817.84,2024,2024-07,July
ORD13349,2024-09-27,East,Furniture,Bed Frame,155.01,4.0,20.0,Cash,41.0,496.032,2024,2024-09,September
ORD14103,2025-04-19,South,Toys,Rc Car,243.01,2.0,10.0,Cash,49.0,437.418,2025,2025-04,April
ORD14087,2025-11-13,North,Clothing,T-Shirt,465.5,8.0,0.0,Cash,31.0,3724.0,2025,2025-11,November
ORD12491,2025-05-14,South,Electronics,Smartwatch,169.64,1.0,0.0,Credit Card,53.0,169.64,2025,2025-05,May
ORD14980,2024-04-08,West,Electronics,Laptop,169.6,5.0,0.0,Debit Card,69.0,848.0,2024,2024-04,April
ORD10807,2025-08-11,South,Electronics,Headphones,207.55,4.0,0.0,Cash,43.0,830.2,2025,2025-08,August
ORD11469,2025-10-09,East,Furniture,Desk,468.49,8.0,0.0,Cash,33.0,3747.92,2025,2025-10,October
ORD12006,2025-04-20,North,Groceries,Cereal,372.12,6.0,0.0,Cash,19.0,2232.7200000000003,2025,2025-04,April
ORD14222,2024-04-05,North,Groceries,Coffee,446.07,9.0,0.0,Debit Card,56.0,4014.63,2024,2024-04,April
ORD14211,2024-01-21,East,Groceries,Snacks,424.58,5.0,0.0,Debit Card,45.0,2122.9,2024,2024-01,January
ORD14843,2024-09-11,North,Clothing,T-Shirt,130.29,9.0,0.0,Debit Card,23.0,1172.61,2024,2024-09,September
ORD13609,2025-04-30,West,Electronics,Headphones,212.15,3.0,0.0,Online Wallet,52.0,636.45,2025,2025-04,April
ORD10493,2024-03-01,South,Clothing,Jacket,165.63,5.0,0.0,Credit Card,44.0,828.15,2024,2024-03,March
ORD11623,2024-02-22,North,Furniture,Desk,170.7,6.0,0.0,Credit Card,49.0,1024.1999999999998,2024,2024-02,February
ORD12651,2025-06-24,North,Electronics,Laptop,42.84,3.0,5.0,Online Wallet,32.0,122.09400000000001,2025,2025-06,June
ORD14493,2025-09-26,East,Furniture,Desk,288.5,4.0,0.0,Cash,55.0,1154.0,2025,2025-09,September
ORD11001,2025-12-09,East,Toys,Rc Car,54.38,1.0,0.0,Online Wallet,26.0,54.38,2025,2025-12,December
ORD12317,2024-08-15,East,Groceries,Pasta,366.73,4.0,0.0,Online Wallet,56.0,1466.92,2024,2024-08,August
ORD13686,2025-08-15,North,Furniture,Office Chair,61.52,8.0,15.0,Cash,45.0,418.336,2025,2025-08,August
ORD11951,2024-08-17,East,Toys,Action Figure,32.39,9.0,0.0,Debit Card,57.0,291.51,2024,2024-08,August
ORD12746,2024-07-16,South,Clothing,Cap,235.43,8.0,0.0,Debit Card,68.0,1883.44,2024,2024-07,July
ORD13485,2025-09-05,North,Toys,Rc Car,122.28,3.0,0.0,Online Wallet,22.0,366.84000000000003,2025,2025-09,September
ORD10972,2024-05-13,North,Clothing,Jeans,338.05,2.0,5.0,Online Wallet,42.0,642.295,2024,2024-05,May
ORD11308,2025-08-10,East,Electronics,Smartwatch,185.72,4.0,5.0,Cash,65.0,705.736,2025,2025-08,August
ORD12867,2025-04-17,West,Furniture,Desk,134.31,4.0,0.0,Cash,59.0,537.24,2025,2025-04,April
ORD12489,2024-06-17,South,Furniture,Bed Frame,153.7,9.0,0.0,Credit Card,50.0,1383.3,2024,2024-06,June
ORD13417,2025-07-02,East,Groceries,Coffee,143.57,5.0,0.0,Credit Card,52.0,717.8499999999999,2025,2025-07,July
ORD14681,2025-08-21,East,Clothing,Jacket,318.59,5.0,0.0,Cash,60.0,1592.9499999999998,2025,2025-08,August
ORD14006,2025-02-27,South,Clothing,Jeans,478.97,7.0,0.0,Credit Card,44.0,3352.79,2025,2025-02,February
ORD14422,2025-09-06,North,Furniture,Desk,30.62,8.0,0.0,Online Wallet,67.0,244.96,2025,2025-09,September
ORD12811,2024-04-11,North,Clothing,Jeans,228.02,3.0,5.0,Cash,31.0,649.857,2024,2024-04,April
ORD13905,2024-10-31,South,Clothing,Sneakers,26.11,2.0,0.0,Credit Card,55.0,52.22,2024,2024-10,October
ORD13240,2025-04-16,West,Toys,Lego Set,99.09,2.0,15.0,Debit Card,34.0,168.453,2025,2025-04,April
ORD14675,2025-01-28,South,Furniture,Sofa,370.13,7.0,0.0,Cash,43.0,2590.91,2025,2025-01,January
ORD14599,2025-10-06,West,Electronics,Tablet,223.77,1.0,0.0,Credit Card,69.0,223.77,2025,2025-10,October
ORD12642,2025-07-23,West,Furniture,Office Chair,182.64,3.0,0.0,Debit Card,57.0,547.92,2025,2025-07,July
ORD11663,2024-12-16,South,Furniture,Bookshelf,372.79,8.0,0.0,Online Wallet,29.0,2982.32,2024,2024-12,December
ORD11701,2025-12-04,West,Electronics,Smartwatch,399.51,2.0,0.0,Debit Card,32.0,799.02,2025,2025-12,December
ORD10016,2025-07-10,South,Groceries,Snacks,151.34,5.0,10.0,Online Wallet,61.0,681.0300000000001,2025,2025-07,July
ORD13392,2024-09-02,South,Groceries,Pasta,397.35,9.0,5.0,Credit Card,37.0,3397.3424999999997,2024,2024-09,September
ORD11058,2025-12-10,North,Electronics,Headphones,304.51,3.0,0.0,Debit Card,18.0,913.53,2025,2025-12,December
ORD12659,2025-12-02,East,Toys,Rc Car,87.38,5.0,0.0,Online Wallet,66.0,436.9,2025,2025-12,December
ORD13010,2025-12-19,North,Toys,Board Game,170.04,2.0,5.0,Credit Card,28.0,323.07599999999996,2025,2025-12,December
ORD12169,2025-10-14,West,Furniture,Sofa,224.43,8.0,0.0,Cash,45.0,1795.44,2025,2025-10,October
ORD12813,2025-01-07,East,Clothing,Sneakers,433.36,6.0,0.0,Debit Card,44.0,2600.16,2025,2025-01,January
ORD14795,2024-02-23,North,Electronics,Tablet,108.57,9.0,0.0,Credit Card,49.0,977.1299999999999,2024,2024-02,February
ORD13884,2024-12-22,North,Electronics,Laptop,428.71,7.0,0.0,Debit Card,27.0,3000.97,2024,2024-12,December
ORD12662,2025-01-01,North,Groceries,Coffee,93.47,8.0,0.0,Online Wallet,23.0,747.76,2025,2025-01,January
ORD14244,2025-03-26,North,Groceries,Cereal,485.99,4.0,5.0,Credit Card,61.0,1846.762,2025,2025-03,March
ORD13752,2025-08-04,South,Toys,Action Figure,242.02,4.0,0.0,Online Wallet,50.0,968.08,2025,2025-08,August
ORD11716,2025-05-22,North,Furniture,Desk,299.23,8.0,0.0,Debit Card,51.0,2393.84,2025,2025-05,May
ORD12960,2025-11-15,North,Furniture,Bed Frame,369.31,7.0,0.0,Online Wallet,64.0,2585.17,2025,2025-11,November
ORD12469,2025-07-14,West,Furniture,Desk,257.28,7.0,0.0,Cash,56.0,1800.9599999999998,2025,2025-07,July
ORD11966,2024-04-19,South,Toys,Rc Car,480.16,8.0,5.0,Debit Card,26.0,3649.216,2024,2024-04,April
ORD11920,2025-01-18,East,Groceries,Pasta,121.74,8.0,20.0,Credit Card,23.0,779.136,2025,2025-01,January
ORD13143,2024-04-24,South,Electronics,Smartwatch,99.71,6.0,10.0,Online Wallet,37.0,538.434,2024,2024-04,April
ORD14552,2025-01-27,South,Furniture,Desk,349.88,8.0,10.0,Debit Card,44.0,2519.136,2025,2025-01,January
ORD14066,2024-08-24,North,Electronics,Headphones,84.82,2.0,10.0,Credit Card,23.0,152.676,2024,2024-08,August
ORD12965,2025-10-09,West,Clothing,Cap,431.86,2.0,0.0,Cash,57.0,863.72,2025,2025-10,October
ORD10585,2025-09-09,North,Groceries,Cereal,108.25,5.0,5.0,Online Wallet,46.0,514.1875,2025,2025-09,September
ORD13263,2025-11-13,South,Groceries,Juice,271.38,1.0,0.0,Credit Card,33.0,271.38,2025,2025-11,November
ORD10036,2024-04-25,West,Toys,Board Game,150.75,5.0,0.0,Credit Card,20.0,753.75,2024,2024-04,April
ORD11072,2024-03-09,West,Electronics,Headphones,481.12,6.0,0.0,Credit Card,18.0,2886.7200000000003,2024,2024-03,March
ORD10076,2024-04-08,North,Electronics,Smartphone,71.26,5.0,0.0,Debit Card,45.0,356.3,2024,2024-04,April
ORD12238,2025-03-15,North,Toys,Puzzle,177.51,6.0,0.0,Credit Card,68.0,1065.06,2025,2025-03,March
ORD14941,2025-08-28,South,Electronics,Smartphone,72.59,4.0,0.0,Credit Card,28.0,290.36,2025,2025-08,August
ORD14097,2025-11-02,East,Furniture,Bed Frame,145.02,7.0,10.0,Cash,63.0,913.6260000000001,2025,2025-11,November
ORD10997,2024-07-06,North,Electronics,Smartwatch,365.97,7.0,15.0,Online Wallet,63.0,2177.5215,2024,2024-07,July
ORD13541,2025-05-15,South,Toys,Puzzle,476.78,8.0,10.0,Credit Card,37.0,3432.816,2025,2025-05,May
ORD12368,2025-05-16,West,Groceries,Snacks,143.81,9.0,0.0,Credit Card,20.0,1294.29,2025,2025-05,May
ORD13784,2025-07-21,North,Groceries,Cereal,74.97,1.0,0.0,Debit Card,55.0,74.97,2025,2025-07,July
ORD14589,2025-10-21,North,Furniture,Desk,227.71,2.0,0.0,Online Wallet,18.0,455.42,2025,2025-10,October
ORD12049,2025-08-24,South,Groceries,Pasta,109.69,8.0,5.0,Debit Card,20.0,833.6439999999999,2025,2025-08,August
ORD11407,2025-01-10,South,Furniture,Bed Frame,97.74,9.0,0.0,Online Wallet,51.0,879.66,2025,2025-01,January
ORD11905,2025-09-15,East,Electronics,Headphones,186.03,2.0,0.0,Credit Card,21.0,372.06,2025,2025-09,September
ORD10639,2025-03-18,West,Furniture,Bed Frame,117.25,7.0,0.0,Cash,46.0,820.75,2025,2025-03,March
ORD10375,2025-08-06,East,Groceries,Cereal,59.94,2.0,0.0,Cash,55.0,119.88,2025,2025-08,August
ORD13792,2025-06-10,West,Clothing,T-Shirt,165.53,9.0,0.0,Debit Card,57.0,1489.77,2025,2025-06,June
ORD12170,2025-10-13,North,Groceries,Juice,157.43,6.0,10.0,Debit Card,37.0,850.1220000000001,2025,2025-10,October
ORD14154,2024-09-10,North,Groceries,Cereal,306.27,6.0,0.0,Debit Card,69.0,1837.62,2024,2024-09,September
ORD11327,2025-06-05,West,Electronics,Smartwatch,492.4,8.0,0.0,Debit Card,19.0,3939.2,2025,2025-06,June
ORD12786,2025-10-19,West,Toys,Board Game,85.96,5.0,15.0,Debit Card,61.0,365.3299999999999,2025,2025-10,October
ORD12793,2024-10-16,South,Groceries,Juice,140.0,4.0,0.0,Cash,33.0,560.0,2024,2024-10,October
ORD14350,2025-06-03,West,Toys,Action Figure,210.27,5.0,0.0,Cash,22.0,1051.3500000000001,2025,2025-06,June
ORD14935,2025-01-31,South,Electronics,Tablet,201.1,1.0,0.0,Debit Card,42.0,201.1,2025,2025-01,January
ORD11384,2025-07-19,North,Clothing,T-Shirt,152.26,6.0,5.0,Online Wallet,65.0,867.882,2025,2025-07,July
ORD11515,2025-10-14,South,Toys,Action Figure,49.06,2.0,0.0,Online Wallet,64.0,98.12,2025,2025-10,October
ORD14899,2025-09-25,East,Furniture,Bed Frame,12.33,7.0,0.0,Cash,26.0,86.31,2025,2025-09,September
ORD14725,2024-12-30,East,Groceries,Snacks,111.23,7.0,10.0,Credit Card,27.0,700.749,2024,2024-12,December
ORD13935,2024-01-14,South,Electronics,Smartphone,303.17,5.0,0.0,Cash,46.0,1515.8500000000001,2024,2024-01,January
ORD13568,2024-12-06,South,Toys,Board Game,58.79,6.0,0.0,Online Wallet,54.0,352.74,2024,2024-12,December
ORD12059,2025-09-28,West,Furniture,Desk,227.51,7.0,5.0,Cash,67.0,1512.9415,2025,2025-09,September
ORD10353,2025-04-23,East,Groceries,Cereal,396.9,1.0,0.0,Online Wallet,22.0,396.9,2025,2025-04,April
ORD12398,2025-05-04,West,Toys,Board Game,368.64,4.0,0.0,Online Wallet,60.0,1474.56,2025,2025-05,May
ORD13081,2025-04-08,North,Toys,Board Game,137.38,5.0,10.0,Credit Card,24.0,618.21,2025,2025-04,April
ORD14567,2025-11-26,West,Furniture,Sofa,176.65,5.0,0.0,Debit Card,35.0,883.25,2025,2025-11,November
ORD12248,2024-05-30,East,Electronics,Tablet,202.2,7.0,0.0,Credit Card,18.0,1415.3999999999999,2024,2024-05,May
ORD13999,2025-04-05,East,Electronics,Tablet,16.65,1.0,0.0,Debit Card,60.0,16.65,2025,2025-04,April
ORD11383,2025-10-29,North,Groceries,Cereal,281.56,4.0,10.0,Debit Card,56.0,1013.616,2025,2025-10,October
ORD11628,2024-03-08,East,Toys,Board Game,139.91,4.0,0.0,Cash,48.0,559.64,2024,2024-03,March
ORD13954,2025-07-29,North,Clothing,Cap,129.77,7.0,0.0,Credit Card,36.0,908.3900000000001,2025,2025-07,July
ORD13953,2025-02-16,East,Furniture,Bookshelf,302.57,3.0,0.0,Credit Card,47.0,907.71,2025,2025-02,February
ORD12495,2024-01-30,North,Groceries,Snacks,105.88,9.0,0.0,Credit Card,51.0,952.92,2024,2024-01,January
ORD14187,2025-04-14,South,Clothing,Cap,273.74,8.0,0.0,Debit Card,28.0,2189.92,2025,2025-04,April
ORD13408,2025-07-25,South,Electronics,Smartphone,239.3,3.0,5.0,Cash,36.0,682.0050000000001,2025,2025-07,July
ORD14175,2024-02-23,West,Clothing,Sneakers,489.46,9.0,0.0,Debit Card,61.0,4405.139999999999,2024,2024-02,February
ORD12929,2025-02-16,West,Groceries,Snacks,448.3,4.0,15.0,Debit Card,54.0,1524.22,2025,2025-02,February
ORD14451,2025-01-19,North,Toys,Action Figure,339.74,3.0,10.0,Cash,48.0,917.298,2025,2025-01,January
ORD13106,2025-10-19,East,Clothing,Sneakers,124.17,1.0,10.0,Debit Card,30.0,111.753,2025,2025-10,October
ORD11470,2025-12-16,East,Electronics,Smartwatch,328.68,6.0,0.0,Credit Card,66.0,1972.08,2025,2025-12,December
ORD11839,2024-06-03,North,Clothing,Cap,288.06,5.0,0.0,Online Wallet,26.0,1440.3,2024,2024-06,June
ORD14035,2024-03-16,North,Toys,Action Figure,261.77,1.0,0.0,Online Wallet,27.0,261.77,2024,2024-03,March
ORD10240,2025-09-21,West,Groceries,Cereal,496.28,8.0,5.0,Credit Card,47.0,3771.7279999999996,2025,2025-09,September
ORD11517,2024-06-12,South,Electronics,Headphones,453.01,2.0,10.0,Debit Card,43.0,815.418,2024,2024-06,June
ORD12163,2025-05-19,South,Groceries,Coffee,136.25,1.0,0.0,Online Wallet,30.0,136.25,2025,2025-05,May
ORD14150,2024-01-19,South,Clothing,T-Shirt,257.68,7.0,0.0,Cash,29.0,1803.76,2024,2024-01,January
ORD14770,2025-09-22,South,Toys,Rc Car,317.25,6.0,0.0,Debit Card,67.0,1903.5,2025,2025-09,September
ORD14007,2025-10-23,North,Electronics,Smartwatch,447.99,6.0,0.0,Cash,64.0,2687.94,2025,2025-10,October
ORD14688,2025-11-14,West,Groceries,Coffee,430.6,6.0,0.0,Cash,33.0,2583.6000000000004,2025,2025-11,November
ORD11382,2025-04-26,West,Toys,Rc Car,293.58,1.0,20.0,Credit Card,38.0,234.864,2025,2025-04,April
ORD11205,2024-07-28,South,Groceries,Coffee,107.6,1.0,0.0,Online Wallet,41.0,107.6,2024,2024-07,July
ORD12454,2024-02-10,South,Toys,Puzzle,111.65,2.0,0.0,Credit Card,67.0,223.3,2024,2024-02,February
ORD12919,2024-01-01,West,Furniture,Sofa,196.63,7.0,15.0,Credit Card,57.0,1169.9484999999997,2024,2024-01,January
ORD11027,2024-12-08,South,Electronics,Headphones,439.32,9.0,10.0,Debit Card,65.0,3558.492,2024,2024-12,December
ORD11019,2025-07-04,North,Furniture,Desk,216.42,3.0,0.0,Credit Card,30.0,649.26,2025,2025-07,July
ORD11816,2024-03-03,South,Groceries,Juice,203.37,1.0,0.0,Cash,51.0,203.37,2024,2024-03,March
ORD13105,2024-10-03,South,Electronics,Laptop,405.31,7.0,0.0,Credit Card,69.0,2837.17,2024,2024-10,October
ORD14278,2025-04-02,South,Groceries,Coffee,289.09,9.0,0.0,Online Wallet,44.0,2601.81,2025,2025-04,April
ORD13730,2025-11-28,South,Electronics,Tablet,234.72,1.0,5.0,Credit Card,66.0,222.98399999999998,2025,2025-11,November
ORD14487,2025-03-06,South,Groceries,Juice,187.28,1.0,5.0,Cash,28.0,177.916,2025,2025-03,March
ORD12830,2025-07-22,East,Toys,Puzzle,172.09,8.0,0.0,Debit Card,45.0,1376.72,2025,2025-07,July
ORD13399,2024-07-20,East,Groceries,Snacks,185.85,5.0,15.0,Debit Card,68.0,789.8625,2024,2024-07,July
ORD13055,2024-05-13,North,Groceries,Pasta,314.46,4.0,15.0,Credit Card,48.0,1069.164,2024,2024-05,May
ORD11483,2024-11-17,South,Clothing,T-Shirt,89.99,2.0,5.0,Cash,49.0,170.981,2024,2024-11,November
ORD13318,2024-02-18,North,Toys,Action Figure,347.81,5.0,0.0,Cash,64.0,1739.05,2024,2024-02,February
ORD12373,2025-04-22,South,Groceries,Juice,476.13,5.0,10.0,Debit Card,66.0,2142.585,2025,2025-04,April
ORD14276,2024-05-31,North,Electronics,Tablet,384.97,9.0,10.0,Cash,53.0,3118.2570000000005,2024,2024-05,May
ORD14047,2025-12-15,East,Clothing,Jeans,241.95,8.0,0.0,Credit Card,64.0,1935.6,2025,2025-12,December
ORD12367,2025-09-15,South,Electronics,Tablet,228.11,1.0,0.0,Debit Card,68.0,228.11,2025,2025-09,September
ORD13142,2024-09-26,South,Electronics,Smartwatch,119.49,8.0,0.0,Cash,63.0,955.92,2024,2024-09,September
ORD13982,2024-01-31,West,Furniture,Bookshelf,112.72,6.0,0.0,Debit Card,52.0,676.3199999999999,2024,2024-01,January
ORD12623,2025-01-29,South,Groceries,Coffee,138.28,8.0,0.0,Credit Card,52.0,1106.24,2025,2025-01,January
ORD11292,2025-01-26,East,Toys,Board Game,12.97,3.0,0.0,Cash,49.0,38.910000000000004,2025,2025-01,January
ORD10852,2025-04-05,North,Furniture,Office Chair,136.26,1.0,20.0,Credit Card,25.0,109.008,2025,2025-04,April
ORD12814,2024-02-04,East,Toys,Lego Set,213.87,3.0,0.0,Online Wallet,57.0,641.61,2024,2024-02,February
ORD13150,2024-06-16,West,Toys,Puzzle,134.56,5.0,0.0,Credit Card,48.0,672.8,2024,2024-06,June
ORD13343,2024-06-05,South,Toys,Rc Car,256.36,3.0,0.0,Debit Card,22.0,769.08,2024,2024-06,June
ORD11617,2024-02-22,North,Groceries,Cereal,285.4,1.0,0.0,Credit Card,23.0,285.4,2024,2024-02,February
ORD13177,2025-04-01,North,Groceries,Coffee,257.63,1.0,0.0,Online Wallet,62.0,257.63,2025,2025-04,April
ORD12614,2025-07-12,South,Electronics,Tablet,320.84,3.0,20.0,Online Wallet,36.0,770.0160000000001,2025,2025-07,July
ORD14731,2025-12-04,North,Clothing,Sneakers,229.76,7.0,0.0,Online Wallet,36.0,1608.32,2025,2025-12,December
ORD14661,2025-06-22,South,Toys,Rc Car,276.47,2.0,20.0,Online Wallet,47.0,442.3520000000001,2025,2025-06,June
ORD14648,2024-01-25,North,Toys,Rc Car,437.09,5.0,0.0,Debit Card,58.0,2185.45,2024,2024-01,January
ORD13369,2025-01-07,North,Groceries,Pasta,383.18,6.0,0.0,Cash,64.0,2299.08,2025,2025-01,January
ORD11589,2025-03-11,East,Electronics,Smartwatch,24.02,8.0,0.0,Debit Card,66.0,192.16,2025,2025-03,March
ORD14295,2025-05-18,South,Clothing,Jeans,411.87,5.0,0.0,Credit Card,59.0,2059.35,2025,2025-05,May
ORD14325,2025-02-06,East,Clothing,T-Shirt,366.23,7.0,0.0,Debit Card,42.0,2563.61,2025,2025-02,February
ORD14560,2025-09-26,West,Furniture,Bed Frame,303.35,7.0,5.0,Debit Card,44.0,2017.2775000000001,2025,2025-09,September
ORD12437,2025-07-31,North,Toys,Board Game,310.07,7.0,0.0,Online Wallet,60.0,2170.49,2025,2025-07,July
ORD13279,2024-07-07,West,Groceries,Cereal,35.39,3.0,10.0,Credit Card,36.0,95.553,2024,2024-07,July
ORD12211,2025-06-30,North,Clothing,Cap,282.45,3.0,0.0,Online Wallet,45.0,847.3499999999999,2025,2025-06,June
ORD10820,2024-04-11,East,Electronics,Smartwatch,487.92,4.0,10.0,Debit Card,18.0,1756.5120000000002,2024,2024-04,April
ORD14344,2024-05-31,South,Electronics,Smartwatch,451.1,3.0,0.0,Cash,26.0,1353.3000000000002,2024,2024-05,May
ORD12745,2025-04-23,South,Electronics,Smartphone,463.82,1.0,20.0,Credit Card,36.0,371.05600000000004,2025,2025-04,April
ORD14563,2025-12-20,South,Toys,Board Game,278.42,9.0,0.0,Online Wallet,43.0,2505.78,2025,2025-12,December
ORD11136,2024-08-05,South,Toys,Board Game,75.36,3.0,0.0,Cash,18.0,226.07999999999998,2024,2024-08,August
ORD11817,2025-09-28,South,Electronics,Headphones,275.52,5.0,0.0,Credit Card,55.0,1377.6,2025,2025-09,September
ORD10229,2025-11-06,South,Furniture,Office Chair,79.1,7.0,0.0,Cash,66.0,553.6999999999999,2025,2025-11,November
ORD10999,2025-06-18,East,Electronics,Tablet,159.86,1.0,0.0,Credit Card,31.0,159.86,2025,2025-06,June
ORD12715,2025-04-14,South,Clothing,T-Shirt,76.77,3.0,15.0,Online Wallet,29.0,195.7635,2025,2025-04,April
ORD13785,2024-08-30,South,Electronics,Smartphone,164.49,2.0,10.0,Credit Card,53.0,296.08200000000005,2024,2024-08,August
ORD13461,2024-03-20,East,Clothing,Jacket,239.89,8.0,15.0,Credit Card,36.0,1631.252,2024,2024-03,March
ORD14639,2025-01-07,West,Clothing,Jacket,53.11,2.0,0.0,Debit Card,20.0,106.22,2025,2025-01,January
ORD12580,2024-03-24,South,Groceries,Juice,225.23,6.0,0.0,Credit Card,54.0,1351.3799999999999,2024,2024-03,March
ORD14683,2025-10-01,South,Clothing,Sneakers,210.84,5.0,20.0,Online Wallet,49.0,843.3600000000001,2025,2025-10,October
ORD10024,2024-07-05,West,Electronics,Headphones,97.33,3.0,0.0,Cash,53.0,291.99,2024,2024-07,July
ORD11118,2025-11-19,West,Toys,Board Game,63.19,3.0,10.0,Online Wallet,20.0,170.613,2025,2025-11,November
ORD10628,2025-09-26,West,Toys,Board Game,340.8,9.0,0.0,Online Wallet,46.0,3067.2000000000003,2025,2025-09,September
ORD11471,2024-08-07,North,Clothing,Jeans,108.01,5.0,0.0,Debit Card,44.0,540.0500000000001,2024,2024-08,August
ORD10261,2025-07-25,South,Electronics,Headphones,42.83,1.0,10.0,Debit Card,57.0,38.547,2025,2025-07,July
ORD11388,2024-01-04,North,Electronics,Laptop,144.79,7.0,0.0,Credit Card,25.0,1013.53,2024,2024-01,January
ORD13040,2025-06-26,North,Electronics,Tablet,133.92,6.0,10.0,Debit Card,62.0,723.168,2025,2025-06,June
ORD14071,2025-06-19,North,Clothing,Jeans,137.67,2.0,10.0,Online Wallet,38.0,247.80599999999998,2025,2025-06,June
ORD12553,2024-10-23,West,Electronics,Smartphone,243.31,2.0,5.0,Online Wallet,53.0,462.289,2024,2024-10,October
ORD12422,2024-12-10,South,Groceries,Pasta,266.08,2.0,0.0,Online Wallet,56.0,532.16,2024,2024-12,December
ORD11695,2025-09-15,South,Toys,Lego Set,305.43,5.0,10.0,Credit Card,44.0,1374.4350000000002,2025,2025-09,September
ORD10008,2024-10-22,South,Groceries,Coffee,423.04,2.0,0.0,Online Wallet,43.0,846.08,2024,2024-10,October
ORD11606,2025-06-26,East,Furniture,Bookshelf,89.9,9.0,0.0,Credit Card,28.0,809.1,2025,2025-06,June
ORD11066,2025-10-28,South,Furniture,Sofa,413.6,7.0,10.0,Debit Card,44.0,2605.6800000000003,2025,2025-10,October
ORD11902,2025-09-24,North,Groceries,Pasta,382.96,7.0,0.0,Cash,37.0,2680.72,2025,2025-09,September
ORD12411,2024-09-27,West,Clothing,Cap,366.07,7.0,0.0,Debit Card,35.0,2562.49,2024,2024-09,September
ORD14997,2025-06-03,South,Groceries,Juice,265.86,5.0,0.0,Credit Card,61.0,1329.3000000000002,2025,2025-06,June
ORD11713,2024-12-23,North,Groceries,Pasta,34.1,9.0,0.0,Debit Card,61.0,306.90000000000003,2024,2024-12,December
ORD13061,2025-06-16,West,Groceries,Snacks,12.34,8.0,0.0,Debit Card,39.0,98.72,2025,2025-06,June
ORD10400,2025-03-31,West,Electronics,Headphones,107.51,4.0,10.0,Credit Card,58.0,387.036,2025,2025-03,March
ORD14529,2024-09-16,West,Groceries,Snacks,348.92,4.0,0.0,Online Wallet,47.0,1395.68,2024,2024-09,September
ORD14577,2024-08-21,North,Clothing,Sneakers,307.14,8.0,10.0,Online Wallet,52.0,2211.408,2024,2024-08,August
ORD11994,2025-11-19,West,Electronics,Tablet,190.46,4.0,0.0,Credit Card,66.0,761.84,2025,2025-11,November
ORD11539,2025-04-19,South,Toys,Board Game,87.44,2.0,0.0,Online Wallet,40.0,174.88,2025,2025-04,April
ORD13789,2024-07-11,East,Clothing,Jeans,94.01,4.0,10.0,Online Wallet,23.0,338.43600000000004,2024,2024-07,July
ORD13811,2024-05-12,West,Electronics,Smartphone,446.22,7.0,0.0,Cash,29.0,3123.54,2024,2024-05,May
ORD14507,2024-02-07,East,Groceries,Coffee,363.91,9.0,0.0,Cash,49.0,3275.19,2024,2024-02,February
ORD13281,2024-09-13,West,Electronics,Laptop,69.78,1.0,0.0,Debit Card,65.0,69.78,2024,2024-09,September
ORD10038,2025-01-20,South,Furniture,Bookshelf,164.66,8.0,0.0,Cash,65.0,1317.28,2025,2025-01,January
ORD12292,2025-04-01,South,Clothing,Jeans,200.67,4.0,10.0,Credit Card,47.0,722.4119999999999,2025,2025-04,April
ORD13388,2025-05-22,West,Clothing,Sneakers,315.96,4.0,0.0,Cash,32.0,1263.84,2025,2025-05,May
ORD10864,2025-11-19,West,Toys,Action Figure,210.74,6.0,5.0,Online Wallet,50.0,1201.218,2025,2025-11,November
ORD14905,2024-11-13,North,Electronics,Headphones,359.07,2.0,0.0,Online Wallet,67.0,718.14,2024,2024-11,November
ORD14566,2024-04-04,West,Groceries,Pasta,176.21,7.0,10.0,Debit Card,29.0,1110.123,2024,2024-04,April
ORD13829,2025-09-05,South,Furniture,Bookshelf,52.13,7.0,0.0,Cash,39.0,364.91,2025,2025-09,September
ORD11434,2025-05-22,North,Furniture,Sofa,309.62,1.0,15.0,Credit Card,37.0,263.177,2025,2025-05,May
ORD12440,2024-07-22,East,Furniture,Office Chair,309.12,7.0,0.0,Debit Card,33.0,2163.84,2024,2024-07,July
ORD12433,2025-02-23,South,Electronics,Headphones,139.44,9.0,0.0,Debit Card,64.0,1254.96,2025,2025-02,February
ORD12375,2024-01-02,East,Furniture,Sofa,395.64,6.0,0.0,Credit Card,55.0,2373.84,2024,2024-01,January
ORD14324,2025-01-15,North,Electronics,Headphones,340.86,1.0,20.0,Cash,35.0,272.68800000000005,2025,2025-01,January
ORD14721,2025-01-27,South,Groceries,Coffee,352.9,9.0,0.0,Credit Card,39.0,3176.1,2025,2025-01,January
ORD10207,2024-07-24,East,Electronics,Headphones,345.66,4.0,20.0,Online Wallet,60.0,1106.112,2024,2024-07,July
ORD13328,2025-12-26,South,Electronics,Laptop,32.11,1.0,0.0,Online Wallet,53.0,32.11,2025,2025-12,December
ORD13101,2024-03-06,North,Electronics,Smartwatch,231.37,2.0,0.0,Debit Card,35.0,462.74,2024,2024-03,March
ORD12568,2024-05-12,North,Furniture,Sofa,249.58,1.0,0.0,Credit Card,24.0,249.58,2024,2024-05,May
ORD11069,2025-10-01,South,Toys,Board Game,180.72,5.0,0.0,Online Wallet,51.0,903.6,2025,2025-10,October
ORD13527,2025-07-07,West,Electronics,Laptop,362.06,4.0,5.0,Credit Card,52.0,1375.828,2025,2025-07,July
ORD10669,2024-03-19,West,Toys,Rc Car,333.2,2.0,10.0,Online Wallet,59.0,599.76,2024,2024-03,March
ORD14804,2024-03-03,West,Clothing,T-Shirt,451.31,1.0,0.0,Online Wallet,55.0,451.31,2024,2024-03,March
ORD11654,2024-08-29,East,Groceries,Cereal,134.93,3.0,0.0,Online Wallet,55.0,404.79,2024,2024-08,August
ORD10698,2025-04-16,East,Groceries,Snacks,24.28,8.0,10.0,Credit Card,66.0,174.816,2025,2025-04,April
ORD14339,2025-03-13,South,Furniture,Office Chair,32.1,8.0,0.0,Online Wallet,58.0,256.8,2025,2025-03,March
ORD10293,2025-08-18,East,Groceries,Coffee,330.19,4.0,0.0,Online Wallet,61.0,1320.76,2025,2025-08,August
ORD14849,2024-11-02,West,Clothing,Cap,459.92,6.0,0.0,Debit Card,23.0,2759.52,2024,2024-11,November
ORD10894,2024-08-09,North,Furniture,Bed Frame,157.01,7.0,0.0,Debit Card,33.0,1099.07,2024,2024-08,August
ORD12724,2024-11-27,East,Toys,Board Game,49.36,2.0,0.0,Credit Card,38.0,98.72,2024,2024-11,November
ORD11325,2024-07-14,South,Clothing,T-Shirt,404.94,7.0,0.0,Cash,67.0,2834.58,2024,2024-07,July
ORD12297,2025-05-19,South,Electronics,Laptop,393.26,2.0,0.0,Debit Card,59.0,786.52,2025,2025-05,May
ORD10983,2025-11-28,North,Toys,Rc Car,203.44,3.0,0.0,Cash,59.0,610.3199999999999,2025,2025-11,November
ORD11112,2025-03-15,South,Clothing,Jeans,332.68,8.0,0.0,Credit Card,62.0,2661.44,2025,2025-03,March
ORD10631,2024-09-11,North,Furniture,Desk,470.74,1.0,0.0,Debit Card,44.0,470.74,2024,2024-09,September
ORD11967,2024-10-24,South,Toys,Board Game,107.5,9.0,5.0,Online Wallet,25.0,919.125,2024,2024-10,October
ORD13782,2024-08-31,West,Furniture,Bookshelf,249.78,9.0,0.0,Debit Card,63.0,2248.02,2024,2024-08,August
ORD10212,2024-12-10,East,Electronics,Tablet,346.32,1.0,0.0,Cash,33.0,346.32,2024,2024-12,December
ORD14669,2024-02-24,West,Furniture,Sofa,26.26,3.0,0.0,Online Wallet,65.0,78.78,2024,2024-02,February
ORD11609,2025-04-11,South,Furniture,Office Chair,83.59,4.0,5.0,Online Wallet,63.0,317.642,2025,2025-04,April
ORD14983,2024-08-09,North,Clothing,Cap,97.91,3.0,0.0,Cash,45.0,293.73,2024,2024-08,August
ORD13004,2025-05-05,South,Furniture,Bed Frame,392.72,7.0,0.0,Credit Card,34.0,2749.04,2025,2025-05,May
ORD11287,2024-06-20,South,Electronics,Laptop,102.26,6.0,5.0,Online Wallet,44.0,582.8820000000001,2024,2024-06,June
ORD12990,2025-01-05,West,Toys,Board Game,16.29,8.0,0.0,Online Wallet,31.0,130.32,2025,2025-01,January
ORD13512,2024-03-30,South,Groceries,Pasta,269.18,1.0,0.0,Cash,26.0,269.18,2024,2024-03,March
ORD12376,2024-09-08,West,Groceries,Coffee,58.86,4.0,0.0,Credit Card,68.0,235.44,2024,2024-09,September
ORD10198,2024-07-04,East,Furniture,Bookshelf,456.62,3.0,0.0,Online Wallet,38.0,1369.8600000000001,2024,2024-07,July
ORD13696,2025-01-23,West,Furniture,Bed Frame,387.13,3.0,15.0,Cash,35.0,987.1814999999999,2025,2025-01,January
ORD14608,2024-06-19,East,Groceries,Coffee,472.05,2.0,10.0,Credit Card,39.0,849.69,2024,2024-06,June
ORD14049,2024-05-14,North,Clothing,Jacket,353.86,3.0,0.0,Credit Card,44.0,1061.58,2024,2024-05,May
ORD14502,2024-01-29,West,Toys,Rc Car,95.85,4.0,0.0,Online Wallet,37.0,383.4,2024,2024-01,January
ORD11442,2025-09-09,North,Groceries,Coffee,458.63,4.0,0.0,Credit Card,33.0,1834.52,2025,2025-09,September
ORD14512,2025-04-28,South,Clothing,Jacket,253.4,6.0,0.0,Online Wallet,56.0,1520.4,2025,2025-04,April
ORD13464,2024-01-07,North,Groceries,Pasta,466.85,3.0,0.0,Online Wallet,39.0,1400.5500000000002,2024,2024-01,January
ORD10523,2025-02-02,West,Clothing,Sneakers,103.63,7.0,10.0,Credit Card,49.0,652.869,2025,2025-02,February
ORD14902,2025-05-23,North,Toys,Board Game,397.88,4.0,0.0,Online Wallet,19.0,1591.52,2025,2025-05,May
ORD10570,2025-01-16,East,Groceries,Snacks,77.49,5.0,0.0,Online Wallet,63.0,387.45,2025,2025-01,January
ORD14881,2025-01-02,West,Furniture,Office Chair,369.06,8.0,20.0,Debit Card,61.0,2361.984,2025,2025-01,January
ORD13983,2025-04-15,West,Clothing,Cap,33.97,7.0,0.0,Debit Card,36.0,237.79,2025,2025-04,April
ORD14282,2025-03-30,West,Toys,Rc Car,107.23,9.0,0.0,Debit Card,39.0,965.07,2025,2025-03,March
ORD13945,2025-07-21,North,Electronics,Smartwatch,342.79,4.0,5.0,Cash,67.0,1302.602,2025,2025-07,July
ORD12631,2024-04-01,East,Furniture,Sofa,78.35,3.0,0.0,Debit Card,34.0,235.04999999999998,2024,2024-04,April
ORD14092,2024-06-11,West,Clothing,Jeans,445.8,7.0,0.0,Debit Card,44.0,3120.6,2024,2024-06,June
ORD13171,2024-05-21,East,Furniture,Office Chair,123.74,6.0,0.0,Cash,66.0,742.4399999999999,2024,2024-05,May
ORD12876,2024-01-28,East,Clothing,Jacket,148.43,8.0,0.0,Debit Card,33.0,1187.44,2024,2024-01,January
ORD14782,2025-07-08,North,Furniture,Bed Frame,153.14,9.0,0.0,Debit Card,50.0,1378.2599999999998,2025,2025-07,July
ORD13576,2024-11-10,South,Electronics,Smartphone,286.42,3.0,0.0,Credit Card,18.0,859.26,2024,2024-11,November
ORD13626,2024-08-28,South,Groceries,Snacks,234.31,5.0,0.0,Online Wallet,61.0,1171.55,2024,2024-08,August
ORD14256,2024-04-25,North,Clothing,Sneakers,153.01,3.0,0.0,Online Wallet,61.0,459.03,2024,2024-04,April
ORD10821,2025-02-15,East,Clothing,Jacket,491.33,9.0,5.0,Online Wallet,20.0,4200.8715,2025,2025-02,February
ORD13488,2025-12-01,West,Clothing,T-Shirt,100.23,4.0,0.0,Credit Card,20.0,400.92,2025,2025-12,December
ORD13297,2024-06-20,South,Clothing,Sneakers,213.74,7.0,0.0,Debit Card,62.0,1496.18,2024,2024-06,June
ORD11204,2025-01-28,North,Clothing,Cap,147.96,1.0,0.0,Credit Card,27.0,147.96,2025,2025-01,January
ORD14053,2025-05-11,West,Electronics,Tablet,19.61,2.0,0.0,Credit Card,49.0,39.22,2025,2025-05,May
ORD14944,2024-09-08,West,Toys,Rc Car,311.5,3.0,0.0,Credit Card,28.0,934.5,2024,2024-09,September
ORD12446,2025-02-17,South,Clothing,Sneakers,478.05,2.0,0.0,Online Wallet,23.0,956.1,2025,2025-02,February
ORD13000,2025-03-23,South,Electronics,Smartphone,63.67,5.0,0.0,Debit Card,54.0,318.35,2025,2025-03,March
ORD11664,2025-10-02,East,Clothing,Sneakers,62.14,9.0,0.0,Debit Card,54.0,559.26,2025,2025-10,October
ORD12439,2024-05-09,South,Furniture,Bookshelf,396.98,6.0,0.0,Cash,34.0,2381.88,2024,2024-05,May
ORD12939,2025-08-02,East,Electronics,Headphones,327.49,7.0,5.0,Debit Card,44.0,2177.8085,2025,2025-08,August
ORD13682,2024-07-05,South,Groceries,Pasta,64.54,4.0,0.0,Debit Card,55.0,258.16,2024,2024-07,July
ORD14137,2024-10-24,West,Furniture,Bed Frame,178.03,5.0,0.0,Online Wallet,32.0,890.15,2024,2024-10,October
ORD12085,2024-06-03,East,Toys,Puzzle,160.96,6.0,0.0,Cash,59.0,965.76,2024,2024-06,June
ORD12509,2024-12-01,South,Clothing,Sneakers,76.88,5.0,0.0,Credit Card,55.0,384.4,2024,2024-12,December
ORD12307,2025-08-14,South,Clothing,Jacket,348.77,1.0,0.0,Online Wallet,34.0,348.77,2025,2025-08,August
ORD13823,2025-11-16,East,Clothing,Jacket,251.48,3.0,0.0,Debit Card,32.0,754.4399999999999,2025,2025-11,November
ORD11645,2024-05-28,West,Electronics,Headphones,216.57,3.0,0.0,Debit Card,43.0,649.71,2024,2024-05,May
ORD14285,2024-11-24,South,Clothing,Jeans,137.14,3.0,0.0,Cash,63.0,411.41999999999996,2024,2024-11,November
ORD14436,2025-05-28,East,Groceries,Pasta,158.07,9.0,0.0,Online Wallet,47.0,1422.6299999999999,2025,2025-05,May
ORD14939,2025-10-14,North,Furniture,Bookshelf,474.73,7.0,5.0,Cash,30.0,3156.9545,2025,2025-10,October
ORD10750,2025-06-13,South,Electronics,Smartwatch,54.78,5.0,0.0,Cash,68.0,273.9,2025,2025-06,June
ORD12420,2024-09-02,North,Groceries,Pasta,418.61,3.0,0.0,Online Wallet,24.0,1255.83,2024,2024-09,September
ORD11161,2024-06-11,East,Electronics,Laptop,223.56,6.0,0.0,Cash,55.0,1341.3600000000001,2024,2024-06,June
ORD12885,2025-05-30,North,Clothing,Sneakers,89.12,5.0,0.0,Debit Card,47.0,445.6,2025,2025-05,May
ORD12570,2025-07-22,North,Clothing,Sneakers,430.48,8.0,0.0,Online Wallet,44.0,3443.84,2025,2025-07,July
ORD12074,2024-10-03,West,Electronics,Tablet,357.74,1.0,10.0,Debit Card,68.0,321.966,2024,2024-10,October
ORD10277,2024-08-16,West,Groceries,Coffee,84.24,8.0,0.0,Credit Card,20.0,673.92,2024,2024-08,August
ORD10158,2024-06-01,South,Clothing,Cap,372.96,4.0,0.0,Online Wallet,46.0,1491.84,2024,2024-06,June
ORD14287,2025-04-30,South,Groceries,Cereal,108.49,2.0,0.0,Debit Card,45.0,216.98,2025,2025-04,April
ORD11146,2025-06-16,North,Clothing,Cap,292.81,3.0,0.0,Credit Card,21.0,878.4300000000001,2025,2025-06,June
ORD10294,2024-06-11,East,Furniture,Sofa,141.43,8.0,20.0,Online Wallet,48.0,905.152,2024,2024-06,June
ORD14016,2025-10-28,South,Clothing,Jacket,401.97,6.0,0.0,Credit Card,35.0,2411.82,2025,2025-10,October
ORD10259,2025-09-15,West,Groceries,Snacks,369.99,8.0,10.0,Credit Card,69.0,2663.9280000000003,2025,2025-09,September
ORD12206,2024-09-30,West,Toys,Rc Car,401.97,1.0,0.0,Credit Card,50.0,401.97,2024,2024-09,September
ORD13200,2025-02-22,East,Furniture,Bookshelf,39.66,2.0,0.0,Online Wallet,36.0,79.32,2025,2025-02,February
ORD11761,2024-10-20,South,Furniture,Desk,203.11,2.0,0.0,Credit Card,46.0,406.22,2024,2024-10,October
ORD13018,2025-11-15,North,Furniture,Office Chair,430.88,5.0,5.0,Cash,51.0,2046.68,2025,2025-11,November
ORD12639,2025-10-28,East,Groceries,Coffee,359.04,5.0,0.0,Cash,45.0,1795.2,2025,2025-10,October
ORD11168,2025-12-19,North,Toys,Rc Car,240.3,7.0,0.0,Debit Card,58.0,1682.1000000000001,2025,2025-12,December
ORD12314,2024-07-09,West,Furniture,Sofa,91.32,6.0,0.0,Online Wallet,35.0,547.92,2024,2024-07,July
ORD12893,2024-10-07,West,Furniture,Bed Frame,44.95,4.0,0.0,Debit Card,44.0,179.8,2024,2024-10,October
ORD10413,2024-02-13,South,Furniture,Bed Frame,10.99,4.0,0.0,Online Wallet,45.0,43.96,2024,2024-02,February
ORD13774,2025-02-04,West,Clothing,Jeans,177.45,1.0,0.0,Online Wallet,51.0,177.45,2025,2025-02,February
ORD13070,2024-08-06,South,Groceries,Juice,262.43,2.0,0.0,Credit Card,50.0,524.86,2024,2024-08,August
ORD14765,2024-07-07,South,Groceries,Pasta,350.33,2.0,0.0,Credit Card,20.0,700.66,2024,2024-07,July
ORD11369,2024-10-11,East,Electronics,Laptop,73.19,5.0,0.0,Online Wallet,23.0,365.95,2024,2024-10,October
ORD10904,2025-05-18,East,Clothing,Jeans,490.64,8.0,10.0,Credit Card,35.0,3532.608,2025,2025-05,May
ORD12530,2024-05-25,South,Furniture,Desk,235.97,4.0,0.0,Cash,54.0,943.88,2024,2024-05,May
ORD10513,2024-06-03,East,Toys,Board Game,370.03,8.0,10.0,Credit Card,52.0,2664.216,2024,2024-06,June
ORD10067,2024-12-13,North,Electronics,Laptop,481.28,1.0,0.0,Credit Card,55.0,481.28,2024,2024-12,December
ORD12585,2025-12-19,South,Electronics,Headphones,431.58,5.0,0.0,Credit Card,28.0,2157.9,2025,2025-12,December
ORD12081,2025-08-02,South,Furniture,Sofa,136.9,3.0,15.0,Credit Card,35.0,349.095,2025,2025-08,August
ORD11314,2024-05-12,South,Toys,Board Game,465.75,4.0,0.0,Debit Card,46.0,1863.0,2024,2024-05,May
ORD13620,2025-01-01,West,Clothing,T-Shirt,366.6,2.0,0.0,Online Wallet,23.0,733.2,2025,2025-01,January
ORD11726,2025-04-11,West,Furniture,Desk,493.46,5.0,0.0,Credit Card,43.0,2467.2999999999997,2025,2025-04,April
ORD12357,2024-01-29,North,Toys,Puzzle,333.54,8.0,10.0,Debit Card,44.0,2401.4880000000003,2024,2024-01,January
ORD14113,2024-11-12,East,Furniture,Bookshelf,248.64,3.0,5.0,Credit Card,22.0,708.6239999999999,2024,2024-11,November
ORD14530,2024-05-18,North,Groceries,Snacks,365.49,7.0,0.0,Online Wallet,66.0,2558.4300000000003,2024,2024-05,May
ORD13310,2024-11-26,South,Furniture,Bookshelf,119.43,5.0,0.0,Cash,55.0,597.1500000000001,2024,2024-11,November
ORD11790,2025-12-21,West,Groceries,Coffee,425.85,9.0,0.0,Credit Card,68.0,3832.65,2025,2025-12,December
ORD14776,2025-02-16,West,Electronics,Smartwatch,441.77,4.0,0.0,Online Wallet,57.0,1767.08,2025,2025-02,February
ORD13951,2024-12-08,South,Toys,Puzzle,303.13,8.0,0.0,Debit Card,38.0,2425.04,2024,2024-12,December
ORD14305,2024-04-20,South,Toys,Lego Set,283.95,7.0,0.0,Online Wallet,43.0,1987.6499999999999,2024,2024-04,April
ORD14077,2025-02-28,North,Toys,Puzzle,483.41,7.0,0.0,Online Wallet,22.0,3383.8700000000003,2025,2025-02,February
ORD14262,2025-06-29,South,Toys,Action Figure,39.42,9.0,20.0,Cash,20.0,283.824,2025,2025-06,June
ORD14687,2024-02-28,South,Groceries,Cereal,61.84,1.0,0.0,Cash,40.0,61.84,2024,2024-02,February
ORD11936,2024-09-17,West,Electronics,Smartphone,338.75,6.0,0.0,Online Wallet,34.0,2032.5,2024,2024-09,September
ORD12116,2025-03-22,West,Clothing,Cap,419.01,6.0,0.0,Online Wallet,43.0,2514.06,2025,2025-03,March
ORD13768,2024-06-23,North,Electronics,Laptop,250.4,8.0,0.0,Cash,38.0,2003.2,2024,2024-06,June
ORD11397,2025-10-30,North,Furniture,Sofa,423.13,1.0,0.0,Credit Card,31.0,423.13,2025,2025-10,October
ORD11244,2025-02-22,South,Electronics,Headphones,422.47,8.0,5.0,Credit Card,48.0,3210.772,2025,2025-02,February
ORD14033,2024-03-29,North,Toys,Puzzle,14.7,9.0,0.0,Debit Card,26.0,132.29999999999998,2024,2024-03,March
ORD10149,2024-05-16,East,Furniture,Bed Frame,100.34,8.0,20.0,Cash,46.0,642.176,2024,2024-05,May
ORD11172,2025-05-24,East,Groceries,Pasta,21.24,3.0,10.0,Cash,47.0,57.348,2025,2025-05,May
ORD12348,2024-12-14,East,Groceries,Snacks,22.56,5.0,0.0,Online Wallet,32.0,112.8,2024,2024-12,December
ORD11192,2024-11-27,South,Toys,Lego Set,197.48,8.0,20.0,Online Wallet,24.0,1263.872,2024,2024-11,November
ORD10887,2025-05-12,West,Groceries,Coffee,12.88,2.0,0.0,Cash,49.0,25.76,2025,2025-05,May
ORD10920,2024-11-19,East,Clothing,Jeans,277.19,5.0,0.0,Debit Card,50.0,1385.95,2024,2024-11,November
ORD11818,2025-04-25,North,Electronics,Smartphone,261.22,8.0,20.0,Debit Card,38.0,1671.8080000000002,2025,2025-04,April
ORD11487,2024-05-15,South,Furniture,Bed Frame,462.69,4.0,5.0,Online Wallet,67.0,1758.222,2024,2024-05,May
ORD12926,2025-08-05,South,Clothing,Jacket,140.23,5.0,15.0,Debit Card,68.0,595.9775,2025,2025-08,August
ORD14284,2024-04-02,West,Clothing,Sneakers,286.18,4.0,0.0,Debit Card,42.0,1144.72,2024,2024-04,April
ORD13593,2024-01-22,West,Groceries,Cereal,156.3,8.0,20.0,Credit Card,50.0,1000.3200000000002,2024,2024-01,January
ORD11872,2024-04-26,South,Clothing,Jacket,147.24,2.0,0.0,Online Wallet,34.0,294.48,2024,2024-04,April
ORD14391,2024-12-10,North,Furniture,Desk,475.94,7.0,0.0,Credit Card,52.0,3331.58,2024,2024-12,December
ORD12899,2025-06-07,South,Groceries,Coffee,251.14,2.0,0.0,Cash,52.0,502.28,2025,2025-06,June
ORD13426,2024-03-30,South,Toys,Lego Set,325.15,3.0,0.0,Credit Card,39.0,975.4499999999999,2024,2024-03,March
ORD10672,2024-03-13,West,Furniture,Sofa,381.2,2.0,0.0,Online Wallet,40.0,762.4,2024,2024-03,March
ORD11908,2025-02-09,South,Clothing,Jacket,25.92,7.0,0.0,Credit Card,58.0,181.44,2025,2025-02,February
ORD12108,2024-01-03,North,Electronics,Laptop,155.51,3.0,10.0,Online Wallet,24.0,419.877,2024,2024-01,January
ORD11646,2024-07-18,North,Groceries,Snacks,471.67,7.0,0.0,Debit Card,44.0,3301.69,2024,2024-07,July
ORD12035,2024-08-03,North,Clothing,Jeans,419.88,8.0,0.0,Credit Card,36.0,3359.04,2024,2024-08,August
ORD11681,2024-09-26,West,Groceries,Juice,237.56,1.0,0.0,Online Wallet,42.0,237.56,2024,2024-09,September
ORD12231,2025-01-13,North,Toys,Rc Car,456.47,7.0,0.0,Online Wallet,43.0,3195.29,2025,2025-01,January
ORD10264,2025-03-10,North,Clothing,T-Shirt,40.27,8.0,0.0,Online Wallet,38.0,322.16,2025,2025-03,March
ORD11323,2025-08-17,North,Electronics,Headphones,30.88,6.0,0.0,Credit Card,47.0,185.28,2025,2025-08,August
ORD12504,2025-09-01,West,Clothing,Sneakers,415.2,4.0,0.0,Online Wallet,60.0,1660.8,2025,2025-09,September
ORD10596,2024-06-30,South,Groceries,Cereal,303.56,2.0,0.0,Debit Card,37.0,607.12,2024,2024-06,June
ORD10092,2024-09-30,North,Clothing,Sneakers,226.47,3.0,0.0,Online Wallet,42.0,679.41,2024,2024-09,September
ORD11411,2025-11-18,East,Clothing,Jacket,436.74,4.0,0.0,Cash,54.0,1746.96,2025,2025-11,November
ORD13470,2024-08-12,South,Toys,Board Game,376.11,4.0,0.0,Credit Card,33.0,1504.44,2024,2024-08,August
ORD14766,2025-05-08,South,Clothing,Cap,108.63,8.0,0.0,Cash,33.0,869.04,2025,2025-05,May
ORD13030,2025-09-26,West,Furniture,Sofa,325.21,4.0,0.0,Cash,49.0,1300.84,2025,2025-09,September
ORD10409,2024-09-08,East,Electronics,Tablet,497.44,9.0,0.0,Credit Card,42.0,4476.96,2024,2024-09,September
ORD11691,2025-11-14,North,Clothing,T-Shirt,52.15,6.0,15.0,Debit Card,49.0,265.965,2025,2025-11,November
ORD10209,2025-01-18,East,Groceries,Juice,70.69,4.0,5.0,Debit Card,25.0,268.62199999999996,2025,2025-01,January
ORD14040,2024-11-02,West,Groceries,Cereal,243.13,3.0,0.0,Debit Card,37.0,729.39,2024,2024-11,November
ORD12696,2024-03-21,East,Groceries,Cereal,296.77,3.0,0.0,Online Wallet,52.0,890.31,2024,2024-03,March
ORD12250,2025-11-27,East,Furniture,Bed Frame,201.77,3.0,5.0,Cash,53.0,575.0445000000001,2025,2025-11,November
ORD12395,2024-06-19,South,Electronics,Smartphone,198.19,1.0,10.0,Online Wallet,52.0,178.371,2024,2024-06,June
ORD13966,2025-03-02,West,Groceries,Pasta,439.12,3.0,5.0,Cash,46.0,1251.492,2025,2025-03,March
ORD11500,2025-08-06,North,Groceries,Pasta,430.95,3.0,5.0,Credit Card,61.0,1228.2074999999998,2025,2025-08,August
ORD12291,2024-10-07,North,Furniture,Bookshelf,17.88,5.0,5.0,Cash,64.0,84.92999999999999,2024,2024-10,October
ORD14061,2024-03-16,South,Furniture,Office Chair,440.72,3.0,0.0,Cash,43.0,1322.16,2024,2024-03,March
ORD11084,2024-12-29,South,Clothing,Jeans,152.54,9.0,0.0,Online Wallet,20.0,1372.86,2024,2024-12,December
ORD11267,2024-01-29,East,Groceries,Snacks,12.42,5.0,0.0,Online Wallet,60.0,62.1,2024,2024-01,January
ORD11109,2025-03-23,West,Clothing,T-Shirt,352.14,7.0,0.0,Online Wallet,59.0,2464.98,2025,2025-03,March
ORD13547,2024-04-01,South,Toys,Board Game,369.77,4.0,10.0,Online Wallet,29.0,1331.172,2024,2024-04,April
ORD12749,2024-05-24,East,Toys,Puzzle,422.6,7.0,5.0,Online Wallet,54.0,2810.29,2024,2024-05,May
ORD12978,2024-11-23,South,Clothing,Cap,449.25,3.0,5.0,Online Wallet,45.0,1280.3625,2024,2024-11,November
ORD13454,2024-04-27,East,Furniture,Bed Frame,341.54,5.0,0.0,Online Wallet,60.0,1707.7,2024,2024-04,April
ORD13933,2024-07-21,South,Electronics,Smartphone,386.69,5.0,0.0,Debit Card,37.0,1933.45,2024,2024-07,July
ORD10634,2025-06-24,East,Toys,Lego Set,143.77,5.0,0.0,Online Wallet,56.0,718.85,2025,2025-06,June
ORD13667,2025-12-06,West,Clothing,Jacket,471.11,5.0,0.0,Credit Card,48.0,2355.55,2025,2025-12,December
ORD12882,2025-04-14,West,Electronics,Headphones,6.98,2.0,10.0,Debit Card,53.0,12.564000000000002,2025,2025-04,April
ORD13437,2025-09-25,West,Clothing,Jacket,365.78,2.0,0.0,Debit Card,57.0,731.56,2025,2025-09,September
ORD13679,2025-04-19,West,Electronics,Headphones,254.46,7.0,10.0,Credit Card,42.0,1603.098,2025,2025-04,April
ORD12315,2025-03-08,West,Toys,Lego Set,364.65,2.0,0.0,Credit Card,44.0,729.3,2025,2025-03,March
ORD13322,2024-11-18,South,Groceries,Snacks,386.19,2.0,5.0,Credit Card,63.0,733.761,2024,2024-11,November
ORD12232,2024-06-28,East,Electronics,Laptop,21.43,6.0,0.0,Credit Card,50.0,128.57999999999998,2024,2024-06,June
ORD12162,2024-04-19,South,Toys,Rc Car,116.16,5.0,10.0,Debit Card,24.0,522.72,2024,2024-04,April
ORD13107,2025-07-16,North,Toys,Board Game,351.3,7.0,5.0,Cash,49.0,2336.145,2025,2025-07,July
ORD10809,2025-11-23,North,Toys,Puzzle,286.65,8.0,0.0,Credit Card,57.0,2293.2,2025,2025-11,November
ORD13170,2025-07-03,North,Furniture,Bookshelf,294.04,3.0,0.0,Online Wallet,26.0,882.1200000000001,2025,2025-07,July
ORD13028,2025-01-04,East,Toys,Rc Car,128.11,3.0,20.0,Credit Card,45.0,307.46400000000006,2025,2025-01,January
ORD12875,2024-12-27,North,Furniture,Sofa,115.5,4.0,5.0,Online Wallet,23.0,438.9,2024,2024-12,December
ORD13254,2025-09-24,South,Electronics,Headphones,307.57,8.0,10.0,Debit Card,26.0,2214.504,2025,2025-09,September
ORD13332,2024-09-29,West,Toys,Rc Car,389.88,1.0,0.0,Cash,55.0,389.88,2024,2024-09,September
ORD13029,2024-03-09,East,Furniture,Office Chair,487.73,9.0,0.0,Online Wallet,21.0,4389.57,2024,2024-03,March
ORD14970,2025-09-27,North,Clothing,Jacket,357.6,5.0,0.0,Online Wallet,22.0,1788.0,2025,2025-09,September
ORD14718,2025-11-04,North,Toys,Rc Car,111.21,3.0,0.0,Cash,27.0,333.63,2025,2025-11,November
ORD14045,2024-06-04,South,Clothing,Jeans,141.15,8.0,10.0,Cash,29.0,1016.2800000000001,2024,2024-06,June
ORD12353,2024-05-26,East,Clothing,Sneakers,47.04,2.0,10.0,Credit Card,55.0,84.672,2024,2024-05,May
ORD14833,2024-11-23,East,Electronics,Tablet,41.41,6.0,0.0,Credit Card,57.0,248.45999999999998,2024,2024-11,November
ORD13618,2024-05-28,West,Electronics,Smartphone,426.37,3.0,0.0,Debit Card,49.0,1279.1100000000001,2024,2024-05,May
ORD12128,2025-04-14,West,Groceries,Cereal,237.21,6.0,0.0,Cash,30.0,1423.26,2025,2025-04,April
ORD14288,2024-04-30,North,Furniture,Sofa,148.34,8.0,0.0,Credit Card,20.0,1186.72,2024,2024-04,April
ORD14793,2024-05-03,South,Toys,Puzzle,278.78,5.0,0.0,Online Wallet,39.0,1393.8999999999999,2024,2024-05,May
ORD10369,2024-05-26,North,Electronics,Headphones,159.39,3.0,0.0,Credit Card,64.0,478.16999999999996,2024,2024-05,May
ORD13154,2025-11-07,South,Toys,Puzzle,384.34,2.0,0.0,Online Wallet,27.0,768.68,2025,2025-11,November
ORD11969,2024-07-25,West,Groceries,Cereal,37.47,6.0,0.0,Online Wallet,57.0,224.82,2024,2024-07,July
ORD13268,2024-03-07,West,Clothing,Jacket,356.87,2.0,0.0,Online Wallet,41.0,713.74,2024,2024-03,March
ORD12713,2024-04-18,South,Clothing,Jeans,200.67,9.0,5.0,Credit Card,64.0,1715.7285,2024,2024-04,April
ORD11482,2025-08-01,East,Groceries,Coffee,318.49,1.0,0.0,Debit Card,40.0,318.49,2025,2025-08,August
ORD11362,2024-01-10,West,Toys,Puzzle,421.26,4.0,10.0,Debit Card,53.0,1516.536,2024,2024-01,January
ORD11514,2024-12-24,West,Electronics,Smartphone,34.51,1.0,0.0,Cash,69.0,34.51,2024,2024-12,December
ORD12152,2024-03-11,West,Toys,Rc Car,66.38,8.0,20.0,Debit Card,31.0,424.832,2024,2024-03,March
ORD13535,2024-02-12,South,Clothing,Cap,300.48,8.0,0.0,Cash,62.0,2403.84,2024,2024-02,February
ORD14462,2024-03-27,North,Toys,Lego Set,365.55,4.0,0.0,Cash,24.0,1462.2,2024,2024-03,March
ORD10112,2025-11-26,West,Groceries,Pasta,253.63,8.0,0.0,Cash,21.0,2029.04,2025,2025-11,November
ORD14331,2024-11-09,South,Toys,Board Game,464.01,6.0,0.0,Debit Card,47.0,2784.06,2024,2024-11,November
ORD10168,2025-07-10,East,Electronics,Smartwatch,350.25,4.0,0.0,Debit Card,24.0,1401.0,2025,2025-07,July
ORD12322,2024-10-24,East,Electronics,Smartphone,222.31,8.0,0.0,Online Wallet,21.0,1778.48,2024,2024-10,October
ORD14060,2025-06-08,South,Clothing,T-Shirt,462.23,6.0,0.0,Credit Card,51.0,2773.38,2025,2025-06,June
ORD11599,2024-06-28,East,Electronics,Smartphone,329.84,6.0,0.0,Credit Card,61.0,1979.04,2024,2024-06,June
ORD10575,2024-09-07,North,Electronics,Smartphone,469.57,7.0,0.0,Credit Card,64.0,3286.99,2024,2024-09,September
ORD14588,2024-09-23,South,Clothing,Cap,69.25,1.0,5.0,Credit Card,65.0,65.7875,2024,2024-09,September
ORD14446,2024-12-26,South,Electronics,Laptop,5.79,4.0,0.0,Cash,31.0,23.16,2024,2024-12,December
ORD14393,2025-12-02,East,Groceries,Pasta,493.02,9.0,0.0,Debit Card,19.0,4437.18,2025,2025-12,December
ORD12879,2024-02-18,South,Furniture,Bookshelf,450.69,4.0,10.0,Online Wallet,51.0,1622.484,2024,2024-02,February
ORD12602,2024-06-13,East,Electronics,Headphones,372.69,1.0,0.0,Cash,36.0,372.69,2024,2024-06,June
ORD14118,2025-09-03,North,Toys,Puzzle,95.25,1.0,0.0,Online Wallet,69.0,95.25,2025,2025-09,September
ORD10160,2025-05-31,West,Furniture,Bookshelf,33.63,7.0,10.0,Cash,37.0,211.86900000000003,2025,2025-05,May
ORD11245,2025-04-22,North,Electronics,Laptop,55.04,3.0,0.0,Credit Card,61.0,165.12,2025,2025-04,April
ORD11354,2024-01-11,East,Clothing,Jacket,445.7,9.0,0.0,Cash,20.0,4011.2999999999997,2024,2024-01,January
ORD11289,2024-08-22,East,Toys,Lego Set,403.03,1.0,0.0,Credit Card,63.0,403.03,2024,2024-08,August
ORD13141,2025-07-08,East,Clothing,Jacket,403.46,7.0,0.0,Credit Card,22.0,2824.22,2025,2025-07,July
ORD10139,2025-03-30,West,Clothing,Jeans,288.78,1.0,0.0,Online Wallet,63.0,288.78,2025,2025-03,March
ORD11157,2024-05-25,South,Groceries,Snacks,492.3,9.0,0.0,Online Wallet,60.0,4430.7,2024,2024-05,May
ORD13450,2024-08-26,South,Electronics,Smartphone,337.78,9.0,15.0,Online Wallet,52.0,2584.0169999999994,2024,2024-08,August
ORD13537,2024-08-26,West,Clothing,Jeans,366.4,9.0,0.0,Online Wallet,51.0,3297.6,2024,2024-08,August
ORD14358,2024-04-28,North,Groceries,Snacks,189.49,4.0,10.0,Cash,44.0,682.1640000000001,2024,2024-04,April
ORD13542,2025-05-21,West,Clothing,T-Shirt,223.43,9.0,0.0,Debit Card,31.0,2010.8700000000001,2025,2025-05,May
ORD13326,2025-06-22,West,Toys,Action Figure,201.22,9.0,0.0,Credit Card,49.0,1810.98,2025,2025-06,June
ORD11115,2024-07-02,West,Clothing,Sneakers,78.31,4.0,0.0,Credit Card,60.0,313.24,2024,2024-07,July
ORD12483,2024-01-22,West,Groceries,Juice,312.75,3.0,20.0,Cash,44.0,750.6,2024,2024-01,January
ORD10853,2025-01-08,West,Groceries,Snacks,494.3,9.0,0.0,Credit Card,20.0,4448.7,2025,2025-01,January
ORD14778,2024-05-11,East,Groceries,Juice,254.53,8.0,0.0,Cash,33.0,2036.24,2024,2024-05,May
ORD14515,2025-03-23,East,Toys,Rc Car,159.51,4.0,0.0,Credit Card,30.0,638.04,2025,2025-03,March
ORD12435,2025-01-09,West,Clothing,T-Shirt,87.76,6.0,0.0,Credit Card,61.0,526.5600000000001,2025,2025-01,January
ORD14653,2025-12-27,East,Toys,Puzzle,397.5,6.0,0.0,Online Wallet,45.0,2385.0,2025,2025-12,December
ORD14403,2024-09-20,East,Furniture,Bed Frame,310.6,8.0,0.0,Online Wallet,21.0,2484.8,2024,2024-09,September
ORD12258,2025-08-15,South,Groceries,Juice,25.29,6.0,0.0,Credit Card,38.0,151.74,2025,2025-08,August
ORD10053,2025-02-20,North,Groceries,Cereal,327.48,2.0,0.0,Debit Card,52.0,654.96,2025,2025-02,February
ORD11493,2024-05-14,North,Furniture,Sofa,446.07,7.0,0.0,Cash,64.0,3122.49,2024,2024-05,May
ORD12705,2024-04-01,West,Groceries,Juice,482.61,3.0,0.0,Cash,38.0,1447.83,2024,2024-04,April
ORD12434,2024-02-23,North,Furniture,Bookshelf,414.31,2.0,10.0,Debit Card,64.0,745.758,2024,2024-02,February
ORD14581,2025-05-27,West,Furniture,Desk,115.21,1.0,0.0,Online Wallet,61.0,115.21,2025,2025-05,May
ORD12177,2025-12-27,East,Electronics,Laptop,101.15,5.0,0.0,Online Wallet,56.0,505.75,2025,2025-12,December
ORD12194,2025-04-25,West,Toys,Board Game,421.64,9.0,5.0,Credit Card,41.0,3605.0219999999995,2025,2025-04,April
ORD10619,2025-10-27,West,Clothing,Cap,386.37,3.0,15.0,Debit Card,41.0,985.2435,2025,2025-10,October
ORD10995,2025-06-03,North,Groceries,Juice,167.49,5.0,10.0,Debit Card,33.0,753.705,2025,2025-06,June
ORD13737,2025-09-06,South,Furniture,Sofa,323.78,1.0,20.0,Cash,39.0,259.024,2025,2025-09,September
ORD14123,2025-04-01,North,Groceries,Juice,421.45,1.0,0.0,Online Wallet,54.0,421.45,2025,2025-04,April
ORD11601,2024-12-03,West,Clothing,Sneakers,34.81,2.0,0.0,Cash,33.0,69.62,2024,2024-12,December
ORD12841,2024-10-30,West,Electronics,Laptop,451.91,8.0,0.0,Debit Card,25.0,3615.28,2024,2024-10,October
ORD12557,2025-11-16,West,Toys,Action Figure,443.36,9.0,0.0,Online Wallet,20.0,3990.2400000000002,2025,2025-11,November
ORD11212,2025-09-17,North,Furniture,Bookshelf,331.89,2.0,0.0,Debit Card,32.0,663.78,2025,2025-09,September
ORD14119,2024-12-24,West,Electronics,Laptop,218.43,7.0,0.0,Online Wallet,60.0,1529.01,2024,2024-12,December
ORD10167,2024-08-03,South,Toys,Puzzle,399.73,8.0,0.0,Cash,65.0,3197.84,2024,2024-08,August
ORD13145,2025-01-07,North,Furniture,Office Chair,127.3,9.0,0.0,Cash,29.0,1145.7,2025,2025-01,January
ORD12001,2025-02-10,South,Clothing,Sneakers,40.78,5.0,10.0,Debit Card,24.0,183.51000000000002,2025,2025-02,February
ORD13849,2025-08-19,South,Clothing,Sneakers,291.41,9.0,0.0,Credit Card,44.0,2622.69,2025,2025-08,August
ORD14975,2024-02-01,West,Toys,Rc Car,342.82,1.0,0.0,Credit Card,33.0,342.82,2024,2024-02,February
ORD14500,2024-01-03,East,Clothing,Cap,355.65,1.0,0.0,Cash,39.0,355.65,2024,2024-01,January
ORD14830,2024-03-26,West,Groceries,Pasta,242.61,3.0,0.0,Cash,69.0,727.83,2024,2024-03,March
ORD14032,2024-11-09,East,Clothing,T-Shirt,281.57,6.0,0.0,Debit Card,42.0,1689.42,2024,2024-11,November
ORD14991,2025-05-10,South,Clothing,T-Shirt,86.35,6.0,0.0,Credit Card,64.0,518.0999999999999,2025,2025-05,May
ORD13591,2024-12-24,North,Electronics,Laptop,40.24,3.0,0.0,Cash,40.0,120.72,2024,2024-12,December
ORD14811,2024-12-15,South,Furniture,Office Chair,83.09,9.0,0.0,Cash,44.0,747.8100000000001,2024,2024-12,December
ORD12765,2024-02-01,East,Furniture,Desk,299.69,7.0,0.0,Debit Card,24.0,2097.83,2024,2024-02,February
ORD12828,2025-11-07,South,Electronics,Headphones,202.95,1.0,20.0,Cash,24.0,162.36,2025,2025-11,November
ORD10663,2024-02-04,West,Groceries,Pasta,448.8,4.0,0.0,Credit Card,60.0,1795.2,2024,2024-02,February
ORD10515,2024-11-04,West,Toys,Lego Set,487.79,1.0,0.0,Debit Card,47.0,487.79,2024,2024-11,November
ORD14657,2024-03-10,West,Furniture,Office Chair,10.24,6.0,15.0,Debit Card,48.0,52.224,2024,2024-03,March
ORD12709,2024-02-14,North,Toys,Action Figure,388.11,5.0,20.0,Debit Card,30.0,1552.4400000000003,2024,2024-02,February
ORD10356,2024-05-04,South,Clothing,Jeans,231.97,5.0,10.0,Credit Card,59.0,1043.865,2024,2024-05,May
ORD12866,2025-04-30,East,Toys,Lego Set,39.3,4.0,0.0,Cash,66.0,157.2,2025,2025-04,April
ORD11431,2024-09-13,South,Groceries,Cereal,39.6,9.0,0.0,Credit Card,26.0,356.40000000000003,2024,2024-09,September
ORD14647,2024-03-08,North,Clothing,Cap,185.76,9.0,0.0,Cash,66.0,1671.84,2024,2024-03,March
ORD13341,2025-07-26,East,Electronics,Laptop,467.43,8.0,0.0,Online Wallet,33.0,3739.44,2025,2025-07,July
ORD12710,2025-08-03,East,Groceries,Snacks,494.83,2.0,20.0,Online Wallet,48.0,791.7280000000001,2025,2025-08,August
ORD14195,2025-12-22,West,Electronics,Tablet,205.69,2.0,0.0,Cash,19.0,411.38,2025,2025-12,December
ORD10529,2025-01-21,South,Electronics,Laptop,447.52,1.0,5.0,Credit Card,22.0,425.14399999999995,2025,2025-01,January
ORD13320,2024-07-18,South,Furniture,Bookshelf,178.24,3.0,0.0,Debit Card,66.0,534.72,2024,2024-07,July
ORD12286,2024-06-27,South,Toys,Action Figure,268.04,4.0,15.0,Cash,52.0,911.336,2024,2024-06,June
ORD10059,2025-03-30,North,Clothing,Sneakers,478.62,4.0,0.0,Cash,33.0,1914.48,2025,2025-03,March
ORD13904,2024-10-22,East,Toys,Rc Car,80.93,4.0,0.0,Credit Card,49.0,323.72,2024,2024-10,October
ORD13815,2025-06-13,North,Electronics,Tablet,315.5,6.0,0.0,Credit Card,64.0,1893.0,2025,2025-06,June
ORD10281,2025-11-28,North,Clothing,Jacket,187.31,4.0,5.0,Online Wallet,52.0,711.778,2025,2025-11,November
ORD11183,2024-09-19,West,Furniture,Bookshelf,489.97,2.0,10.0,Cash,50.0,881.946,2024,2024-09,September
ORD13348,2025-12-23,North,Furniture,Bed Frame,59.28,7.0,0.0,Cash,28.0,414.96000000000004,2025,2025-12,December
ORD11629,2025-01-21,East,Clothing,Cap,16.94,2.0,0.0,Online Wallet,27.0,33.88,2025,2025-01,January
ORD12782,2024-01-29,West,Toys,Action Figure,348.61,6.0,0.0,Online Wallet,22.0,2091.66,2024,2024-01,January
ORD14410,2025-10-01,North,Furniture,Bed Frame,398.01,6.0,0.0,Online Wallet,66.0,2388.06,2025,2025-10,October
ORD14812,2024-11-19,West,Toys,Board Game,241.36,6.0,0.0,Cash,56.0,1448.16,2024,2024-11,November
ORD13769,2024-10-06,East,Clothing,Sneakers,327.86,2.0,0.0,Debit Card,43.0,655.72,2024,2024-10,October
ORD14931,2024-08-23,West,Clothing,Cap,393.06,5.0,0.0,Cash,69.0,1965.3,2024,2024-08,August
ORD14354,2025-10-05,South,Clothing,Jeans,479.23,6.0,0.0,Cash,31.0,2875.38,2025,2025-10,October
ORD10451,2024-02-28,West,Electronics,Laptop,300.85,4.0,15.0,Debit Card,42.0,1022.8900000000001,2024,2024-02,February
ORD13575,2024-08-15,North,Clothing,Cap,469.52,1.0,0.0,Debit Card,56.0,469.52,2024,2024-08,August
ORD11326,2025-06-14,South,Groceries,Snacks,417.47,4.0,0.0,Debit Card,33.0,1669.88,2025,2025-06,June
ORD13229,2025-03-22,East,Electronics,Smartphone,434.98,2.0,0.0,Cash,19.0,869.96,2025,2025-03,March
ORD12901,2024-04-26,South,Electronics,Laptop,386.83,9.0,0.0,Credit Card,54.0,3481.47,2024,2024-04,April
ORD13888,2025-09-10,West,Furniture,Bookshelf,34.74,6.0,0.0,Cash,51.0,208.44,2025,2025-09,September
ORD11276,2025-10-29,West,Furniture,Bookshelf,202.43,7.0,0.0,Credit Card,60.0,1417.01,2025,2025-10,October
ORD11283,2024-07-22,South,Groceries,Coffee,416.93,3.0,0.0,Online Wallet,41.0,1250.79,2024,2024-07,July
ORD13676,2025-11-27,West,Toys,Lego Set,69.65,9.0,0.0,Cash,25.0,626.85,2025,2025-11,November
ORD14780,2024-12-05,East,Furniture,Bed Frame,463.33,8.0,0.0,Online Wallet,58.0,3706.64,2024,2024-12,December
ORD11530,2024-06-10,North,Electronics,Laptop,331.68,8.0,0.0,Cash,43.0,2653.44,2024,2024-06,June
ORD13758,2024-03-02,North,Furniture,Desk,354.55,4.0,0.0,Cash,59.0,1418.2,2024,2024-03,March
ORD10805,2024-06-16,North,Clothing,Sneakers,359.72,3.0,0.0,Online Wallet,42.0,1079.16,2024,2024-06,June
ORD14825,2025-11-09,East,Electronics,Tablet,94.81,9.0,5.0,Credit Card,28.0,810.6254999999999,2025,2025-11,November
ORD11529,2024-02-12,East,Toys,Lego Set,424.23,4.0,10.0,Online Wallet,62.0,1527.228,2024,2024-02,February
ORD14497,2025-09-03,West,Furniture,Desk,381.74,1.0,0.0,Debit Card,53.0,381.74,2025,2025-09,September
ORD13991,2024-09-03,East,Toys,Rc Car,94.33,6.0,0.0,Credit Card,55.0,565.98,2024,2024-09,September
ORD10049,2024-07-22,North,Electronics,Tablet,13.49,5.0,0.0,Credit Card,47.0,67.45,2024,2024-07,July
ORD11570,2025-05-03,East,Electronics,Smartphone,470.39,2.0,10.0,Online Wallet,31.0,846.702,2025,2025-05,May
ORD12691,2024-08-10,North,Toys,Board Game,170.31,9.0,0.0,Credit Card,53.0,1532.79,2024,2024-08,August
ORD11558,2025-05-26,North,Groceries,Snacks,358.6,6.0,0.0,Debit Card,63.0,2151.6000000000004,2025,2025-05,May
ORD13054,2024-01-30,East,Clothing,Jeans,175.29,6.0,0.0,Debit Card,67.0,1051.74,2024,2024-01,January
ORD11746,2024-07-05,West,Furniture,Desk,437.66,7.0,10.0,Credit Card,55.0,2757.2580000000003,2024,2024-07,July
ORD10801,2025-02-21,South,Furniture,Bookshelf,421.6,6.0,10.0,Debit Card,49.0,2276.6400000000003,2025,2025-02,February
ORD14475,2024-01-04,West,Toys,Action Figure,432.83,3.0,10.0,Cash,56.0,1168.641,2024,2024-01,January
ORD11310,2025-07-26,North,Furniture,Office Chair,415.44,1.0,5.0,Online Wallet,65.0,394.668,2025,2025-07,July
ORD14069,2025-04-03,East,Electronics,Tablet,295.32,2.0,0.0,Debit Card,59.0,590.64,2025,2025-04,April
ORD12897,2025-11-17,East,Furniture,Desk,344.41,3.0,0.0,Online Wallet,47.0,1033.23,2025,2025-11,November
ORD10424,2025-06-19,West,Clothing,Cap,179.54,4.0,0.0,Credit Card,66.0,718.16,2025,2025-06,June
ORD14898,2025-04-08,North,Toys,Action Figure,73.01,8.0,0.0,Cash,43.0,584.08,2025,2025-04,April
ORD13660,2024-07-15,South,Furniture,Office Chair,365.22,5.0,10.0,Cash,59.0,1643.4900000000002,2024,2024-07,July
ORD10000,2024-04-16,East,Groceries,Pasta,390.95,5.0,0.0,Cash,40.0,1954.75,2024,2024-04,April
ORD14301,2025-09-24,West,Clothing,Jacket,31.28,5.0,0.0,Debit Card,59.0,156.4,2025,2025-09,September
ORD13529,2025-08-15,East,Clothing,Sneakers,297.5,1.0,0.0,Credit Card,55.0,297.5,2025,2025-08,August
ORD13457,2025-12-19,South,Furniture,Bed Frame,318.27,7.0,10.0,Credit Card,55.0,2005.1009999999999,2025,2025-12,December
ORD14441,2024-07-22,West,Clothing,Jeans,171.36,4.0,0.0,Debit Card,29.0,685.44,2024,2024-07,July
ORD14492,2025-01-24,West,Groceries,Pasta,105.23,2.0,0.0,Online Wallet,66.0,210.46,2025,2025-01,January
ORD10976,2025-11-30,South,Toys,Puzzle,340.45,3.0,0.0,Debit Card,20.0,1021.3499999999999,2025,2025-11,November
ORD12034,2025-02-20,West,Groceries,Snacks,28.88,2.0,0.0,Online Wallet,46.0,57.76,2025,2025-02,February
ORD11269,2025-04-21,South,Clothing,Jeans,22.23,3.0,10.0,Cash,36.0,60.021,2025,2025-04,April
ORD10176,2025-06-21,South,Clothing,Jacket,83.67,2.0,20.0,Credit Card,52.0,133.872,2025,2025-06,June
ORD14559,2025-05-27,South,Furniture,Office Chair,383.23,6.0,20.0,Online Wallet,40.0,1839.5040000000001,2025,2025-05,May
ORD13803,2025-02-07,West,Toys,Rc Car,465.59,2.0,15.0,Credit Card,69.0,791.5029999999999,2025,2025-02,February
ORD10512,2025-12-21,West,Groceries,Pasta,305.39,4.0,0.0,Debit Card,60.0,1221.56,2025,2025-12,December
ORD12584,2025-02-25,South,Furniture,Office Chair,459.87,2.0,0.0,Cash,57.0,919.74,2025,2025-02,February
ORD11286,2025-04-04,East,Furniture,Bed Frame,254.85,4.0,5.0,Credit Card,20.0,968.43,2025,2025-04,April
ORD11462,2025-09-17,North,Furniture,Desk,37.98,2.0,15.0,Credit Card,54.0,64.56599999999999,2025,2025-09,September
ORD12409,2024-10-25,East,Groceries,Pasta,494.32,2.0,0.0,Debit Card,69.0,988.64,2024,2024-10,October
ORD11812,2025-06-23,North,Electronics,Tablet,440.01,8.0,0.0,Cash,60.0,3520.08,2025,2025-06,June
ORD13291,2024-04-16,South,Clothing,Sneakers,49.73,7.0,0.0,Online Wallet,29.0,348.10999999999996,2024,2024-04,April
ORD11139,2024-02-25,North,Groceries,Juice,369.3,8.0,20.0,Debit Card,58.0,2363.52,2024,2024-02,February
ORD14258,2024-12-09,East,Groceries,Juice,392.69,5.0,0.0,Online Wallet,42.0,1963.45,2024,2024-12,December
ORD11855,2024-02-03,North,Groceries,Coffee,63.61,4.0,0.0,Online Wallet,68.0,254.44,2024,2024-02,February
ORD12384,2025-07-14,West,Toys,Action Figure,489.72,4.0,5.0,Debit Card,51.0,1860.936,2025,2025-07,July
ORD10766,2025-09-01,East,Groceries,Coffee,401.91,3.0,0.0,Credit Card,35.0,1205.73,2025,2025-09,September
ORD11348,2025-08-03,North,Electronics,Laptop,158.86,1.0,10.0,Cash,21.0,142.97400000000002,2025,2025-08,August
ORD12482,2025-01-22,South,Clothing,Cap,384.26,7.0,0.0,Debit Card,19.0,2689.8199999999997,2025,2025-01,January
ORD14165,2024-09-26,East,Groceries,Coffee,110.82,8.0,0.0,Online Wallet,18.0,886.56,2024,2024-09,September
ORD11054,2024-03-13,North,Furniture,Sofa,307.46,5.0,10.0,Debit Card,31.0,1383.57,2024,2024-03,March
ORD11317,2025-08-02,East,Electronics,Laptop,300.25,1.0,0.0,Credit Card,37.0,300.25,2025,2025-08,August
ORD10179,2025-10-20,West,Toys,Board Game,140.74,3.0,0.0,Debit Card,55.0,422.22,2025,2025-10,October
ORD13781,2024-06-18,West,Electronics,Smartphone,341.17,3.0,0.0,Debit Card,61.0,1023.51,2024,2024-06,June
ORD12578,2024-03-07,East,Furniture,Office Chair,416.08,6.0,0.0,Debit Card,37.0,2496.48,2024,2024-03,March
ORD12455,2024-07-14,East,Clothing,Jeans,356.66,9.0,5.0,Debit Card,56.0,3049.4429999999998,2024,2024-07,July
ORD11262,2024-11-06,East,Electronics,Headphones,437.42,9.0,5.0,Cash,64.0,3739.941,2024,2024-11,November
ORD12356,2024-12-30,North,Clothing,Jacket,147.44,4.0,0.0,Cash,61.0,589.76,2024,2024-12,December
ORD12344,2025-12-14,East,Toys,Action Figure,193.08,1.0,0.0,Credit Card,63.0,193.08,2025,2025-12,December
ORD10532,2024-09-29,East,Electronics,Headphones,150.5,8.0,15.0,Credit Card,40.0,1023.4,2024,2024-09,September
ORD14494,2025-12-06,South,Electronics,Tablet,332.72,6.0,5.0,Debit Card,64.0,1896.5040000000001,2025,2025-12,December
ORD14633,2024-07-25,West,Clothing,T-Shirt,161.64,5.0,0.0,Online Wallet,24.0,808.1999999999999,2024,2024-07,July
ORD14531,2025-06-21,South,Groceries,Cereal,231.34,1.0,0.0,Online Wallet,62.0,231.34,2025,2025-06,June
ORD14590,2024-10-06,East,Groceries,Snacks,491.41,9.0,0.0,Online Wallet,59.0,4422.6900000000005,2024,2024-10,October
ORD11866,2024-03-11,East,Electronics,Headphones,295.36,3.0,0.0,Debit Card,44.0,886.08,2024,2024-03,March
ORD14606,2024-03-01,West,Groceries,Snacks,191.19,1.0,0.0,Cash,31.0,191.19,2024,2024-03,March
ORD13346,2025-01-07,South,Toys,Lego Set,106.83,1.0,0.0,Credit Card,68.0,106.83,2025,2025-01,January
ORD13037,2024-05-30,East,Clothing,Cap,5.68,4.0,0.0,Debit Card,56.0,22.72,2024,2024-05,May
ORD12681,2025-02-21,West,Clothing,T-Shirt,97.83,3.0,0.0,Debit Card,62.0,293.49,2025,2025-02,February
ORD14326,2025-11-17,West,Electronics,Smartwatch,458.04,1.0,0.0,Cash,44.0,458.04,2025,2025-11,November
ORD10930,2024-10-02,North,Electronics,Smartwatch,182.91,8.0,0.0,Credit Card,58.0,1463.28,2024,2024-10,October
ORD12626,2024-03-24,West,Electronics,Headphones,482.41,5.0,0.0,Credit Card,59.0,2412.05,2024,2024-03,March
ORD12526,2024-06-26,South,Groceries,Juice,449.86,3.0,0.0,Credit Card,39.0,1349.58,2024,2024-06,June
ORD13787,2025-01-28,South,Groceries,Coffee,411.23,9.0,0.0,Online Wallet,45.0,3701.07,2025,2025-01,January
ORD13867,2025-09-13,North,Groceries,Pasta,57.03,2.0,0.0,Cash,37.0,114.06,2025,2025-09,September
ORD10419,2024-09-22,East,Groceries,Juice,420.71,9.0,0.0,Debit Card,18.0,3786.39,2024,2024-09,September
ORD13714,2025-09-24,South,Groceries,Pasta,45.54,8.0,0.0,Credit Card,64.0,364.32,2025,2025-09,September
ORD12087,2024-07-18,East,Groceries,Coffee,53.3,3.0,0.0,Debit Card,42.0,159.89999999999998,2024,2024-07,July
ORD11480,2024-06-28,South,Electronics,Laptop,194.5,1.0,0.0,Online Wallet,34.0,194.5,2024,2024-06,June
ORD14694,2025-09-23,West,Electronics,Laptop,206.38,4.0,0.0,Online Wallet,61.0,825.52,2025,2025-09,September
ORD11059,2025-12-08,East,Toys,Board Game,69.88,3.0,0.0,Debit Card,67.0,209.64,2025,2025-12,December
ORD11970,2025-06-30,West,Groceries,Coffee,95.35,3.0,5.0,Credit Card,64.0,271.74749999999995,2025,2025-06,June
ORD10080,2025-03-13,South,Furniture,Desk,387.3,2.0,10.0,Debit Card,61.0,697.14,2025,2025-03,March
ORD14730,2025-03-23,West,Electronics,Tablet,333.56,5.0,0.0,Debit Card,18.0,1667.8,2025,2025-03,March
ORD10073,2025-07-11,North,Toys,Lego Set,42.72,6.0,15.0,Online Wallet,22.0,217.87199999999999,2025,2025-07,July
ORD13173,2025-07-31,South,Clothing,Jeans,313.37,1.0,0.0,Cash,32.0,313.37,2025,2025-07,July
ORD12604,2024-05-26,South,Toys,Lego Set,17.39,4.0,0.0,Cash,51.0,69.56,2024,2024-05,May
ORD13140,2024-03-19,East,Toys,Puzzle,435.49,4.0,10.0,Debit Card,19.0,1567.7640000000001,2024,2024-03,March
ORD12880,2025-05-10,South,Electronics,Laptop,243.77,3.0,20.0,Credit Card,61.0,585.0480000000001,2025,2025-05,May
ORD13994,2024-09-23,South,Clothing,Jeans,460.83,9.0,0.0,Cash,59.0,4147.47,2024,2024-09,September
ORD13830,2024-10-10,South,Groceries,Coffee,89.06,1.0,0.0,Cash,47.0,89.06,2024,2024-10,October
ORD13837,2024-07-22,North,Furniture,Desk,79.31,7.0,0.0,Debit Card,52.0,555.1700000000001,2024,2024-07,July
ORD11894,2025-06-11,West,Electronics,Smartwatch,412.8,2.0,0.0,Debit Card,40.0,825.6,2025,2025-06,June
ORD12598,2025-03-07,West,Groceries,Coffee,273.51,5.0,0.0,Debit Card,24.0,1367.55,2025,2025-03,March
ORD12589,2024-08-07,West,Electronics,Smartwatch,65.99,9.0,0.0,Debit Card,55.0,593.91,2024,2024-08,August
ORD11864,2024-11-03,North,Toys,Lego Set,336.57,8.0,0.0,Credit Card,46.0,2692.56,2024,2024-11,November
ORD11461,2025-10-07,East,Furniture,Office Chair,429.46,8.0,0.0,Online Wallet,62.0,3435.68,2025,2025-10,October
ORD10507,2025-02-28,East,Groceries,Pasta,323.91,9.0,0.0,Debit Card,39.0,2915.19,2025,2025-02,February
ORD11181,2024-06-10,West,Toys,Puzzle,413.98,8.0,10.0,Cash,61.0,2980.6560000000004,2024,2024-06,June
ORD10214,2025-11-18,North,Electronics,Headphones,377.45,5.0,0.0,Credit Card,28.0,1887.25,2025,2025-11,November
ORD10488,2024-08-07,East,Groceries,Coffee,198.42,1.0,0.0,Cash,20.0,198.42,2024,2024-08,August
ORD11124,2024-01-17,North,Clothing,Sneakers,266.02,3.0,10.0,Cash,40.0,718.254,2024,2024-01,January
ORD11257,2025-03-03,North,Groceries,Juice,484.83,1.0,0.0,Debit Card,59.0,484.83,2025,2025-03,March
ORD11541,2024-06-25,South,Toys,Puzzle,166.85,9.0,5.0,Credit Card,18.0,1426.5674999999999,2024,2024-06,June
ORD10388,2025-12-23,North,Electronics,Headphones,323.85,1.0,0.0,Online Wallet,56.0,323.85,2025,2025-12,December
ORD12265,2025-06-08,East,Groceries,Juice,95.65,2.0,0.0,Debit Card,19.0,191.3,2025,2025-06,June
ORD13065,2025-04-03,North,Electronics,Headphones,479.06,5.0,15.0,Online Wallet,63.0,2036.005,2025,2025-04,April
ORD13293,2024-05-27,North,Furniture,Bed Frame,480.29,9.0,20.0,Cash,42.0,3458.0880000000006,2024,2024-05,May
ORD13987,2025-03-11,South,Groceries,Cereal,429.47,7.0,0.0,Online Wallet,50.0,3006.29,2025,2025-03,March
ORD11290,2024-07-31,East,Electronics,Headphones,423.99,6.0,0.0,Online Wallet,23.0,2543.94,2024,2024-07,July
ORD12510,2025-10-20,East,Clothing,Sneakers,307.55,7.0,0.0,Credit Card,44.0,2152.85,2025,2025-10,October
ORD12450,2025-02-02,South,Toys,Rc Car,397.69,2.0,0.0,Cash,30.0,795.38,2025,2025-02,February
ORD12995,2024-06-26,South,Electronics,Smartwatch,8.67,9.0,0.0,Credit Card,25.0,78.03,2024,2024-06,June
ORD10861,2024-11-24,East,Furniture,Office Chair,100.21,8.0,10.0,Credit Card,28.0,721.512,2024,2024-11,November
ORD14865,2024-04-18,East,Furniture,Desk,429.41,9.0,0.0,Credit Card,46.0,3864.69,2024,2024-04,April
ORD14001,2024-01-20,North,Groceries,Juice,210.65,3.0,20.0,Credit Card,31.0,505.56000000000006,2024,2024-01,January
ORD12552,2025-04-20,East,Furniture,Bookshelf,243.39,8.0,5.0,Online Wallet,36.0,1849.764,2025,2025-04,April
ORD10455,2025-11-20,South,Furniture,Bookshelf,50.85,5.0,15.0,Online Wallet,44.0,216.11249999999998,2025,2025-11,November
ORD12331,2025-10-07,North,Toys,Lego Set,445.55,3.0,0.0,Debit Card,62.0,1336.65,2025,2025-10,October
ORD10815,2025-04-23,South,Toys,Rc Car,151.79,2.0,0.0,Online Wallet,55.0,303.58,2025,2025-04,April
ORD13518,2024-02-01,East,Groceries,Snacks,440.98,4.0,0.0,Online Wallet,41.0,1763.92,2024,2024-02,February
ORD11086,2024-07-21,South,Furniture,Desk,145.03,1.0,0.0,Cash,48.0,145.03,2024,2024-07,July
ORD12920,2024-03-20,North,Groceries,Juice,454.87,5.0,5.0,Credit Card,20.0,2160.6324999999997,2024,2024-03,March
ORD12638,2024-04-03,West,Toys,Rc Car,438.69,7.0,10.0,Debit Card,28.0,2763.747,2024,2024-04,April
ORD11358,2025-04-23,East,Groceries,Juice,438.96,3.0,5.0,Debit Card,36.0,1251.0359999999998,2025,2025-04,April
ORD11576,2024-08-31,South,Furniture,Desk,327.41,1.0,5.0,Debit Card,44.0,311.03950000000003,2024,2024-08,August
ORD12112,2024-10-27,West,Toys,Board Game,312.33,6.0,0.0,Cash,26.0,1873.98,2024,2024-10,October
ORD13130,2024-10-23,West,Groceries,Snacks,336.73,4.0,0.0,Credit Card,59.0,1346.92,2024,2024-10,October
ORD14971,2024-05-08,West,Toys,Puzzle,274.36,5.0,0.0,Cash,31.0,1371.8000000000002,2024,2024-05,May
ORD11279,2025-03-30,East,Electronics,Smartphone,296.79,4.0,0.0,Credit Card,45.0,1187.16,2025,2025-03,March
ORD10604,2025-06-13,West,Toys,Lego Set,292.69,7.0,0.0,Cash,33.0,2048.83,2025,2025-06,June
ORD14080,2025-07-27,South,Toys,Puzzle,259.46,5.0,0.0,Credit Card,41.0,1297.3,2025,2025-07,July
ORD12777,2025-08-13,South,Furniture,Desk,174.91,8.0,0.0,Cash,38.0,1399.28,2025,2025-08,August
ORD12222,2025-12-27,East,Clothing,Cap,44.18,8.0,0.0,Online Wallet,36.0,353.44,2025,2025-12,December
ORD10352,2025-07-21,North,Toys,Lego Set,382.14,4.0,0.0,Debit Card,35.0,1528.56,2025,2025-07,July
ORD13001,2024-05-29,North,Electronics,Tablet,62.35,8.0,0.0,Debit Card,30.0,498.8,2024,2024-05,May
ORD13448,2025-12-24,West,Furniture,Office Chair,496.67,1.0,15.0,Debit Card,32.0,422.1695,2025,2025-12,December
ORD10323,2024-09-07,South,Clothing,T-Shirt,5.09,2.0,0.0,Debit Card,31.0,10.18,2024,2024-09,September
ORD14728,2024-07-23,West,Toys,Action Figure,144.47,8.0,0.0,Cash,61.0,1155.76,2024,2024-07,July
ORD14353,2024-12-01,East,Clothing,Sneakers,261.0,5.0,0.0,Online Wallet,59.0,1305.0,2024,2024-12,December
ORD11998,2025-03-21,West,Furniture,Sofa,361.0,3.0,0.0,Debit Card,41.0,1083.0,2025,2025-03,March
ORD13389,2025-12-16,North,Electronics,Smartwatch,485.64,7.0,0.0,Online Wallet,46.0,3399.48,2025,2025-12,December
ORD13427,2025-10-13,South,Toys,Puzzle,385.98,8.0,15.0,Debit Card,27.0,2624.664,2025,2025-10,October
ORD11655,2025-02-26,South,Toys,Action Figure,309.49,2.0,0.0,Debit Card,68.0,618.98,2025,2025-02,February
ORD12198,2024-04-24,North,Toys,Puzzle,89.86,3.0,0.0,Cash,53.0,269.58,2024,2024-04,April
ORD12082,2025-10-20,South,Clothing,Sneakers,197.45,6.0,0.0,Cash,37.0,1184.6999999999998,2025,2025-10,October
ORD14026,2025-05-19,East,Toys,Puzzle,257.05,9.0,0.0,Credit Card,33.0,2313.4500000000003,2025,2025-05,May
ORD11405,2025-05-16,South,Toys,Action Figure,38.91,6.0,0.0,Online Wallet,57.0,233.45999999999998,2025,2025-05,May
ORD10025,2025-05-25,East,Clothing,Jeans,117.12,7.0,0.0,Credit Card,57.0,819.84,2025,2025-05,May
ORD11699,2025-06-25,West,Groceries,Cereal,16.53,7.0,5.0,Cash,67.0,109.92450000000001,2025,2025-06,June
ORD11705,2025-02-15,West,Furniture,Office Chair,212.09,2.0,0.0,Online Wallet,28.0,424.18,2025,2025-02,February
ORD12913,2024-05-10,East,Clothing,T-Shirt,84.96,9.0,15.0,Cash,32.0,649.944,2024,2024-05,May
ORD13727,2025-08-04,South,Furniture,Office Chair,464.35,4.0,0.0,Cash,33.0,1857.4,2025,2025-08,August
ORD12067,2025-05-16,North,Electronics,Laptop,40.35,6.0,0.0,Cash,48.0,242.10000000000002,2025,2025-05,May
ORD13853,2025-10-19,North,Electronics,Tablet,99.36,7.0,0.0,Online Wallet,24.0,695.52,2025,2025-10,October
ORD10622,2024-02-23,South,Clothing,T-Shirt,236.03,1.0,0.0,Debit Card,52.0,236.03,2024,2024-02,February
ORD12992,2025-06-11,North,Furniture,Sofa,183.91,3.0,0.0,Credit Card,44.0,551.73,2025,2025-06,June
ORD14252,2025-10-26,West,Clothing,Cap,226.91,8.0,0.0,Online Wallet,45.0,1815.28,2025,2025-10,October
ORD14213,2025-12-30,West,Toys,Board Game,324.3,8.0,10.0,Debit Card,26.0,2334.96,2025,2025-12,December
ORD10782,2024-03-20,East,Toys,Lego Set,481.22,7.0,0.0,Debit Card,42.0,3368.54,2024,2024-03,March
ORD11831,2025-09-03,North,Clothing,Jacket,13.0,2.0,10.0,Cash,47.0,23.400000000000002,2025,2025-09,September
ORD12207,2025-08-21,West,Electronics,Tablet,43.27,7.0,0.0,Cash,53.0,302.89000000000004,2025,2025-08,August
ORD13129,2025-09-25,North,Groceries,Pasta,36.03,3.0,0.0,Debit Card,51.0,108.09,2025,2025-09,September
ORD11753,2024-07-31,West,Groceries,Cereal,229.24,8.0,0.0,Debit Card,66.0,1833.92,2024,2024-07,July
ORD12047,2025-12-25,West,Furniture,Bookshelf,132.96,2.0,0.0,Cash,36.0,265.92,2025,2025-12,December
ORD13224,2025-03-28,South,Clothing,Cap,392.54,2.0,15.0,Online Wallet,68.0,667.318,2025,2025-03,March
ORD12870,2024-02-15,South,Toys,Board Game,260.07,7.0,0.0,Cash,41.0,1820.49,2024,2024-02,February
ORD12246,2024-05-21,South,Groceries,Cereal,494.36,7.0,0.0,Debit Card,68.0,3460.52,2024,2024-05,May
ORD13280,2024-09-10,East,Groceries,Coffee,415.26,5.0,0.0,Debit Card,35.0,2076.3,2024,2024-09,September
ORD13360,2025-07-12,West,Furniture,Bookshelf,356.04,8.0,0.0,Online Wallet,41.0,2848.32,2025,2025-07,July
ORD13688,2024-01-27,South,Toys,Action Figure,92.55,8.0,10.0,Cash,21.0,666.36,2024,2024-01,January
ORD13563,2024-02-18,South,Furniture,Bookshelf,268.33,2.0,10.0,Online Wallet,61.0,482.99399999999997,2024,2024-02,February
ORD14712,2024-07-30,South,Furniture,Sofa,483.38,1.0,0.0,Cash,40.0,483.38,2024,2024-07,July
ORD11198,2025-09-28,West,Clothing,Jeans,353.25,3.0,0.0,Debit Card,66.0,1059.75,2025,2025-09,September
ORD10408,2025-12-21,North,Clothing,Sneakers,490.69,2.0,10.0,Online Wallet,61.0,883.242,2025,2025-12,December
ORD10142,2024-10-15,West,Furniture,Bed Frame,138.61,4.0,0.0,Online Wallet,60.0,554.44,2024,2024-10,October
ORD10022,2024-05-09,South,Electronics,Laptop,267.81,6.0,0.0,Online Wallet,28.0,1606.8600000000001,2024,2024-05,May
ORD12252,2025-10-23,West,Clothing,Cap,235.96,5.0,0.0,Credit Card,46.0,1179.8,2025,2025-10,October
ORD13260,2024-02-27,North,Furniture,Desk,356.0,5.0,0.0,Online Wallet,69.0,1780.0,2024,2024-02,February
ORD11770,2024-04-01,North,Furniture,Bookshelf,315.58,5.0,0.0,Credit Card,63.0,1577.8999999999999,2024,2024-04,April
ORD14347,2025-03-24,North,Electronics,Smartphone,437.5,4.0,5.0,Debit Card,41.0,1662.5,2025,2025-03,March
ORD11005,2024-11-25,West,Toys,Lego Set,452.54,2.0,0.0,Debit Card,28.0,905.08,2024,2024-11,November
ORD10641,2024-03-07,East,Toys,Rc Car,194.48,7.0,0.0,Cash,21.0,1361.36,2024,2024-03,March
ORD14605,2025-02-12,West,Furniture,Desk,485.31,7.0,10.0,Debit Card,42.0,3057.453,2025,2025-02,February
ORD12654,2024-12-15,West,Clothing,T-Shirt,293.39,5.0,5.0,Debit Card,40.0,1393.6024999999997,2024,2024-12,December
ORD10384,2024-06-05,North,Toys,Lego Set,465.79,9.0,0.0,Cash,26.0,4192.110000000001,2024,2024-06,June
ORD10888,2024-11-20,North,Furniture,Sofa,121.66,9.0,5.0,Debit Card,66.0,1040.193,2024,2024-11,November
ORD11557,2025-02-22,North,Groceries,Snacks,182.03,7.0,0.0,Online Wallet,33.0,1274.21,2025,2025-02,February
ORD11085,2024-01-07,East,Groceries,Pasta,49.16,6.0,0.0,Debit Card,40.0,294.96,2024,2024-01,January
ORD14419,2024-02-10,South,Furniture,Office Chair,53.84,8.0,0.0,Debit Card,21.0,430.72,2024,2024-02,February
ORD10531,2025-09-17,East,Toys,Rc Car,31.49,4.0,5.0,Debit Card,53.0,119.66199999999999,2025,2025-09,September
ORD11853,2024-06-11,South,Toys,Rc Car,375.15,7.0,10.0,Debit Card,64.0,2363.4449999999997,2024,2024-06,June
ORD11935,2025-02-16,North,Furniture,Office Chair,195.13,1.0,0.0,Cash,63.0,195.13,2025,2025-02,February
ORD13906,2024-12-27,East,Furniture,Bookshelf,22.68,9.0,0.0,Debit Card,36.0,204.12,2024,2024-12,December
ORD13153,2025-09-22,North,Electronics,Smartphone,103.34,7.0,0.0,Credit Card,38.0,723.38,2025,2025-09,September
ORD13779,2024-10-12,West,Toys,Rc Car,403.66,9.0,0.0,Online Wallet,65.0,3632.94,2024,2024-10,October
ORD12447,2024-03-15,West,Clothing,T-Shirt,160.51,2.0,0.0,Debit Card,48.0,321.02,2024,2024-03,March
ORD11075,2024-10-19,South,Groceries,Coffee,483.6,1.0,0.0,Cash,37.0,483.6,2024,2024-10,October
ORD12688,2024-06-19,North,Toys,Rc Car,478.42,3.0,0.0,Online Wallet,43.0,1435.26,2024,2024-06,June
ORD12931,2024-12-31,East,Clothing,Jacket,224.44,6.0,0.0,Debit Card,21.0,1346.6399999999999,2024,2024-12,December
ORD11932,2025-02-04,South,Electronics,Laptop,349.63,5.0,20.0,Debit Card,67.0,1398.5200000000002,2025,2025-02,February
ORD12767,2025-03-08,East,Electronics,Smartphone,153.81,4.0,0.0,Debit Card,52.0,615.24,2025,2025-03,March
ORD11671,2024-05-29,South,Toys,Rc Car,318.89,7.0,5.0,Cash,40.0,2120.6185,2024,2024-05,May
ORD12438,2024-03-03,East,Electronics,Tablet,378.5,2.0,10.0,Debit Card,60.0,681.3000000000001,2024,2024-03,March
ORD12983,2024-05-16,East,Clothing,Sneakers,106.35,8.0,0.0,Debit Card,58.0,850.8,2024,2024-05,May
ORD12109,2024-04-18,North,Groceries,Juice,265.71,8.0,0.0,Online Wallet,65.0,2125.68,2024,2024-04,April
ORD12186,2025-10-31,East,Furniture,Bed Frame,456.77,4.0,10.0,Cash,33.0,1644.372,2025,2025-10,October
ORD11148,2024-06-23,North,Electronics,Smartwatch,62.07,5.0,20.0,Online Wallet,47.0,248.28000000000003,2024,2024-06,June
ORD10786,2025-05-11,North,Clothing,Cap,455.25,1.0,0.0,Cash,36.0,455.25,2025,2025-05,May
ORD11585,2025-11-05,East,Furniture,Office Chair,417.44,6.0,15.0,Online Wallet,52.0,2128.944,2025,2025-11,November
ORD13166,2024-05-23,South,Groceries,Snacks,159.89,7.0,0.0,Credit Card,56.0,1119.23,2024,2024-05,May
ORD10266,2024-12-15,North,Furniture,Bed Frame,416.11,8.0,0.0,Debit Card,64.0,3328.88,2024,2024-12,December
ORD13763,2025-02-14,East,Clothing,Sneakers,270.51,3.0,0.0,Debit Card,57.0,811.53,2025,2025-02,February
ORD14962,2024-06-27,West,Clothing,Jeans,38.33,2.0,0.0,Cash,59.0,76.66,2024,2024-06,June
ORD13736,2024-10-23,North,Groceries,Coffee,36.02,8.0,0.0,Online Wallet,58.0,288.16,2024,2024-10,October
ORD10360,2025-05-11,South,Toys,Board Game,256.19,5.0,20.0,Cash,21.0,1024.76,2025,2025-05,May
ORD11460,2024-07-20,East,Groceries,Juice,379.57,5.0,5.0,Cash,62.0,1802.9574999999998,2024,2024-07,July
ORD13421,2024-07-01,North,Groceries,Juice,485.32,2.0,0.0,Cash,23.0,970.64,2024,2024-07,July
ORD13680,2024-08-14,East,Toys,Rc Car,442.66,5.0,0.0,Online Wallet,45.0,2213.3,2024,2024-08,August
ORD10952,2024-11-18,West,Groceries,Pasta,243.83,3.0,0.0,Cash,23.0,731.49,2024,2024-11,November
ORD14062,2024-12-05,South,Toys,Action Figure,363.42,7.0,0.0,Cash,56.0,2543.94,2024,2024-12,December
ORD13235,2025-07-16,South,Clothing,Cap,312.72,4.0,0.0,Cash,27.0,1250.88,2025,2025-07,July
ORD13243,2024-05-30,West,Groceries,Cereal,70.3,9.0,0.0,Debit Card,20.0,632.6999999999999,2024,2024-05,May
ORD13372,2024-02-26,North,Furniture,Bookshelf,104.76,6.0,5.0,Debit Card,36.0,597.1320000000001,2024,2024-02,February
ORD12699,2025-07-05,South,Electronics,Headphones,443.01,3.0,0.0,Debit Card,69.0,1329.03,2025,2025-07,July
ORD11574,2025-06-12,East,Clothing,Sneakers,101.61,4.0,0.0,Online Wallet,25.0,406.44,2025,2025-06,June
ORD14308,2024-09-28,West,Furniture,Desk,219.83,8.0,5.0,Cash,30.0,1670.708,2024,2024-09,September
ORD11955,2024-11-28,West,Groceries,Juice,327.78,6.0,0.0,Online Wallet,62.0,1966.6799999999998,2024,2024-11,November
ORD14527,2024-10-21,North,Groceries,Juice,467.08,6.0,0.0,Cash,58.0,2802.48,2024,2024-10,October
ORD13337,2025-06-24,East,Furniture,Bed Frame,226.23,3.0,0.0,Debit Card,27.0,678.6899999999999,2025,2025-06,June
ORD12176,2024-02-22,West,Clothing,Cap,346.65,2.0,0.0,Online Wallet,67.0,693.3,2024,2024-02,February
ORD11313,2025-09-07,West,Groceries,Pasta,186.4,4.0,0.0,Cash,63.0,745.6,2025,2025-09,September
ORD14400,2024-08-02,South,Furniture,Bed Frame,416.11,4.0,5.0,Online Wallet,59.0,1581.218,2024,2024-08,August
ORD11331,2025-03-22,North,Groceries,Cereal,443.86,5.0,0.0,Cash,41.0,2219.3,2025,2025-03,March
ORD11842,2025-09-18,West,Groceries,Coffee,240.57,6.0,0.0,Online Wallet,59.0,1443.42,2025,2025-09,September
ORD12208,2025-02-24,West,Furniture,Desk,442.05,9.0,0.0,Online Wallet,37.0,3978.4500000000003,2025,2025-02,February
ORD12979,2024-05-25,West,Electronics,Tablet,129.97,7.0,0.0,Cash,68.0,909.79,2024,2024-05,May
ORD13436,2025-12-20,East,Furniture,Bed Frame,55.22,5.0,0.0,Online Wallet,36.0,276.1,2025,2025-12,December
ORD14332,2024-07-12,East,Groceries,Juice,163.61,2.0,0.0,Online Wallet,25.0,327.22,2024,2024-07,July
ORD14239,2025-12-09,East,Groceries,Juice,78.62,5.0,0.0,Cash,44.0,393.1,2025,2025-12,December
ORD10754,2025-06-29,West,Clothing,T-Shirt,32.83,8.0,0.0,Online Wallet,22.0,262.64,2025,2025-06,June
ORD14106,2025-01-22,East,Electronics,Smartphone,413.3,1.0,5.0,Online Wallet,48.0,392.635,2025,2025-01,January
ORD11378,2024-08-01,West,Electronics,Laptop,146.75,6.0,0.0,Online Wallet,40.0,880.5,2024,2024-08,August
ORD14955,2024-02-27,South,Electronics,Headphones,483.93,3.0,0.0,Online Wallet,51.0,1451.79,2024,2024-02,February
ORD10980,2024-11-19,West,Toys,Rc Car,169.34,6.0,0.0,Credit Card,47.0,1016.04,2024,2024-11,November
ORD10286,2025-12-04,East,Furniture,Bed Frame,262.55,4.0,0.0,Credit Card,50.0,1050.2,2025,2025-12,December
ORD14556,2024-02-27,West,Clothing,Sneakers,55.27,6.0,0.0,Credit Card,40.0,331.62,2024,2024-02,February
ORD13533,2025-11-16,South,Groceries,Cereal,375.7,9.0,0.0,Credit Card,69.0,3381.2999999999997,2025,2025-11,November
ORD13088,2025-10-09,North,Groceries,Snacks,53.07,1.0,0.0,Credit Card,23.0,53.07,2025,2025-10,October
ORD13571,2024-12-08,East,Toys,Rc Car,416.7,9.0,0.0,Cash,30.0,3750.2999999999997,2024,2024-12,December
ORD14348,2025-11-05,West,Groceries,Cereal,221.98,6.0,0.0,Online Wallet,69.0,1331.8799999999999,2025,2025-11,November
ORD11154,2024-06-17,West,Furniture,Bed Frame,155.09,9.0,0.0,Online Wallet,57.0,1395.81,2024,2024-06,June
ORD11079,2025-10-08,West,Toys,Action Figure,461.38,4.0,0.0,Cash,28.0,1845.52,2025,2025-10,October
ORD13008,2024-09-12,West,Clothing,Jacket,386.21,9.0,5.0,Cash,47.0,3302.0955,2024,2024-09,September
ORD11511,2025-03-29,South,Clothing,Jacket,43.43,9.0,15.0,Online Wallet,48.0,332.2395,2025,2025-03,March
ORD10892,2025-12-01,North,Furniture,Office Chair,364.4,3.0,0.0,Cash,54.0,1093.1999999999998,2025,2025-12,December
ORD10135,2024-07-27,East,Electronics,Smartphone,138.0,8.0,0.0,Credit Card,56.0,1104.0,2024,2024-07,July
ORD13261,2024-09-29,West,Clothing,Cap,469.88,1.0,0.0,Online Wallet,42.0,469.88,2024,2024-09,September
ORD14078,2024-06-13,West,Toys,Board Game,402.64,6.0,0.0,Credit Card,50.0,2415.84,2024,2024-06,June
ORD12191,2024-09-18,North,Electronics,Smartwatch,218.67,5.0,0.0,Debit Card,38.0,1093.35,2024,2024-09,September
ORD10211,2025-02-17,East,Electronics,Smartphone,251.1,1.0,10.0,Cash,57.0,225.99,2025,2025-02,February
ORD10433,2025-02-10,East,Clothing,T-Shirt,66.94,9.0,0.0,Cash,58.0,602.46,2025,2025-02,February
ORD13164,2024-06-26,South,Electronics,Smartphone,329.35,2.0,0.0,Debit Card,58.0,658.7,2024,2024-06,June
ORD10274,2025-06-17,North,Clothing,Jacket,272.08,2.0,0.0,Credit Card,32.0,544.16,2025,2025-06,June
ORD13012,2025-09-10,West,Clothing,Jacket,365.27,1.0,0.0,Debit Card,29.0,365.27,2025,2025-09,September
ORD10088,2024-08-20,North,Toys,Puzzle,181.22,2.0,0.0,Debit Card,62.0,362.44,2024,2024-08,August
ORD12798,2025-09-15,South,Groceries,Snacks,463.39,4.0,0.0,Online Wallet,63.0,1853.56,2025,2025-09,September
ORD12324,2024-12-11,South,Groceries,Cereal,165.68,4.0,0.0,Credit Card,62.0,662.72,2024,2024-12,December
ORD10298,2024-01-21,South,Electronics,Smartwatch,131.98,3.0,5.0,Credit Card,41.0,376.1429999999999,2024,2024-01,January
ORD12545,2024-09-21,West,Electronics,Laptop,293.64,2.0,10.0,Online Wallet,68.0,528.552,2024,2024-09,September
ORD13916,2024-12-26,North,Electronics,Smartphone,328.36,8.0,0.0,Debit Card,47.0,2626.88,2024,2024-12,December
ORD13674,2024-01-25,North,Furniture,Sofa,9.63,1.0,10.0,Cash,44.0,8.667000000000002,2024,2024-01,January
ORD14645,2025-08-26,North,Furniture,Bed Frame,370.69,5.0,0.0,Credit Card,66.0,1853.45,2025,2025-08,August
ORD13776,2025-09-27,East,Groceries,Coffee,358.44,1.0,0.0,Credit Card,33.0,358.44,2025,2025-09,September
ORD13754,2024-08-30,West,Clothing,Sneakers,158.06,4.0,0.0,Online Wallet,22.0,632.24,2024,2024-08,August
ORD14253,2025-09-25,North,Groceries,Coffee,199.63,7.0,0.0,Credit Card,30.0,1397.4099999999999,2025,2025-09,September
ORD10315,2025-03-09,South,Electronics,Tablet,59.82,9.0,0.0,Cash,61.0,538.38,2025,2025-03,March
ORD14554,2025-04-15,East,Furniture,Sofa,58.0,2.0,10.0,Cash,18.0,104.4,2025,2025-04,April
ORD12151,2025-11-21,East,Clothing,Jeans,83.11,7.0,10.0,Cash,64.0,523.593,2025,2025-11,November
ORD13662,2025-08-17,South,Toys,Board Game,50.72,1.0,0.0,Online Wallet,37.0,50.72,2025,2025-08,August
ORD13288,2025-03-22,West,Electronics,Tablet,450.58,9.0,0.0,Debit Card,37.0,4055.22,2025,2025-03,March
ORD13117,2024-08-07,North,Toys,Rc Car,17.91,5.0,15.0,Debit Card,28.0,76.11749999999999,2024,2024-08,August
ORD10522,2024-07-02,North,Electronics,Smartphone,185.09,6.0,5.0,Online Wallet,35.0,1055.013,2024,2024-07,July
ORD12020,2025-06-20,South,Furniture,Desk,9.4,9.0,0.0,Debit Card,46.0,84.60000000000001,2025,2025-06,June
ORD14421,2025-05-12,North,Toys,Rc Car,355.36,1.0,20.0,Cash,66.0,284.288,2025,2025-05,May
ORD12974,2025-04-08,West,Furniture,Desk,428.63,3.0,0.0,Cash,32.0,1285.8899999999999,2025,2025-04,April
ORD11275,2024-06-23,South,Groceries,Snacks,251.34,2.0,0.0,Cash,33.0,502.68,2024,2024-06,June
ORD13181,2024-02-16,South,Clothing,Sneakers,21.3,9.0,0.0,Debit Card,64.0,191.70000000000002,2024,2024-02,February
ORD12413,2025-07-03,East,Furniture,Sofa,24.46,4.0,0.0,Online Wallet,44.0,97.84,2025,2025-07,July
ORD12752,2025-07-21,West,Groceries,Snacks,369.51,5.0,0.0,Online Wallet,25.0,1847.55,2025,2025-07,July
ORD10528,2025-10-04,West,Toys,Board Game,95.5,2.0,15.0,Online Wallet,55.0,162.35,2025,2025-10,October
ORD14921,2024-03-28,North,Electronics,Laptop,435.42,6.0,0.0,Online Wallet,43.0,2612.52,2024,2024-03,March
ORD10308,2024-10-23,West,Furniture,Sofa,290.91,5.0,0.0,Credit Card,64.0,1454.5500000000002,2024,2024-10,October
ORD11505,2025-10-12,North,Electronics,Smartwatch,412.43,3.0,20.0,Credit Card,58.0,989.832,2025,2025-10,October
ORD13598,2024-12-10,East,Toys,Board Game,210.33,8.0,0.0,Online Wallet,67.0,1682.64,2024,2024-12,December
ORD12496,2024-03-29,North,Toys,Puzzle,495.09,7.0,0.0,Online Wallet,61.0,3465.6299999999997,2024,2024-03,March
ORD11374,2025-07-18,South,Furniture,Desk,396.72,7.0,0.0,Cash,57.0,2777.04,2025,2025-07,July
ORD12619,2024-11-30,West,Clothing,Sneakers,314.71,1.0,0.0,Cash,39.0,314.71,2024,2024-11,November
ORD11134,2025-08-25,South,Toys,Rc Car,282.4,8.0,0.0,Online Wallet,36.0,2259.2,2025,2025-08,August
ORD11203,2025-05-05,East,Electronics,Headphones,24.96,9.0,10.0,Online Wallet,60.0,202.17600000000002,2025,2025-05,May
ORD13681,2025-01-19,South,Groceries,Juice,302.32,6.0,0.0,Credit Card,35.0,1813.92,2025,2025-01,January
ORD13220,2024-12-30,East,Electronics,Laptop,485.13,9.0,0.0,Cash,57.0,4366.17,2024,2024-12,December
ORD11318,2025-09-03,West,Electronics,Headphones,324.47,7.0,0.0,Credit Card,60.0,2271.29,2025,2025-09,September
ORD12647,2024-02-02,West,Clothing,Jeans,460.05,2.0,0.0,Credit Card,66.0,920.1,2024,2024-02,February
ORD12332,2025-08-30,North,Toys,Rc Car,491.59,3.0,0.0,Cash,62.0,1474.77,2025,2025-08,August
ORD13380,2024-07-19,West,Groceries,Pasta,352.08,6.0,0.0,Credit Card,63.0,2112.48,2024,2024-07,July
ORD10833,2025-07-18,South,Toys,Action Figure,391.82,2.0,10.0,Online Wallet,39.0,705.276,2025,2025-07,July
ORD12989,2025-08-08,South,Groceries,Juice,93.54,7.0,0.0,Credit Card,60.0,654.7800000000001,2025,2025-08,August
ORD12110,2025-12-21,West,Groceries,Pasta,217.76,1.0,0.0,Online Wallet,28.0,217.76,2025,2025-12,December
ORD11682,2024-04-04,South,Electronics,Tablet,20.9,7.0,0.0,Debit Card,33.0,146.29999999999998,2024,2024-04,April
ORD13034,2024-01-04,South,Groceries,Coffee,285.28,9.0,0.0,Online Wallet,56.0,2567.5199999999995,2024,2024-01,January
ORD12287,2025-12-15,North,Toys,Lego Set,171.76,3.0,10.0,Online Wallet,62.0,463.752,2025,2025-12,December
ORD12380,2025-06-18,North,Clothing,Jacket,394.46,4.0,0.0,Online Wallet,56.0,1577.84,2025,2025-06,June
ORD14787,2024-06-02,South,Furniture,Bed Frame,371.6,6.0,0.0,Cash,28.0,2229.6000000000004,2024,2024-06,June
ORD12004,2025-07-22,East,Toys,Action Figure,227.02,1.0,5.0,Debit Card,31.0,215.669,2025,2025-07,July
ORD14448,2025-02-25,West,Clothing,T-Shirt,290.43,9.0,0.0,Credit Card,29.0,2613.87,2025,2025-02,February
ORD14136,2024-02-04,East,Toys,Action Figure,87.42,8.0,0.0,Online Wallet,69.0,699.36,2024,2024-02,February
ORD12616,2024-12-23,South,Furniture,Office Chair,8.87,3.0,0.0,Credit Card,26.0,26.61,2024,2024-12,December
ORD11166,2024-02-05,North,Groceries,Cereal,318.56,2.0,10.0,Cash,44.0,573.408,2024,2024-02,February
ORD10629,2024-01-31,East,Clothing,Jacket,299.86,1.0,0.0,Debit Card,43.0,299.86,2024,2024-01,January
ORD13471,2024-02-15,East,Groceries,Juice,489.06,5.0,0.0,Credit Card,68.0,2445.3,2024,2024-02,February
ORD14300,2025-11-30,North,Toys,Puzzle,499.92,8.0,0.0,Debit Card,28.0,3999.36,2025,2025-11,November
ORD14562,2024-05-12,North,Furniture,Bed Frame,110.34,1.0,5.0,Credit Card,24.0,104.823,2024,2024-05,May
ORD10727,2024-09-29,South,Furniture,Office Chair,153.12,1.0,0.0,Cash,60.0,153.12,2024,2024-09,September
ORD10354,2024-07-22,West,Furniture,Sofa,282.05,4.0,0.0,Debit Card,22.0,1128.2,2024,2024-07,July
ORD12140,2024-09-24,South,Furniture,Bookshelf,350.41,4.0,0.0,Cash,44.0,1401.64,2024,2024-09,September
ORD12871,2025-02-21,West,Groceries,Pasta,82.1,5.0,0.0,Cash,58.0,410.5,2025,2025-02,February
ORD11861,2024-11-17,East,Furniture,Office Chair,236.69,2.0,5.0,Credit Card,52.0,449.71099999999996,2024,2024-11,November
ORD11222,2025-02-18,West,Clothing,Jacket,397.85,7.0,0.0,Debit Card,43.0,2784.9500000000003,2025,2025-02,February
ORD14946,2024-07-07,North,Clothing,Cap,403.62,6.0,0.0,Cash,24.0,2421.7200000000003,2024,2024-07,July
ORD14352,2024-03-18,West,Furniture,Bookshelf,339.05,6.0,0.0,Debit Card,48.0,2034.3000000000002,2024,2024-03,March
ORD12508,2025-05-16,West,Toys,Puzzle,30.16,5.0,5.0,Cash,55.0,143.26,2025,2025-05,May
ORD10847,2024-10-23,South,Clothing,Sneakers,391.45,5.0,10.0,Online Wallet,29.0,1761.525,2024,2024-10,October
ORD10159,2024-12-31,North,Toys,Board Game,119.18,2.0,0.0,Credit Card,66.0,238.36,2024,2024-12,December
ORD12787,2024-05-04,East,Furniture,Sofa,256.58,5.0,0.0,Online Wallet,64.0,1282.8999999999999,2024,2024-05,May
ORD11982,2024-10-03,East,Furniture,Bookshelf,417.96,2.0,0.0,Debit Card,67.0,835.92,2024,2024-10,October
ORD14356,2025-03-05,West,Electronics,Laptop,231.66,9.0,15.0,Credit Card,57.0,1772.199,2025,2025-03,March
ORD12103,2024-09-04,East,Furniture,Bookshelf,216.92,5.0,0.0,Online Wallet,38.0,1084.6,2024,2024-09,September
ORD14020,2025-01-01,West,Electronics,Laptop,51.6,3.0,0.0,Debit Card,49.0,154.8,2025,2025-01,January
ORD10371,2025-10-25,North,Groceries,Snacks,367.86,9.0,5.0,Cash,36.0,3145.203,2025,2025-10,October
ORD13482,2024-01-08,West,Clothing,Cap,74.95,7.0,0.0,Debit Card,41.0,524.65,2024,2024-01,January
ORD12970,2024-04-01,West,Electronics,Headphones,114.64,4.0,0.0,Online Wallet,58.0,458.56,2024,2024-04,April
ORD12131,2025-04-28,North,Furniture,Bookshelf,301.82,6.0,0.0,Cash,21.0,1810.92,2025,2025-04,April
ORD13418,2025-09-11,East,Clothing,Sneakers,281.09,4.0,0.0,Credit Card,49.0,1124.36,2025,2025-09,September
ORD13424,2025-03-05,South,Clothing,Jeans,15.81,1.0,0.0,Online Wallet,36.0,15.81,2025,2025-03,March
ORD14937,2025-08-21,East,Clothing,Jacket,168.54,5.0,0.0,Online Wallet,29.0,842.6999999999999,2025,2025-08,August
ORD12475,2024-05-31,West,Toys,Lego Set,451.94,2.0,10.0,Credit Card,33.0,813.492,2024,2024-05,May
ORD12337,2025-12-06,South,Furniture,Desk,44.96,9.0,0.0,Cash,19.0,404.64,2025,2025-12,December
ORD12744,2025-07-14,West,Furniture,Desk,252.53,6.0,0.0,Cash,22.0,1515.18,2025,2025-07,July
ORD11553,2025-02-22,North,Groceries,Cereal,321.61,9.0,10.0,Cash,39.0,2605.041,2025,2025-02,February
ORD10239,2025-02-03,North,Electronics,Tablet,334.13,4.0,0.0,Debit Card,62.0,1336.52,2025,2025-02,February
ORD11429,2024-08-04,West,Groceries,Juice,416.75,6.0,0.0,Cash,30.0,2500.5,2024,2024-08,August
ORD11978,2024-10-27,East,Groceries,Cereal,85.0,7.0,0.0,Cash,44.0,595.0,2024,2024-10,October
ORD13245,2025-10-12,East,Toys,Action Figure,188.96,9.0,0.0,Credit Card,19.0,1700.64,2025,2025-10,October
ORD12817,2024-05-11,East,Toys,Action Figure,477.34,2.0,5.0,Online Wallet,19.0,906.9459999999999,2024,2024-05,May
ORD13671,2024-04-01,West,Toys,Puzzle,372.14,5.0,0.0,Credit Card,51.0,1860.6999999999998,2024,2024-04,April
ORD12449,2024-04-18,North,Toys,Lego Set,320.99,7.0,0.0,Online Wallet,62.0,2246.9300000000003,2024,2024-04,April
ORD14307,2024-11-01,East,Clothing,Jacket,260.81,6.0,0.0,Online Wallet,19.0,1564.8600000000001,2024,2024-11,November
ORD14914,2024-01-29,West,Clothing,Cap,259.73,8.0,0.0,Online Wallet,57.0,2077.84,2024,2024-01,January
ORD12202,2025-05-05,North,Electronics,Headphones,486.78,7.0,0.0,Credit Card,59.0,3407.46,2025,2025-05,May
ORD10618,2024-08-07,South,Groceries,Coffee,449.48,8.0,0.0,Online Wallet,64.0,3595.84,2024,2024-08,August
ORD12381,2024-07-10,South,Furniture,Bookshelf,292.21,8.0,10.0,Debit Card,23.0,2103.912,2024,2024-07,July
ORD11090,2025-06-16,North,Groceries,Coffee,345.52,4.0,0.0,Credit Card,61.0,1382.08,2025,2025-06,June
ORD10430,2024-02-01,South,Clothing,Jeans,87.82,9.0,0.0,Online Wallet,27.0,790.3799999999999,2024,2024-02,February
ORD10279,2024-04-21,South,Clothing,Jacket,392.98,4.0,0.0,Debit Card,43.0,1571.92,2024,2024-04,April
ORD13524,2025-06-24,East,Groceries,Pasta,259.29,4.0,0.0,Cash,66.0,1037.16,2025,2025-06,June
ORD12629,2025-09-16,North,Groceries,Coffee,163.53,4.0,15.0,Debit Card,20.0,556.002,2025,2025-09,September
ORD12766,2024-06-30,North,Furniture,Desk,470.54,6.0,0.0,Cash,44.0,2823.2400000000002,2024,2024-06,June
ORD13895,2025-10-09,South,Groceries,Coffee,369.99,8.0,0.0,Debit Card,54.0,2959.92,2025,2025-10,October
ORD10969,2025-09-18,East,Electronics,Laptop,427.93,3.0,0.0,Debit Card,29.0,1283.79,2025,2025-09,September
ORD11843,2025-08-31,North,Electronics,Laptop,468.22,6.0,10.0,Cash,20.0,2528.3880000000004,2025,2025-08,August
ORD13024,2025-04-03,East,Electronics,Tablet,175.6,5.0,0.0,Cash,26.0,878.0,2025,2025-04,April
ORD13151,2025-12-21,North,Toys,Rc Car,60.75,8.0,0.0,Cash,21.0,486.0,2025,2025-12,December
ORD13386,2025-06-19,North,Clothing,Cap,109.55,9.0,0.0,Credit Card,51.0,985.9499999999999,2025,2025-06,June
ORD14546,2024-07-27,North,Electronics,Laptop,398.12,7.0,0.0,Cash,35.0,2786.84,2024,2024-07,July
ORD11211,2025-08-27,North,Toys,Puzzle,59.96,5.0,5.0,Credit Card,21.0,284.81,2025,2025-08,August
ORD14390,2025-12-19,East,Furniture,Office Chair,448.34,9.0,0.0,Debit Card,18.0,4035.06,2025,2025-12,December
ORD11428,2024-08-02,West,Clothing,Jeans,257.48,9.0,0.0,Debit Card,25.0,2317.32,2024,2024-08,August
ORD14716,2024-12-13,East,Clothing,T-Shirt,305.3,4.0,0.0,Online Wallet,64.0,1221.2,2024,2024-12,December
ORD10426,2025-11-10,South,Toys,Puzzle,116.93,6.0,0.0,Online Wallet,20.0,701.58,2025,2025-11,November
ORD14094,2025-10-16,West,Groceries,Snacks,453.23,6.0,15.0,Cash,33.0,2311.473,2025,2025-10,October
ORD11923,2024-04-21,North,Groceries,Juice,153.06,8.0,0.0,Debit Card,66.0,1224.48,2024,2024-04,April
ORD13395,2025-05-23,North,Furniture,Bookshelf,155.79,7.0,0.0,Debit Card,45.0,1090.53,2025,2025-05,May
ORD14815,2025-09-07,North,Toys,Rc Car,127.48,8.0,10.0,Debit Card,27.0,917.856,2025,2025-09,September
ORD10404,2025-05-05,East,Groceries,Juice,405.88,4.0,0.0,Debit Card,64.0,1623.52,2025,2025-05,May
ORD10491,2025-12-16,South,Clothing,Jeans,363.55,1.0,0.0,Debit Card,29.0,363.55,2025,2025-12,December
ORD14671,2025-01-06,North,Groceries,Cereal,437.21,7.0,0.0,Online Wallet,43.0,3060.47,2025,2025-01,January
ORD13494,2024-02-17,East,Clothing,Jacket,213.12,3.0,10.0,Online Wallet,24.0,575.424,2024,2024-02,February
ORD10824,2025-01-23,South,Electronics,Laptop,180.87,5.0,0.0,Debit Card,61.0,904.35,2025,2025-01,January
ORD12542,2024-09-13,South,Electronics,Tablet,412.24,4.0,0.0,Debit Card,35.0,1648.96,2024,2024-09,September
ORD13673,2024-03-01,West,Clothing,Sneakers,163.45,7.0,0.0,Online Wallet,52.0,1144.1499999999999,2024,2024-03,March
ORD14226,2025-11-28,West,Groceries,Juice,341.25,9.0,5.0,Debit Card,58.0,2917.6875,2025,2025-11,November
ORD13515,2025-11-25,North,Groceries,Pasta,101.77,3.0,0.0,Credit Card,67.0,305.31,2025,2025-11,November
ORD14461,2025-05-24,North,Toys,Lego Set,387.13,1.0,20.0,Debit Card,52.0,309.704,2025,2025-05,May
ORD14947,2024-09-16,North,Electronics,Smartphone,58.1,1.0,0.0,Online Wallet,21.0,58.1,2024,2024-09,September
ORD11788,2025-07-21,East,Furniture,Bookshelf,319.34,2.0,0.0,Debit Card,18.0,638.68,2025,2025-07,July
ORD12187,2024-11-06,East,Groceries,Juice,104.54,1.0,20.0,Online Wallet,37.0,83.632,2024,2024-11,November
ORD12145,2024-01-07,North,Furniture,Bed Frame,309.38,5.0,0.0,Cash,44.0,1546.9,2024,2024-01,January
ORD13246,2025-03-27,West,Toys,Action Figure,316.89,7.0,15.0,Credit Card,50.0,1885.4955,2025,2025-03,March
ORD11841,2025-08-06,North,Toys,Board Game,247.37,2.0,0.0,Credit Card,24.0,494.74,2025,2025-08,August
ORD11209,2024-09-24,East,Clothing,Jeans,364.67,6.0,0.0,Credit Card,52.0,2188.02,2024,2024-09,September
ORD10974,2024-10-28,West,Furniture,Office Chair,89.98,6.0,0.0,Debit Card,67.0,539.88,2024,2024-10,October
ORD10474,2025-11-04,West,Groceries,Cereal,262.02,7.0,0.0,Debit Card,36.0,1834.1399999999999,2025,2025-11,November
ORD13311,2024-06-11,East,Furniture,Bed Frame,256.19,8.0,0.0,Online Wallet,44.0,2049.52,2024,2024-06,June
ORD10215,2024-04-11,North,Groceries,Snacks,166.88,6.0,0.0,Debit Card,35.0,1001.28,2024,2024-04,April
ORD10656,2024-03-05,North,Toys,Puzzle,180.42,3.0,0.0,Cash,60.0,541.26,2024,2024-03,March
ORD12519,2025-06-26,South,Clothing,Jeans,431.72,3.0,0.0,Online Wallet,61.0,1295.16,2025,2025-06,June
ORD11583,2025-02-09,North,Groceries,Pasta,178.85,6.0,0.0,Cash,27.0,1073.1,2025,2025-02,February
ORD14485,2024-02-27,North,Electronics,Smartwatch,456.59,9.0,0.0,Cash,20.0,4109.3099999999995,2024,2024-02,February
ORD11130,2025-02-23,South,Toys,Board Game,291.05,1.0,20.0,Credit Card,18.0,232.84000000000003,2025,2025-02,February
ORD13038,2024-06-04,South,Toys,Board Game,226.3,6.0,0.0,Cash,59.0,1357.8000000000002,2024,2024-06,June
ORD10131,2025-09-15,East,Electronics,Smartwatch,94.81,4.0,0.0,Debit Card,19.0,379.24,2025,2025-09,September
ORD13566,2024-12-08,West,Furniture,Desk,336.85,2.0,0.0,Credit Card,46.0,673.7,2024,2024-12,December
ORD11341,2024-12-25,South,Toys,Board Game,205.43,5.0,0.0,Credit Card,41.0,1027.15,2024,2024-12,December
ORD12184,2024-12-29,North,Toys,Puzzle,370.64,8.0,15.0,Online Wallet,40.0,2520.352,2024,2024-12,December
ORD14382,2025-08-06,East,Clothing,T-Shirt,111.7,7.0,0.0,Cash,46.0,781.9,2025,2025-08,August
ORD10594,2024-11-16,West,Clothing,Sneakers,327.79,5.0,5.0,Debit Card,59.0,1557.0025,2024,2024-11,November
ORD14634,2025-10-11,South,Toys,Rc Car,137.34,8.0,0.0,Cash,68.0,1098.72,2025,2025-10,October
ORD10247,2024-09-22,South,Furniture,Sofa,412.13,9.0,0.0,Credit Card,53.0,3709.17,2024,2024-09,September
ORD10029,2025-02-23,North,Groceries,Cereal,449.78,4.0,0.0,Online Wallet,42.0,1799.12,2025,2025-02,February
ORD11119,2024-11-20,South,Furniture,Office Chair,155.76,3.0,0.0,Credit Card,44.0,467.28,2024,2024-11,November
ORD13363,2025-09-28,East,Clothing,Jeans,128.66,3.0,10.0,Cash,35.0,347.382,2025,2025-09,September
ORD12792,2025-02-14,East,Clothing,Jeans,34.87,6.0,10.0,Cash,65.0,188.29799999999997,2025,2025-02,February
ORD14379,2025-10-29,West,Clothing,Cap,21.59,7.0,0.0,Debit Card,27.0,151.13,2025,2025-10,October
ORD11974,2025-04-22,West,Clothing,T-Shirt,267.94,3.0,0.0,Cash,26.0,803.8199999999999,2025,2025-04,April
ORD10633,2024-02-02,South,Toys,Puzzle,78.82,6.0,0.0,Cash,26.0,472.91999999999996,2024,2024-02,February
ORD10046,2024-02-27,North,Groceries,Pasta,458.03,2.0,0.0,Debit Card,65.0,916.06,2024,2024-02,February
ORD14569,2024-07-02,South,Toys,Action Figure,213.31,4.0,20.0,Credit Card,53.0,682.5920000000001,2024,2024-07,July
ORD14392,2025-06-28,East,Furniture,Bookshelf,39.35,3.0,0.0,Online Wallet,68.0,118.05000000000001,2025,2025-06,June
ORD10868,2024-10-04,East,Furniture,Sofa,449.84,7.0,0.0,Credit Card,30.0,3148.8799999999997,2024,2024-10,October
ORD11320,2025-11-21,North,Clothing,T-Shirt,341.51,4.0,0.0,Online Wallet,29.0,1366.04,2025,2025-11,November
ORD11543,2024-01-30,North,Groceries,Cereal,383.3,3.0,0.0,Cash,47.0,1149.9,2024,2024-01,January
ORD14129,2025-09-28,West,Clothing,T-Shirt,163.3,6.0,0.0,Cash,46.0,979.8000000000001,2025,2025-09,September
ORD13559,2024-11-12,West,Clothing,Jacket,39.43,8.0,0.0,Debit Card,59.0,315.44,2024,2024-11,November
ORD12503,2025-09-23,North,Furniture,Sofa,72.77,4.0,0.0,Debit Card,52.0,291.08,2025,2025-09,September
ORD13567,2024-07-18,South,Groceries,Cereal,22.84,8.0,0.0,Online Wallet,22.0,182.72,2024,2024-07,July
ORD13058,2024-07-14,South,Electronics,Smartphone,49.34,1.0,0.0,Credit Card,44.0,49.34,2024,2024-07,July
ORD10860,2025-07-09,South,Groceries,Juice,437.4,2.0,0.0,Credit Card,44.0,874.8,2025,2025-07,July
ORD14105,2024-06-11,West,Toys,Rc Car,408.23,8.0,5.0,Debit Card,24.0,3102.548,2024,2024-06,June
ORD12138,2024-07-25,East,Groceries,Cereal,418.34,2.0,0.0,Credit Card,46.0,836.68,2024,2024-07,July
ORD11984,2024-02-25,South,Clothing,Jacket,60.21,2.0,5.0,Debit Card,58.0,114.399,2024,2024-02,February
ORD12310,2024-08-27,West,Toys,Action Figure,315.75,7.0,0.0,Cash,49.0,2210.25,2024,2024-08,August
ORD12759,2024-06-22,West,Furniture,Bookshelf,441.66,9.0,0.0,Credit Card,68.0,3974.94,2024,2024-06,June
ORD12531,2024-07-23,North,Groceries,Snacks,187.18,1.0,0.0,Debit Card,61.0,187.18,2024,2024-07,July
ORD10848,2025-01-23,East,Toys,Lego Set,382.25,1.0,20.0,Debit Card,26.0,305.8,2025,2025-01,January
ORD11243,2024-03-22,West,Electronics,Headphones,338.39,8.0,0.0,Cash,30.0,2707.12,2024,2024-03,March
ORD14174,2025-05-27,South,Furniture,Desk,345.74,1.0,0.0,Cash,19.0,345.74,2025,2025-05,May
ORD13045,2025-10-17,South,Groceries,Juice,95.26,1.0,0.0,Cash,32.0,95.26,2025,2025-10,October
ORD11180,2024-01-21,West,Furniture,Desk,107.07,7.0,10.0,Online Wallet,27.0,674.541,2024,2024-01,January
ORD13460,2025-05-26,North,Clothing,Sneakers,229.39,5.0,0.0,Credit Card,49.0,1146.9499999999998,2025,2025-05,May
ORD12371,2024-03-30,North,Furniture,Sofa,307.13,3.0,0.0,Debit Card,58.0,921.39,2024,2024-03,March
ORD10002,2024-10-03,West,Groceries,Snacks,310.65,6.0,0.0,Credit Card,66.0,1863.8999999999999,2024,2024-10,October
ORD14964,2025-05-07,West,Clothing,Jacket,308.93,5.0,0.0,Debit Card,44.0,1544.65,2025,2025-05,May
ORD11755,2024-03-24,North,Furniture,Office Chair,236.6,9.0,0.0,Cash,25.0,2129.4,2024,2024-03,March
ORD14011,2024-01-11,West,Furniture,Desk,168.05,4.0,0.0,Debit Card,29.0,672.2,2024,2024-01,January
ORD11048,2024-08-05,South,Groceries,Cereal,243.59,6.0,0.0,Debit Card,67.0,1461.54,2024,2024-08,August
ORD11418,2024-11-28,East,Clothing,Cap,326.52,6.0,0.0,Online Wallet,19.0,1959.12,2024,2024-11,November
ORD14820,2025-02-11,North,Toys,Action Figure,180.43,8.0,0.0,Online Wallet,67.0,1443.44,2025,2025-02,February
ORD10862,2024-01-26,West,Clothing,Jacket,220.47,3.0,0.0,Debit Card,46.0,661.41,2024,2024-01,January
ORD13863,2025-01-17,North,Groceries,Cereal,284.62,9.0,0.0,Debit Card,23.0,2561.58,2025,2025-01,January
ORD12551,2025-09-11,North,Furniture,Office Chair,39.81,3.0,15.0,Debit Card,34.0,101.5155,2025,2025-09,September
ORD12431,2024-12-20,North,Furniture,Office Chair,288.42,9.0,0.0,Cash,69.0,2595.78,2024,2024-12,December
ORD13797,2025-01-21,North,Clothing,Jeans,418.99,5.0,0.0,Online Wallet,43.0,2094.95,2025,2025-01,January
ORD10310,2024-02-09,South,Clothing,Jacket,255.99,1.0,0.0,Online Wallet,54.0,255.99,2024,2024-02,February
ORD11618,2025-07-30,East,Clothing,Sneakers,6.22,6.0,0.0,Debit Card,39.0,37.32,2025,2025-07,July
ORD11092,2025-08-08,East,Electronics,Tablet,333.55,8.0,5.0,Credit Card,52.0,2534.98,2025,2025-08,August
ORD11940,2025-12-28,South,Groceries,Juice,484.84,8.0,0.0,Cash,40.0,3878.72,2025,2025-12,December
ORD13825,2024-08-29,East,Toys,Lego Set,33.48,7.0,0.0,Cash,22.0,234.35999999999999,2024,2024-08,August
ORD11229,2025-07-06,East,Groceries,Cereal,267.78,6.0,0.0,Credit Card,41.0,1606.6799999999998,2025,2025-07,July
ORD14818,2024-03-26,South,Toys,Action Figure,18.48,1.0,0.0,Credit Card,37.0,18.48,2024,2024-03,March
ORD11733,2024-03-30,East,Toys,Rc Car,124.91,7.0,10.0,Cash,47.0,786.933,2024,2024-03,March
ORD13750,2025-06-28,North,Furniture,Bookshelf,47.57,7.0,0.0,Cash,38.0,332.99,2025,2025-06,June
ORD13063,2024-09-28,East,Toys,Puzzle,150.12,9.0,15.0,Credit Card,47.0,1148.418,2024,2024-09,September
ORD12622,2025-08-20,North,Furniture,Bed Frame,14.18,4.0,15.0,Debit Card,37.0,48.211999999999996,2025,2025-08,August
ORD12834,2025-12-20,North,Electronics,Smartphone,244.71,3.0,0.0,Online Wallet,47.0,734.13,2025,2025-12,December
ORD12405,2024-09-13,East,Clothing,Cap,300.5,9.0,0.0,Debit Card,26.0,2704.5,2024,2024-09,September
ORD13009,2024-10-12,West,Clothing,T-Shirt,147.89,5.0,0.0,Online Wallet,51.0,739.4499999999999,2024,2024-10,October
ORD14122,2025-01-29,South,Clothing,T-Shirt,402.37,4.0,10.0,Credit Card,31.0,1448.5320000000002,2025,2025-01,January
ORD10762,2025-11-24,North,Electronics,Tablet,312.49,3.0,0.0,Debit Card,51.0,937.47,2025,2025-11,November
ORD13890,2025-06-14,East,Furniture,Desk,392.57,8.0,0.0,Credit Card,21.0,3140.56,2025,2025-06,June
ORD14481,2024-10-08,East,Toys,Puzzle,300.57,4.0,0.0,Credit Card,39.0,1202.28,2024,2024-10,October
ORD10966,2024-02-25,South,Groceries,Coffee,441.22,5.0,20.0,Debit Card,33.0,1764.8800000000003,2024,2024-02,February
ORD13314,2024-08-09,South,Groceries,Cereal,5.25,1.0,0.0,Credit Card,43.0,5.25,2024,2024-08,August
ORD13441,2025-02-09,South,Groceries,Cereal,20.24,3.0,15.0,Credit Card,56.0,51.611999999999995,2025,2025-02,February
ORD10682,2024-01-21,West,Clothing,Jeans,342.91,7.0,5.0,Online Wallet,68.0,2280.3515,2024,2024-01,January
ORD12546,2025-10-18,South,Toys,Puzzle,321.12,8.0,0.0,Online Wallet,42.0,2568.96,2025,2025-10,October
ORD10991,2024-07-19,East,Electronics,Smartphone,287.24,9.0,10.0,Debit Card,18.0,2326.644,2024,2024-07,July
ORD10914,2025-03-31,North,Furniture,Bed Frame,125.55,4.0,5.0,Credit Card,51.0,477.09,2025,2025-03,March
ORD14272,2025-12-23,West,Toys,Lego Set,68.57,8.0,0.0,Online Wallet,39.0,548.56,2025,2025-12,December
ORD10185,2024-04-11,North,Clothing,Cap,454.37,6.0,5.0,Credit Card,34.0,2589.909,2024,2024-04,April
ORD10922,2024-08-08,East,Groceries,Cereal,470.74,2.0,15.0,Debit Card,44.0,800.258,2024,2024-08,August
ORD14170,2024-07-18,West,Toys,Action Figure,389.08,9.0,0.0,Online Wallet,34.0,3501.72,2024,2024-07,July
ORD13556,2024-10-14,South,Clothing,T-Shirt,458.14,1.0,0.0,Credit Card,62.0,458.14,2024,2024-10,October
ORD11619,2024-06-14,West,Groceries,Juice,289.34,4.0,0.0,Credit Card,58.0,1157.36,2024,2024-06,June
ORD11830,2024-02-19,West,Clothing,Cap,436.84,7.0,0.0,Debit Card,64.0,3057.8799999999997,2024,2024-02,February
ORD12484,2024-08-06,East,Furniture,Bed Frame,413.8,7.0,0.0,Cash,31.0,2896.6,2024,2024-08,August
ORD13148,2024-06-25,North,Electronics,Tablet,447.84,5.0,10.0,Debit Card,38.0,2015.28,2024,2024-06,June
ORD10740,2024-12-29,South,Furniture,Sofa,50.89,2.0,0.0,Debit Card,34.0,101.78,2024,2024-12,December
ORD14495,2024-02-13,South,Furniture,Sofa,274.87,3.0,0.0,Cash,56.0,824.61,2024,2024-02,February
ORD10971,2024-07-20,South,Electronics,Headphones,132.9,6.0,10.0,Online Wallet,60.0,717.6600000000001,2024,2024-07,July
ORD12564,2024-09-26,South,Electronics,Headphones,282.8,2.0,0.0,Debit Card,24.0,565.6,2024,2024-09,September
ORD13962,2024-04-01,East,Clothing,Sneakers,424.69,1.0,0.0,Credit Card,36.0,424.69,2024,2024-04,April
ORD11116,2025-05-10,North,Clothing,Sneakers,188.7,6.0,0.0,Credit Card,44.0,1132.1999999999998,2025,2025-05,May
ORD10156,2024-10-19,South,Furniture,Sofa,25.84,1.0,15.0,Cash,26.0,21.964,2024,2024-10,October
ORD12467,2024-08-28,East,Electronics,Headphones,229.89,1.0,10.0,Credit Card,44.0,206.90099999999998,2024,2024-08,August
ORD13860,2025-09-04,North,Toys,Board Game,414.31,7.0,0.0,Debit Card,60.0,2900.17,2025,2025-09,September
ORD10831,2025-10-08,South,Toys,Rc Car,346.26,9.0,0.0,Debit Card,19.0,3116.34,2025,2025-10,October
ORD12825,2025-06-01,East,Furniture,Sofa,85.05,1.0,0.0,Online Wallet,50.0,85.05,2025,2025-06,June
ORD10502,2025-05-29,East,Clothing,Jeans,314.18,5.0,0.0,Cash,42.0,1570.9,2025,2025-05,May
ORD10989,2025-07-31,North,Toys,Rc Car,404.59,4.0,0.0,Cash,27.0,1618.36,2025,2025-07,July
ORD13937,2025-09-26,West,Groceries,Snacks,154.45,9.0,15.0,Debit Card,41.0,1181.5425,2025,2025-09,September
ORD10923,2024-08-23,South,Electronics,Smartphone,328.1,5.0,0.0,Credit Card,64.0,1640.5,2024,2024-08,August
ORD12044,2024-03-30,North,Electronics,Tablet,22.32,1.0,0.0,Cash,44.0,22.32,2024,2024-03,March
ORD11980,2025-02-26,North,Furniture,Bed Frame,431.37,4.0,0.0,Online Wallet,36.0,1725.48,2025,2025-02,February
ORD10249,2025-06-20,West,Toys,Action Figure,120.11,4.0,0.0,Online Wallet,23.0,480.44,2025,2025-06,June
ORD13911,2024-11-28,South,Furniture,Sofa,336.11,3.0,15.0,Cash,68.0,857.0805,2024,2024-11,November
ORD12683,2024-11-01,East,Furniture,Office Chair,110.66,8.0,0.0,Debit Card,42.0,885.28,2024,2024-11,November
ORD11346,2024-08-16,North,Groceries,Cereal,302.67,5.0,0.0,Cash,65.0,1513.3500000000001,2024,2024-08,August
ORD14866,2024-11-16,West,Groceries,Pasta,459.41,3.0,15.0,Credit Card,46.0,1171.4955,2024,2024-11,November
ORD14367,2024-09-30,East,Clothing,Jacket,457.74,9.0,5.0,Credit Card,31.0,3913.6769999999997,2024,2024-09,September
ORD13653,2024-01-30,West,Electronics,Smartphone,436.24,6.0,0.0,Debit Card,42.0,2617.44,2024,2024-01,January
ORD10355,2025-07-10,East,Clothing,Jacket,195.18,6.0,0.0,Cash,59.0,1171.08,2025,2025-07,July
ORD10744,2024-04-21,West,Furniture,Bed Frame,96.96,6.0,5.0,Debit Card,38.0,552.6719999999999,2024,2024-04,April
ORD10844,2024-03-06,South,Electronics,Smartphone,340.18,7.0,0.0,Credit Card,43.0,2381.26,2024,2024-03,March
ORD10723,2025-08-08,West,Furniture,Bed Frame,269.61,2.0,5.0,Online Wallet,54.0,512.259,2025,2025-08,August
ORD11976,2024-05-07,East,Furniture,Bed Frame,352.88,8.0,0.0,Online Wallet,21.0,2823.04,2024,2024-05,May
ORD12955,2024-09-08,North,Clothing,Jacket,232.11,5.0,0.0,Debit Card,59.0,1160.5500000000002,2024,2024-09,September
ORD12214,2024-02-27,West,Furniture,Bookshelf,306.71,1.0,0.0,Debit Card,52.0,306.71,2024,2024-02,February
ORD13648,2024-12-27,South,Furniture,Office Chair,241.67,4.0,10.0,Online Wallet,56.0,870.012,2024,2024-12,December
ORD13870,2024-03-18,South,Clothing,T-Shirt,467.3,3.0,5.0,Cash,64.0,1331.805,2024,2024-03,March
ORD13292,2024-05-12,West,Electronics,Laptop,15.86,5.0,0.0,Cash,63.0,79.3,2024,2024-05,May
ORD14691,2025-08-15,South,Clothing,T-Shirt,309.87,9.0,0.0,Debit Card,34.0,2788.83,2025,2025-08,August
ORD11258,2025-12-08,East,Groceries,Snacks,387.16,9.0,0.0,Cash,26.0,3484.44,2025,2025-12,December
ORD12988,2025-04-09,South,Toys,Lego Set,237.53,6.0,0.0,Online Wallet,44.0,1425.18,2025,2025-04,April
ORD10085,2024-02-22,South,Toys,Action Figure,176.97,3.0,0.0,Cash,33.0,530.91,2024,2024-02,February
ORD11867,2024-08-21,South,Toys,Action Figure,462.59,7.0,0.0,Online Wallet,43.0,3238.1299999999997,2024,2024-08,August
ORD11315,2025-08-02,North,Furniture,Bed Frame,18.17,6.0,10.0,Debit Card,59.0,98.11800000000001,2025,2025-08,August
ORD13898,2024-04-05,West,Groceries,Juice,51.81,6.0,0.0,Cash,49.0,310.86,2024,2024-04,April
ORD10962,2024-04-01,South,Clothing,Jeans,376.38,1.0,0.0,Online Wallet,18.0,376.38,2024,2024-04,April
ORD10265,2025-03-11,East,Furniture,Sofa,388.45,7.0,5.0,Cash,60.0,2583.1925,2025,2025-03,March
ORD12428,2025-03-19,East,Electronics,Smartwatch,403.61,5.0,0.0,Online Wallet,33.0,2018.0500000000002,2025,2025-03,March
ORD14116,2025-08-12,South,Electronics,Smartphone,88.8,8.0,5.0,Debit Card,44.0,674.88,2025,2025-08,August
ORD13086,2024-06-01,South,Groceries,Juice,292.19,4.0,20.0,Credit Card,57.0,935.008,2024,2024-06,June
ORD13139,2024-07-04,East,Electronics,Smartwatch,84.3,6.0,20.0,Credit Card,63.0,404.64,2024,2024-07,July
ORD12069,2025-02-09,North,Electronics,Smartwatch,19.26,1.0,0.0,Credit Card,25.0,19.26,2025,2025-02,February
ORD11800,2025-10-20,East,Furniture,Office Chair,477.41,5.0,15.0,Online Wallet,47.0,2028.9925,2025,2025-10,October
ORD12235,2024-10-01,South,Clothing,Sneakers,207.64,4.0,0.0,Cash,28.0,830.56,2024,2024-10,October
ORD13543,2024-04-05,West,Clothing,Jacket,20.6,2.0,0.0,Online Wallet,65.0,41.2,2024,2024-04,April
ORD13062,2024-03-11,West,Groceries,Juice,126.53,6.0,10.0,Credit Card,62.0,683.2620000000001,2024,2024-03,March
ORD12212,2025-10-12,South,Groceries,Coffee,383.89,2.0,0.0,Online Wallet,63.0,767.78,2025,2025-10,October
ORD14987,2025-07-22,South,Electronics,Headphones,293.08,3.0,0.0,Credit Card,21.0,879.24,2025,2025-07,July
ORD14266,2024-03-30,West,Groceries,Coffee,464.34,9.0,10.0,Online Wallet,44.0,3761.1539999999995,2024,2024-03,March
ORD14803,2024-09-28,North,Electronics,Laptop,37.06,8.0,0.0,Online Wallet,44.0,296.48,2024,2024-09,September
ORD11985,2024-11-11,West,Clothing,Cap,380.7,8.0,0.0,Credit Card,38.0,3045.6,2024,2024-11,November
ORD11371,2024-05-08,West,Clothing,Jacket,165.71,6.0,10.0,Online Wallet,28.0,894.8340000000001,2024,2024-05,May
ORD12122,2024-02-06,East,Furniture,Sofa,205.59,5.0,5.0,Credit Card,63.0,976.5525,2024,2024-02,February
ORD13907,2024-02-05,North,Electronics,Headphones,32.02,4.0,0.0,Online Wallet,23.0,128.08,2024,2024-02,February
ORD14892,2024-01-30,North,Electronics,Tablet,132.47,5.0,20.0,Debit Card,68.0,529.88,2024,2024-01,January
ORD12057,2025-02-24,East,Groceries,Coffee,14.55,8.0,0.0,Online Wallet,62.0,116.4,2025,2025-02,February
ORD14890,2025-04-30,South,Clothing,Jeans,94.46,6.0,0.0,Credit Card,62.0,566.76,2025,2025-04,April
ORD13947,2024-01-16,East,Clothing,Sneakers,152.9,7.0,10.0,Debit Card,58.0,963.27,2024,2024-01,January
ORD12058,2024-10-04,East,Electronics,Headphones,424.37,5.0,10.0,Credit Card,67.0,1909.665,2024,2024-10,October
ORD13711,2025-09-03,North,Clothing,Sneakers,245.77,1.0,15.0,Debit Card,54.0,208.9045,2025,2025-09,September
ORD12904,2024-02-07,West,Electronics,Smartwatch,337.86,2.0,0.0,Debit Card,21.0,675.72,2024,2024-02,February
ORD13838,2025-05-09,West,Groceries,Pasta,226.32,1.0,0.0,Online Wallet,39.0,226.32,2025,2025-05,May
ORD14573,2025-04-22,East,Groceries,Cereal,73.44,7.0,0.0,Credit Card,39.0,514.0799999999999,2025,2025-04,April
ORD10284,2025-05-14,East,Toys,Action Figure,282.53,8.0,0.0,Debit Card,36.0,2260.24,2025,2025-05,May
ORD10095,2025-01-03,East,Groceries,Snacks,284.41,9.0,0.0,Online Wallet,43.0,2559.69,2025,2025-01,January
ORD14868,2024-06-23,North,Electronics,Headphones,381.36,1.0,5.0,Cash,44.0,362.292,2024,2024-06,June
ORD12664,2025-10-02,West,Electronics,Laptop,92.84,7.0,0.0,Online Wallet,48.0,649.88,2025,2025-10,October
ORD13955,2025-10-20,West,Clothing,Cap,70.49,3.0,5.0,Debit Card,41.0,200.89649999999997,2025,2025-10,October
ORD13442,2024-09-17,East,Groceries,Cereal,181.67,1.0,0.0,Debit Card,46.0,181.67,2024,2024-09,September
ORD14338,2024-12-27,East,Electronics,Smartphone,192.43,6.0,0.0,Cash,33.0,1154.58,2024,2024-12,December
ORD12649,2024-01-13,West,Clothing,T-Shirt,197.68,5.0,20.0,Online Wallet,44.0,790.7200000000001,2024,2024-01,January
ORD12521,2024-04-05,East,Furniture,Bed Frame,406.28,1.0,5.0,Cash,33.0,385.96599999999995,2024,2024-04,April
ORD13613,2024-12-07,North,Electronics,Headphones,310.12,2.0,0.0,Credit Card,57.0,620.24,2024,2024-12,December
ORD14022,2025-11-27,South,Toys,Board Game,377.35,4.0,10.0,Cash,30.0,1358.46,2025,2025-11,November
ORD12003,2024-10-21,East,Electronics,Smartphone,258.58,5.0,0.0,Debit Card,41.0,1292.8999999999999,2024,2024-10,October
ORD12153,2024-07-11,North,Electronics,Smartwatch,197.21,4.0,0.0,Debit Card,61.0,788.84,2024,2024-07,July
ORD13764,2025-09-12,East,Toys,Board Game,287.43,8.0,0.0,Online Wallet,63.0,2299.44,2025,2025-09,September
ORD13932,2025-09-20,East,Furniture,Office Chair,66.58,6.0,5.0,Cash,35.0,379.506,2025,2025-09,September
ORD14371,2024-10-14,East,Groceries,Juice,481.62,1.0,20.0,Cash,31.0,385.29600000000005,2024,2024-10,October
ORD14151,2025-08-02,North,Groceries,Juice,301.45,7.0,0.0,Credit Card,39.0,2110.15,2025,2025-08,August
ORD10043,2024-07-14,East,Groceries,Pasta,421.8,4.0,0.0,Cash,57.0,1687.2,2024,2024-07,July
ORD13956,2025-05-30,North,Toys,Rc Car,380.3,8.0,0.0,Online Wallet,42.0,3042.4,2025,2025-05,May
ORD12802,2024-03-08,North,Toys,Puzzle,225.41,3.0,0.0,Online Wallet,25.0,676.23,2024,2024-03,March
ORD13089,2024-12-24,North,Clothing,Jeans,156.19,9.0,0.0,Cash,52.0,1405.71,2024,2024-12,December
ORD14927,2024-07-01,North,Groceries,Pasta,216.77,5.0,0.0,Online Wallet,39.0,1083.8500000000001,2024,2024-07,July
ORD14333,2025-06-02,North,Toys,Rc Car,461.47,5.0,0.0,Credit Card,44.0,2307.3500000000004,2025,2025-06,June
ORD11809,2024-05-06,West,Groceries,Juice,43.52,2.0,10.0,Credit Card,58.0,78.33600000000001,2024,2024-05,May
ORD11003,2024-02-12,South,Groceries,Snacks,386.26,6.0,0.0,Debit Card,47.0,2317.56,2024,2024-02,February
ORD13859,2025-05-06,West,Toys,Rc Car,474.77,7.0,0.0,Online Wallet,44.0,3323.39,2025,2025-05,May
ORD12393,2024-06-11,South,Furniture,Office Chair,479.71,8.0,0.0,Debit Card,37.0,3837.68,2024,2024-06,June
ORD11076,2024-03-28,North,Toys,Action Figure,474.71,6.0,0.0,Debit Card,42.0,2848.2599999999998,2024,2024-03,March
ORD14535,2025-11-14,North,Toys,Puzzle,48.83,8.0,0.0,Cash,41.0,390.64,2025,2025-11,November
ORD13855,2024-05-04,North,Toys,Action Figure,183.98,5.0,0.0,Online Wallet,18.0,919.9,2024,2024-05,May
ORD13412,2025-10-27,East,Groceries,Coffee,432.38,4.0,0.0,Online Wallet,36.0,1729.52,2025,2025-10,October
ORD14357,2025-12-01,East,Clothing,Jacket,279.72,8.0,0.0,Online Wallet,42.0,2237.76,2025,2025-12,December
ORD10300,2025-08-20,East,Furniture,Office Chair,282.81,1.0,20.0,Credit Card,51.0,226.24800000000002,2025,2025-08,August
ORD12898,2024-03-21,South,Clothing,T-Shirt,325.56,8.0,10.0,Cash,48.0,2344.032,2024,2024-03,March
ORD12507,2024-03-20,East,Groceries,Juice,386.23,8.0,0.0,Cash,65.0,3089.84,2024,2024-03,March
ORD10942,2025-09-03,North,Toys,Rc Car,28.65,7.0,0.0,Credit Card,56.0,200.54999999999998,2025,2025-09,September
ORD14428,2024-07-22,East,Furniture,Bed Frame,490.29,6.0,0.0,Online Wallet,21.0,2941.7400000000002,2024,2024-07,July
ORD12370,2025-04-25,East,Groceries,Snacks,356.5,1.0,0.0,Cash,24.0,356.5,2025,2025-04,April
ORD11259,2024-02-12,West,Toys,Puzzle,273.31,4.0,10.0,Cash,58.0,983.916,2024,2024-02,February
ORD14431,2024-03-15,South,Electronics,Tablet,268.21,6.0,0.0,Credit Card,50.0,1609.2599999999998,2024,2024-03,March
ORD12522,2025-12-26,East,Clothing,Cap,205.1,2.0,20.0,Credit Card,47.0,328.16,2025,2025-12,December
ORD13156,2025-04-29,South,Toys,Puzzle,24.33,1.0,0.0,Debit Card,52.0,24.33,2025,2025-04,April
ORD14101,2025-07-14,East,Furniture,Bookshelf,144.17,3.0,10.0,Online Wallet,61.0,389.259,2025,2025-07,July
ORD10841,2024-07-06,North,Groceries,Pasta,98.21,6.0,0.0,Cash,42.0,589.26,2024,2024-07,July
ORD10326,2025-01-09,West,Electronics,Laptop,268.67,3.0,10.0,Debit Card,55.0,725.409,2025,2025-01,January
ORD12436,2025-09-04,West,Groceries,Juice,130.42,1.0,0.0,Cash,32.0,130.42,2025,2025-09,September
ORD13208,2025-08-19,East,Clothing,Jacket,476.01,7.0,0.0,Online Wallet,37.0,3332.0699999999997,2025,2025-08,August
ORD14736,2025-05-01,North,Furniture,Desk,278.38,6.0,0.0,Credit Card,38.0,1670.28,2025,2025-05,May
ORD11464,2025-01-08,East,Groceries,Coffee,281.32,7.0,0.0,Debit Card,34.0,1969.24,2025,2025-01,January
ORD13131,2024-06-17,North,Groceries,Coffee,420.86,9.0,0.0,Cash,44.0,3787.7400000000002,2024,2024-06,June
ORD12571,2024-05-16,East,Groceries,Coffee,391.55,3.0,10.0,Credit Card,50.0,1057.1850000000002,2024,2024-05,May
ORD13103,2025-06-26,West,Groceries,Coffee,261.8,9.0,0.0,Debit Card,48.0,2356.2000000000003,2025,2025-06,June
ORD13333,2024-11-24,North,Toys,Rc Car,130.9,6.0,0.0,Cash,37.0,785.4000000000001,2024,2024-11,November
ORD10603,2024-01-22,West,Groceries,Pasta,265.11,4.0,0.0,Online Wallet,50.0,1060.44,2024,2024-01,January
ORD10865,2024-01-18,East,Clothing,T-Shirt,106.11,7.0,0.0,Online Wallet,18.0,742.77,2024,2024-01,January
ORD14042,2024-12-04,South,Groceries,Cereal,354.87,2.0,0.0,Debit Card,42.0,709.74,2024,2024-12,December
ORD14684,2025-01-01,North,Clothing,Jeans,261.35,4.0,0.0,Credit Card,36.0,1045.4,2025,2025-01,January
ORD14624,2025-04-29,East,Toys,Lego Set,400.68,9.0,0.0,Debit Card,44.0,3606.12,2025,2025-04,April
ORD13367,2025-04-07,South,Toys,Board Game,477.47,3.0,0.0,Credit Card,34.0,1432.41,2025,2025-04,April
ORD11280,2024-04-11,South,Electronics,Smartphone,122.44,6.0,5.0,Credit Card,44.0,697.9079999999999,2024,2024-04,April
ORD10830,2025-05-25,North,Electronics,Headphones,497.41,3.0,0.0,Online Wallet,45.0,1492.23,2025,2025-05,May
ORD13149,2024-05-05,West,Electronics,Laptop,336.53,6.0,5.0,Debit Card,61.0,1918.2209999999998,2024,2024-05,May
ORD13799,2025-02-06,East,Toys,Action Figure,333.79,7.0,20.0,Cash,45.0,1869.2240000000002,2025,2025-02,February
ORD11904,2025-07-20,South,Furniture,Desk,155.94,1.0,0.0,Cash,66.0,155.94,2025,2025-07,July
ORD12050,2024-10-22,East,Clothing,Jeans,396.26,6.0,20.0,Credit Card,29.0,1902.048,2024,2024-10,October
ORD11302,2025-10-18,East,Electronics,Smartwatch,346.46,8.0,0.0,Cash,45.0,2771.68,2025,2025-10,October
ORD10328,2024-11-29,East,Clothing,Cap,372.88,4.0,0.0,Online Wallet,25.0,1491.52,2024,2024-11,November
ORD12493,2025-01-24,East,Electronics,Smartphone,488.77,9.0,0.0,Cash,44.0,4398.93,2025,2025-01,January
ORD13557,2025-08-31,East,Furniture,Desk,84.47,8.0,10.0,Debit Card,51.0,608.184,2025,2025-08,August
ORD14025,2024-03-27,East,Groceries,Coffee,77.42,2.0,10.0,Online Wallet,24.0,139.356,2024,2024-03,March
ORD10479,2024-09-07,North,Electronics,Laptop,239.76,5.0,0.0,Debit Card,33.0,1198.8,2024,2024-09,September
ORD13629,2025-04-15,East,Toys,Rc Car,95.39,5.0,0.0,Credit Card,36.0,476.95,2025,2025-04,April
ORD11175,2024-07-09,North,Groceries,Snacks,420.29,6.0,0.0,Cash,58.0,2521.7400000000002,2024,2024-07,July
ORD14667,2025-05-15,West,Electronics,Tablet,387.69,4.0,0.0,Debit Card,50.0,1550.76,2025,2025-05,May
ORD12957,2024-08-01,East,Toys,Action Figure,40.65,1.0,20.0,Debit Card,35.0,32.52,2024,2024-08,August
ORD14010,2024-05-24,West,Groceries,Cereal,145.65,3.0,15.0,Credit Card,39.0,371.4075,2024,2024-05,May
ORD10117,2025-01-12,East,Electronics,Tablet,39.12,3.0,5.0,Online Wallet,58.0,111.49199999999998,2025,2025-01,January
ORD12862,2024-09-04,North,Clothing,T-Shirt,480.17,4.0,0.0,Credit Card,33.0,1920.68,2024,2024-09,September
ORD10879,2024-03-25,North,Furniture,Bed Frame,476.37,3.0,0.0,Debit Card,41.0,1429.1100000000001,2024,2024-03,March
ORD10466,2024-01-21,West,Electronics,Smartphone,374.65,3.0,10.0,Online Wallet,36.0,1011.5549999999998,2024,2024-01,January
ORD13083,2024-11-26,South,Electronics,Headphones,493.19,8.0,0.0,Debit Card,59.0,3945.52,2024,2024-11,November
ORD11901,2025-11-18,North,Clothing,Jacket,94.72,5.0,10.0,Debit Card,30.0,426.24,2025,2025-11,November
ORD11975,2024-10-23,East,Toys,Action Figure,225.49,9.0,0.0,Credit Card,29.0,2029.41,2024,2024-10,October
ORD10776,2024-01-19,West,Groceries,Juice,238.46,7.0,0.0,Credit Card,21.0,1669.22,2024,2024-01,January
ORD11786,2025-10-09,East,Toys,Action Figure,253.77,5.0,5.0,Online Wallet,34.0,1205.4075,2025,2025-10,October
ORD14886,2025-09-18,North,Furniture,Desk,88.88,8.0,10.0,Cash,57.0,639.936,2025,2025-09,September
ORD10084,2024-05-12,North,Furniture,Bookshelf,399.25,8.0,10.0,Credit Card,37.0,2874.6,2024,2024-05,May
ORD11665,2025-12-04,North,Electronics,Smartphone,205.02,8.0,0.0,Cash,32.0,1640.16,2025,2025-12,December
ORD13487,2025-05-07,East,Clothing,Cap,368.19,5.0,0.0,Cash,56.0,1840.95,2025,2025-05,May
ORD12789,2024-02-11,North,Toys,Lego Set,387.88,3.0,0.0,Online Wallet,61.0,1163.6399999999999,2024,2024-02,February
ORD12143,2024-08-02,East,Electronics,Tablet,289.4,5.0,0.0,Online Wallet,30.0,1447.0,2024,2024-08,August
ORD12199,2024-03-15,North,Electronics,Laptop,319.37,1.0,0.0,Cash,46.0,319.37,2024,2024-03,March
ORD10511,2025-03-13,North,Furniture,Bed Frame,293.68,8.0,0.0,Cash,39.0,2349.44,2025,2025-03,March
ORD13209,2024-07-22,South,Toys,Rc Car,25.53,7.0,0.0,Credit Card,58.0,178.71,2024,2024-07,July
ORD10731,2024-10-27,North,Electronics,Smartphone,193.34,3.0,20.0,Credit Card,43.0,464.016,2024,2024-10,October
ORD12220,2024-11-19,East,Clothing,Cap,435.24,9.0,5.0,Credit Card,48.0,3721.3019999999997,2024,2024-11,November
ORD12783,2024-09-04,South,Groceries,Cereal,278.61,2.0,0.0,Credit Card,52.0,557.22,2024,2024-09,September
ORD12002,2025-05-12,South,Electronics,Laptop,486.27,9.0,10.0,Debit Card,28.0,3938.7870000000003,2025,2025-05,May
ORD14949,2024-03-06,North,Toys,Lego Set,402.22,8.0,0.0,Cash,51.0,3217.76,2024,2024-03,March
ORD13666,2025-01-19,West,Toys,Board Game,148.9,4.0,5.0,Debit Card,29.0,565.82,2025,2025-01,January
ORD14649,2025-09-25,East,Clothing,Sneakers,185.68,5.0,0.0,Credit Card,31.0,928.4000000000001,2025,2025-09,September
ORD11633,2024-01-06,South,Clothing,Jeans,283.78,4.0,0.0,Debit Card,48.0,1135.12,2024,2024-01,January
ORD12757,2025-03-08,South,Electronics,Headphones,439.45,1.0,0.0,Online Wallet,63.0,439.45,2025,2025-03,March
ORD12859,2025-03-25,North,Toys,Action Figure,276.65,1.0,20.0,Cash,51.0,221.32,2025,2025-03,March
ORD11184,2025-03-31,North,Toys,Board Game,356.94,6.0,0.0,Credit Card,49.0,2141.64,2025,2025-03,March
ORD13122,2025-05-23,West,Toys,Board Game,413.54,5.0,10.0,Online Wallet,31.0,1860.9300000000003,2025,2025-05,May
ORD13184,2024-03-18,South,Electronics,Tablet,384.24,3.0,0.0,Debit Card,18.0,1152.72,2024,2024-03,March
ORD12055,2024-10-28,East,Groceries,Pasta,264.37,5.0,0.0,Debit Card,46.0,1321.85,2024,2024-10,October
ORD14334,2024-12-07,West,Toys,Board Game,436.34,2.0,5.0,Credit Card,44.0,829.0459999999999,2024,2024-12,December
ORD14083,2024-02-15,West,Furniture,Desk,319.08,7.0,0.0,Debit Card,67.0,2233.56,2024,2024-02,February
ORD10127,2024-06-10,South,Furniture,Bookshelf,207.32,7.0,20.0,Online Wallet,67.0,1160.992,2024,2024-06,June
ORD14832,2024-02-10,East,Electronics,Headphones,254.64,4.0,5.0,Credit Card,64.0,967.632,2024,2024-02,February
ORD11510,2024-09-03,East,Furniture,Bed Frame,437.68,6.0,0.0,Cash,49.0,2626.08,2024,2024-09,September
ORD13199,2025-11-22,North,Electronics,Tablet,126.72,9.0,10.0,Debit Card,19.0,1026.432,2025,2025-11,November
ORD11319,2025-12-20,West,Electronics,Headphones,230.53,3.0,15.0,Debit Card,34.0,587.8515,2025,2025-12,December
ORD12540,2024-01-06,North,Clothing,T-Shirt,373.28,1.0,15.0,Debit Card,34.0,317.28799999999995,2024,2024-01,January
ORD10472,2024-09-03,North,Groceries,Pasta,5.99,2.0,0.0,Online Wallet,35.0,11.98,2024,2024-09,September
ORD10018,2025-09-24,East,Electronics,Headphones,409.92,9.0,0.0,Debit Card,25.0,3689.28,2025,2025-09,September
ORD13952,2025-11-20,North,Furniture,Desk,397.72,5.0,0.0,Online Wallet,21.0,1988.6000000000001,2025,2025-11,November
ORD12956,2024-08-24,East,Clothing,Cap,186.57,2.0,0.0,Credit Card,60.0,373.14,2024,2024-08,August
ORD12042,2025-01-06,East,Toys,Action Figure,449.85,3.0,0.0,Credit Card,46.0,1349.5500000000002,2025,2025-01,January
ORD12137,2024-05-13,North,Furniture,Office Chair,49.4,4.0,0.0,Online Wallet,27.0,197.6,2024,2024-05,May
ORD11025,2024-03-04,South,Groceries,Snacks,35.04,8.0,10.0,Online Wallet,28.0,252.288,2024,2024-03,March
ORD10097,2025-03-21,South,Toys,Lego Set,146.12,8.0,10.0,Cash,20.0,1052.064,2025,2025-03,March
ORD14574,2024-02-17,South,Clothing,T-Shirt,384.91,3.0,0.0,Cash,51.0,1154.73,2024,2024-02,February
ORD13114,2025-03-16,East,Electronics,Smartphone,140.73,6.0,20.0,Debit Card,45.0,675.5039999999999,2025,2025-03,March
ORD13161,2024-10-01,East,Toys,Action Figure,201.5,5.0,0.0,Cash,46.0,1007.5,2024,2024-10,October
ORD10449,2024-05-27,North,Groceries,Cereal,301.53,4.0,0.0,Debit Card,47.0,1206.12,2024,2024-05,May
ORD10550,2025-03-08,North,Clothing,Jeans,412.13,5.0,5.0,Credit Card,69.0,1957.6175,2025,2025-03,March
ORD14372,2025-09-24,North,Furniture,Desk,399.51,7.0,15.0,Debit Card,58.0,2377.0844999999995,2025,2025-09,September
ORD13744,2025-02-06,North,Clothing,Sneakers,407.32,7.0,0.0,Debit Card,64.0,2851.24,2025,2025-02,February
ORD10178,2025-12-07,East,Groceries,Cereal,475.68,8.0,0.0,Credit Card,64.0,3805.44,2025,2025-12,December
ORD13654,2024-03-13,North,Groceries,Pasta,485.6,3.0,15.0,Cash,49.0,1238.2800000000002,2024,2024-03,March
ORD11340,2025-03-05,West,Groceries,Pasta,137.94,1.0,5.0,Cash,67.0,131.04299999999998,2025,2025-03,March
ORD14952,2025-06-24,South,Toys,Puzzle,40.36,1.0,0.0,Cash,28.0,40.36,2025,2025-06,June
ORD13548,2025-07-21,East,Clothing,Jacket,274.7,3.0,0.0,Debit Card,46.0,824.0999999999999,2025,2025-07,July
ORD13520,2024-08-04,West,Clothing,Sneakers,107.91,8.0,0.0,Credit Card,57.0,863.28,2024,2024-08,August
ORD11591,2025-06-09,North,Furniture,Bed Frame,314.8,8.0,0.0,Credit Card,28.0,2518.4,2025,2025-06,June
ORD11516,2024-05-13,South,Electronics,Smartphone,391.36,7.0,10.0,Debit Card,47.0,2465.568,2024,2024-05,May
ORD10741,2025-05-30,South,Electronics,Laptop,91.42,2.0,0.0,Debit Card,44.0,182.84,2025,2025-05,May
ORD14726,2025-05-12,West,Electronics,Tablet,301.04,7.0,0.0,Credit Card,47.0,2107.28,2025,2025-05,May
ORD10483,2024-10-18,West,Groceries,Coffee,424.72,4.0,0.0,Credit Card,35.0,1698.88,2024,2024-10,October
ORD14901,2024-07-14,East,Electronics,Smartphone,69.01,3.0,15.0,Credit Card,60.0,175.9755,2024,2024-07,July
ORD12810,2024-12-02,South,Clothing,Jacket,452.14,2.0,0.0,Online Wallet,39.0,904.28,2024,2024-12,December
ORD12021,2025-07-07,South,Toys,Board Game,140.15,3.0,0.0,Cash,47.0,420.45000000000005,2025,2025-07,July
ORD11910,2025-02-08,West,Clothing,Sneakers,204.85,9.0,10.0,Debit Card,67.0,1659.2849999999999,2025,2025-02,February
ORD12485,2025-09-27,West,Furniture,Sofa,477.3,9.0,0.0,Credit Card,45.0,4295.7,2025,2025-09,September
ORD10780,2024-11-01,West,Clothing,Jacket,10.2,8.0,10.0,Credit Card,60.0,73.44,2024,2024-11,November
ORD10077,2025-10-06,East,Electronics,Smartwatch,498.34,5.0,0.0,Credit Card,54.0,2491.7,2025,2025-10,October
ORD11889,2024-02-16,West,Groceries,Cereal,317.84,8.0,0.0,Debit Card,48.0,2542.72,2024,2024-02,February
ORD10673,2024-06-27,South,Toys,Rc Car,443.71,9.0,0.0,Online Wallet,61.0,3993.39,2024,2024-06,June
ORD12203,2024-10-17,South,Toys,Board Game,293.39,7.0,0.0,Cash,37.0,2053.73,2024,2024-10,October
ORD10458,2024-12-31,North,Groceries,Coffee,139.05,2.0,0.0,Credit Card,67.0,278.1,2024,2024-12,December
ORD12865,2025-01-21,South,Furniture,Bookshelf,10.32,4.0,0.0,Online Wallet,55.0,41.28,2025,2025-01,January
ORD10752,2025-03-11,East,Toys,Action Figure,496.67,2.0,20.0,Online Wallet,50.0,794.672,2025,2025-03,March
ORD10121,2024-06-27,West,Clothing,T-Shirt,127.87,9.0,0.0,Debit Card,41.0,1150.83,2024,2024-06,June
ORD13637,2024-08-27,North,Electronics,Laptop,24.8,1.0,0.0,Debit Card,31.0,24.8,2024,2024-08,August
ORD10699,2024-07-07,East,Toys,Board Game,256.9,2.0,10.0,Cash,47.0,462.41999999999996,2024,2024-07,July
ORD12924,2024-08-12,North,Toys,Action Figure,299.8,9.0,10.0,Online Wallet,28.0,2428.38,2024,2024-08,August
ORD11492,2025-06-10,North,Toys,Board Game,382.51,8.0,0.0,Debit Card,68.0,3060.08,2025,2025-06,June
ORD12086,2024-02-09,East,Groceries,Snacks,442.14,7.0,10.0,Cash,29.0,2785.482,2024,2024-02,February
ORD13365,2025-10-22,South,Toys,Lego Set,271.64,1.0,0.0,Cash,23.0,271.64,2025,2025-10,October
ORD10031,2025-02-01,North,Electronics,Tablet,166.07,4.0,0.0,Online Wallet,24.0,664.28,2025,2025-02,February
ORD12154,2024-10-27,North,Clothing,Jacket,277.49,2.0,20.0,Credit Card,65.0,443.98400000000004,2024,2024-10,October
ORD12758,2025-10-13,North,Clothing,Cap,336.21,1.0,5.0,Online Wallet,24.0,319.3995,2025,2025-10,October
ORD10069,2024-08-14,West,Groceries,Pasta,349.23,9.0,0.0,Credit Card,66.0,3143.07,2024,2024-08,August
ORD11449,2025-04-09,South,Electronics,Smartphone,412.03,6.0,0.0,Credit Card,65.0,2472.18,2025,2025-04,April
ORD13175,2025-07-14,South,Clothing,Jeans,471.39,9.0,0.0,Online Wallet,67.0,4242.51,2025,2025-07,July
ORD13627,2024-03-20,East,Toys,Action Figure,92.04,4.0,0.0,Credit Card,50.0,368.16,2024,2024-03,March
ORD13877,2025-02-21,West,Electronics,Tablet,368.14,2.0,0.0,Credit Card,27.0,736.28,2025,2025-02,February
ORD14841,2024-03-22,North,Furniture,Office Chair,384.24,5.0,0.0,Debit Card,59.0,1921.2,2024,2024-03,March
ORD13221,2025-11-09,East,Groceries,Cereal,246.3,1.0,0.0,Online Wallet,60.0,246.3,2025,2025-11,November
ORD13146,2024-03-01,West,Groceries,Snacks,375.36,8.0,0.0,Online Wallet,30.0,3002.88,2024,2024-03,March
ORD14501,2025-09-21,East,Furniture,Bookshelf,273.58,9.0,0.0,Credit Card,18.0,2462.22,2025,2025-09,September
ORD12432,2025-05-17,North,Electronics,Smartwatch,214.44,3.0,0.0,Debit Card,58.0,643.3199999999999,2025,2025-05,May
ORD13574,2025-09-21,South,Clothing,Jeans,429.79,7.0,0.0,Debit Card,26.0,3008.53,2025,2025-09,September
ORD13182,2024-08-10,North,Clothing,Sneakers,468.73,4.0,0.0,Online Wallet,38.0,1874.92,2024,2024-08,August
ORD11912,2024-12-11,East,Groceries,Snacks,244.58,3.0,0.0,Online Wallet,23.0,733.74,2024,2024-12,December
ORD10504,2025-10-12,East,Groceries,Cereal,464.92,7.0,0.0,Cash,22.0,3254.44,2025,2025-10,October
ORD10339,2025-01-16,South,Furniture,Bookshelf,142.52,8.0,0.0,Credit Card,34.0,1140.16,2025,2025-01,January
ORD13580,2024-05-01,West,Electronics,Tablet,381.58,8.0,0.0,Cash,45.0,3052.64,2024,2024-05,May
ORD14779,2025-04-08,South,Clothing,Jeans,443.14,7.0,0.0,Credit Card,68.0,3101.98,2025,2025-04,April
ORD10798,2024-05-14,North,Groceries,Coffee,161.24,5.0,5.0,Debit Card,55.0,765.89,2024,2024-05,May
ORD14784,2025-01-31,North,Toys,Board Game,492.85,2.0,0.0,Cash,22.0,985.7,2025,2025-01,January
ORD14903,2024-03-19,West,Clothing,Jacket,369.63,7.0,0.0,Cash,31.0,2587.41,2024,2024-03,March
ORD10061,2024-02-11,North,Electronics,Smartwatch,487.25,5.0,5.0,Credit Card,60.0,2314.4375,2024,2024-02,February
ORD11775,2024-05-02,South,Clothing,Jeans,439.43,6.0,10.0,Credit Card,36.0,2372.922,2024,2024-05,May
ORD12845,2024-07-14,East,Clothing,Cap,214.15,6.0,15.0,Online Wallet,38.0,1092.165,2024,2024-07,July
ORD12460,2025-09-03,North,Clothing,T-Shirt,246.99,9.0,20.0,Online Wallet,65.0,1778.328,2025,2025-09,September
ORD14237,2024-02-25,South,Clothing,Sneakers,31.63,6.0,5.0,Online Wallet,46.0,180.291,2024,2024-02,February
ORD11567,2025-10-19,North,Furniture,Office Chair,157.74,6.0,0.0,Debit Card,19.0,946.44,2025,2025-10,October
ORD14289,2025-03-29,North,Toys,Puzzle,12.48,4.0,0.0,Debit Card,61.0,49.92,2025,2025-03,March
ORD14456,2024-02-28,South,Groceries,Pasta,376.75,6.0,0.0,Online Wallet,18.0,2260.5,2024,2024-02,February
ORD12848,2025-12-03,East,Toys,Puzzle,224.81,9.0,0.0,Cash,22.0,2023.29,2025,2025-12,December
ORD11689,2024-04-19,South,Furniture,Desk,315.71,7.0,10.0,Credit Card,54.0,1988.973,2024,2024-04,April
ORD14153,2025-08-09,North,Clothing,Jacket,289.38,4.0,0.0,Debit Card,32.0,1157.52,2025,2025-08,August
ORD12986,2024-05-16,South,Toys,Lego Set,494.9,4.0,10.0,Debit Card,31.0,1781.6399999999999,2024,2024-05,May
ORD12419,2025-03-13,East,Groceries,Juice,222.36,6.0,0.0,Online Wallet,48.0,1334.16,2025,2025-03,March
ORD14454,2024-02-26,East,Toys,Action Figure,244.23,2.0,0.0,Credit Card,57.0,488.46,2024,2024-02,February
ORD14816,2025-09-13,North,Clothing,Jacket,72.34,4.0,5.0,Debit Card,50.0,274.892,2025,2025-09,September
ORD11568,2025-02-15,North,Clothing,Cap,71.01,4.0,0.0,Debit Card,20.0,284.04,2025,2025-02,February
ORD13965,2025-06-27,North,Clothing,Cap,140.92,1.0,0.0,Cash,69.0,140.92,2025,2025-06,June
ORD12339,2024-04-07,South,Clothing,Jacket,294.19,6.0,0.0,Cash,59.0,1765.1399999999999,2024,2024-04,April
ORD12094,2024-05-16,East,Electronics,Smartwatch,126.39,3.0,0.0,Cash,56.0,379.17,2024,2024-05,May
ORD12041,2025-08-25,North,Toys,Board Game,474.65,1.0,0.0,Credit Card,35.0,474.65,2025,2025-08,August
ORD14373,2025-11-19,South,Groceries,Pasta,388.01,3.0,0.0,Debit Card,66.0,1164.03,2025,2025-11,November
ORD12200,2025-03-11,South,Electronics,Smartphone,441.19,4.0,0.0,Cash,22.0,1764.76,2025,2025-03,March
ORD12272,2025-02-15,West,Clothing,T-Shirt,199.16,3.0,20.0,Debit Card,64.0,477.98400000000004,2025,2025-02,February
ORD10381,2025-04-15,East,Groceries,Pasta,361.72,7.0,0.0,Debit Card,35.0,2532.04,2025,2025-04,April
ORD13864,2025-09-08,North,Clothing,Sneakers,271.74,2.0,0.0,Cash,28.0,543.48,2025,2025-09,September
ORD12412,2025-03-26,West,Furniture,Bookshelf,291.24,3.0,0.0,Debit Card,23.0,873.72,2025,2025-03,March
ORD13912,2025-02-12,South,Toys,Action Figure,115.65,3.0,10.0,Debit Card,46.0,312.25500000000005,2025,2025-02,February
ORD11390,2024-05-31,East,Toys,Action Figure,84.3,9.0,10.0,Cash,40.0,682.8299999999999,2024,2024-05,May
ORD14598,2025-10-02,West,Furniture,Bed Frame,12.37,5.0,10.0,Debit Card,69.0,55.665,2025,2025-10,October
ORD13914,2024-10-28,South,Toys,Puzzle,308.27,4.0,15.0,Cash,47.0,1048.118,2024,2024-10,October
ORD11952,2024-12-19,East,Clothing,Cap,102.8,4.0,0.0,Debit Card,19.0,411.2,2024,2024-12,December
ORD14162,2024-12-21,West,Groceries,Juice,461.14,6.0,0.0,Credit Card,45.0,2766.84,2024,2024-12,December
ORD12915,2024-02-13,South,Furniture,Bed Frame,373.62,8.0,0.0,Credit Card,45.0,2988.96,2024,2024-02,February
ORD12342,2024-02-16,North,Toys,Board Game,258.54,7.0,0.0,Cash,54.0,1809.7800000000002,2024,2024-02,February
ORD14209,2024-01-19,East,Groceries,Cereal,284.74,3.0,15.0,Online Wallet,45.0,726.087,2024,2024-01,January
ORD10245,2025-08-16,South,Electronics,Smartphone,315.84,8.0,0.0,Debit Card,23.0,2526.72,2025,2025-08,August
ORD11439,2024-02-26,East,Groceries,Snacks,60.99,2.0,0.0,Cash,59.0,121.98,2024,2024-02,February
ORD11022,2024-02-12,West,Furniture,Office Chair,226.15,3.0,0.0,Online Wallet,33.0,678.45,2024,2024-02,February
ORD13233,2025-10-28,South,Groceries,Pasta,231.03,7.0,10.0,Cash,65.0,1455.489,2025,2025-10,October
ORD12261,2024-07-12,West,Clothing,Jeans,104.71,8.0,0.0,Credit Card,50.0,837.68,2024,2024-07,July
ORD11062,2024-07-21,East,Electronics,Tablet,58.17,1.0,0.0,Cash,64.0,58.17,2024,2024-07,July
ORD14212,2024-10-26,East,Electronics,Smartphone,358.99,4.0,15.0,Cash,66.0,1220.566,2024,2024-10,October
ORD14343,2024-04-11,East,Electronics,Laptop,421.88,2.0,10.0,Debit Card,54.0,759.384,2024,2024-04,April
ORD10665,2025-04-25,South,Electronics,Headphones,138.05,8.0,0.0,Debit Card,42.0,1104.4,2025,2025-04,April
ORD14748,2024-10-12,North,Electronics,Headphones,445.63,1.0,5.0,Debit Card,42.0,423.3485,2024,2024-10,October
ORD14188,2024-09-24,South,Furniture,Sofa,399.49,8.0,0.0,Cash,23.0,3195.92,2024,2024-09,September
ORD10114,2024-01-11,West,Clothing,Cap,479.74,8.0,0.0,Online Wallet,40.0,3837.92,2024,2024-01,January
ORD13989,2025-02-15,West,Toys,Action Figure,45.45,7.0,0.0,Cash,68.0,318.15000000000003,2025,2025-02,February
ORD12302,2025-03-16,East,Clothing,T-Shirt,271.18,9.0,0.0,Online Wallet,34.0,2440.62,2025,2025-03,March
ORD13250,2024-08-12,South,Clothing,T-Shirt,250.61,2.0,0.0,Credit Card,40.0,501.22,2024,2024-08,August
ORD10118,2025-09-04,South,Clothing,T-Shirt,492.5,4.0,0.0,Credit Card,18.0,1970.0,2025,2025-09,September
ORD11981,2024-03-29,North,Groceries,Pasta,199.87,5.0,0.0,Credit Card,34.0,999.35,2024,2024-03,March
ORD12180,2024-12-17,West,Electronics,Smartwatch,42.36,2.0,0.0,Credit Card,41.0,84.72,2024,2024-12,December
ORD10162,2024-03-29,West,Clothing,Cap,298.51,5.0,0.0,Credit Card,20.0,1492.55,2024,2024-03,March
ORD10263,2025-03-24,West,Clothing,Cap,224.42,8.0,0.0,Credit Card,40.0,1795.36,2025,2025-03,March
ORD14342,2025-11-14,East,Clothing,Cap,136.3,1.0,0.0,Debit Card,57.0,136.3,2025,2025-11,November
ORD10775,2024-05-24,North,Groceries,Pasta,237.36,3.0,0.0,Debit Card,31.0,712.08,2024,2024-05,May
ORD14629,2024-04-02,North,Groceries,Juice,476.98,4.0,0.0,Cash,43.0,1907.92,2024,2024-04,April
ORD14473,2025-06-09,West,Groceries,Snacks,301.71,9.0,20.0,Cash,45.0,2172.312,2025,2025-06,June
ORD13723,2025-08-16,South,Electronics,Tablet,285.39,4.0,15.0,Cash,55.0,970.3259999999999,2025,2025-08,August
ORD14603,2024-08-04,North,Toys,Puzzle,119.19,4.0,0.0,Credit Card,34.0,476.76,2024,2024-08,August
ORD11170,2025-01-01,East,Clothing,Jeans,33.28,3.0,10.0,Online Wallet,19.0,89.85600000000001,2025,2025-01,January
ORD14697,2024-04-03,East,Groceries,Snacks,256.15,2.0,0.0,Credit Card,22.0,512.3,2024,2024-04,April
ORD13011,2024-01-01,South,Toys,Board Game,16.2,7.0,0.0,Debit Card,60.0,113.39999999999999,2024,2024-01,January
ORD13874,2024-08-17,West,Electronics,Smartwatch,304.23,2.0,0.0,Credit Card,51.0,608.46,2024,2024-08,August
ORD11368,2024-11-01,East,Electronics,Laptop,172.17,8.0,0.0,Cash,65.0,1377.36,2024,2024-11,November
ORD10897,2024-07-16,North,Electronics,Headphones,458.95,9.0,0.0,Debit Card,24.0,4130.55,2024,2024-07,July
ORD10928,2024-09-29,East,Furniture,Sofa,444.88,4.0,5.0,Credit Card,26.0,1690.5439999999999,2024,2024-09,September
ORD12548,2024-06-24,South,Groceries,Juice,125.69,5.0,0.0,Cash,44.0,628.45,2024,2024-06,June
ORD10967,2025-06-03,West,Groceries,Pasta,286.62,9.0,0.0,Debit Card,32.0,2579.58,2025,2025-06,June
ORD11106,2024-01-12,South,Furniture,Sofa,375.44,9.0,0.0,Cash,43.0,3378.96,2024,2024-01,January
ORD14680,2025-09-01,West,Electronics,Tablet,310.19,3.0,0.0,Online Wallet,61.0,930.5699999999999,2025,2025-09,September
ORD14336,2025-11-23,East,Furniture,Desk,128.37,8.0,0.0,Credit Card,45.0,1026.96,2025,2025-11,November
ORD11254,2025-06-16,West,Electronics,Laptop,341.62,8.0,20.0,Cash,52.0,2186.368,2025,2025-06,June
ORD12648,2025-08-29,West,Furniture,Bed Frame,342.46,6.0,0.0,Cash,20.0,2054.7599999999998,2025,2025-08,August
ORD12923,2025-02-08,West,Toys,Lego Set,234.43,7.0,20.0,Credit Card,26.0,1312.808,2025,2025-02,February
ORD11639,2024-12-16,North,Furniture,Sofa,143.63,9.0,0.0,Cash,48.0,1292.67,2024,2024-12,December
ORD11133,2025-09-18,North,Clothing,T-Shirt,423.17,4.0,0.0,Credit Card,50.0,1692.68,2025,2025-09,September
ORD14768,2025-06-15,East,Furniture,Sofa,83.31,4.0,0.0,Debit Card,68.0,333.24,2025,2025-06,June
ORD13519,2025-07-14,West,Electronics,Laptop,199.29,2.0,5.0,Debit Card,41.0,378.65099999999995,2025,2025-07,July
ORD11878,2025-07-28,East,Electronics,Laptop,172.84,6.0,10.0,Cash,47.0,933.336,2025,2025-07,July
ORD10271,2025-09-17,South,Clothing,Sneakers,471.82,4.0,0.0,Online Wallet,68.0,1887.28,2025,2025-09,September
ORD11473,2024-11-02,East,Toys,Board Game,492.68,4.0,0.0,Cash,54.0,1970.72,2024,2024-11,November
ORD11547,2025-05-25,North,Electronics,Laptop,274.08,3.0,0.0,Cash,44.0,822.24,2025,2025-05,May
ORD14310,2024-03-06,East,Clothing,Jacket,184.48,9.0,0.0,Debit Card,27.0,1660.32,2024,2024-03,March
ORD14945,2024-02-10,North,Furniture,Desk,247.73,4.0,0.0,Cash,27.0,990.92,2024,2024-02,February
ORD14440,2025-03-13,South,Groceries,Juice,170.53,6.0,5.0,Debit Card,58.0,972.0210000000001,2025,2025-03,March
ORD10838,2024-10-25,West,Furniture,Bookshelf,464.37,2.0,20.0,Credit Card,59.0,742.9920000000001,2024,2024-10,October
ORD12195,2025-10-04,North,Electronics,Headphones,292.09,1.0,0.0,Debit Card,44.0,292.09,2025,2025-10,October
ORD11835,2024-04-24,North,Groceries,Coffee,61.77,4.0,0.0,Debit Card,59.0,247.08,2024,2024-04,April
ORD10412,2025-04-22,West,Toys,Action Figure,360.57,1.0,0.0,Credit Card,37.0,360.57,2025,2025-04,April
ORD11712,2025-08-23,West,Clothing,Jeans,44.76,2.0,0.0,Credit Card,47.0,89.52,2025,2025-08,August
ORD14438,2025-11-24,West,Groceries,Pasta,257.73,6.0,0.0,Credit Card,64.0,1546.38,2025,2025-11,November
ORD12795,2025-04-06,South,Clothing,Jacket,415.29,5.0,0.0,Debit Card,67.0,2076.4500000000003,2025,2025-04,April
ORD12221,2025-07-04,West,Groceries,Juice,156.05,7.0,15.0,Debit Card,33.0,928.4975000000001,2025,2025-07,July
ORD10377,2024-10-21,South,Toys,Lego Set,203.65,7.0,15.0,Debit Card,44.0,1211.7175,2024,2024-10,October
ORD11491,2024-01-08,West,Electronics,Smartphone,231.53,2.0,0.0,Credit Card,26.0,463.06,2024,2024-01,January
ORD10738,2025-06-18,North,Clothing,Jeans,395.57,9.0,0.0,Credit Card,23.0,3560.13,2025,2025-06,June
ORD13377,2025-07-19,North,Clothing,Jeans,373.22,2.0,0.0,Debit Card,57.0,746.44,2025,2025-07,July
ORD13615,2025-02-24,North,Electronics,Smartwatch,252.5,6.0,0.0,Debit Card,31.0,1515.0,2025,2025-02,February
ORD14696,2025-08-14,West,Clothing,Sneakers,210.58,4.0,10.0,Online Wallet,31.0,758.0880000000001,2025,2025-08,August
ORD10052,2025-11-05,South,Groceries,Juice,323.43,1.0,10.0,Cash,54.0,291.087,2025,2025-11,November
ORD14114,2025-07-08,North,Clothing,Jacket,119.98,2.0,5.0,Credit Card,68.0,227.962,2025,2025-07,July
ORD12269,2024-08-19,North,Furniture,Office Chair,384.1,1.0,0.0,Cash,26.0,384.1,2024,2024-08,August
ORD13094,2025-10-28,North,Groceries,Pasta,310.81,6.0,0.0,Cash,48.0,1864.8600000000001,2025,2025-10,October
ORD11389,2024-04-16,South,Electronics,Tablet,408.51,7.0,10.0,Credit Card,35.0,2573.613,2024,2024-04,April
ORD13188,2024-05-22,South,Electronics,Headphones,123.4,5.0,0.0,Cash,60.0,617.0,2024,2024-05,May
ORD13478,2024-05-06,East,Groceries,Pasta,44.86,7.0,0.0,Online Wallet,63.0,314.02,2024,2024-05,May
ORD13433,2025-01-31,North,Clothing,Jeans,104.37,8.0,0.0,Debit Card,56.0,834.96,2025,2025-01,January
ORD14191,2025-08-14,North,Electronics,Tablet,318.14,1.0,10.0,Cash,66.0,286.326,2025,2025-08,August
ORD12309,2025-09-30,North,Furniture,Office Chair,455.88,7.0,0.0,Debit Card,53.0,3191.16,2025,2025-09,September
ORD13222,2025-12-28,North,Electronics,Smartwatch,293.11,3.0,0.0,Online Wallet,36.0,879.33,2025,2025-12,December
ORD12590,2024-08-18,West,Groceries,Snacks,476.76,1.0,0.0,Cash,57.0,476.76,2024,2024-08,August
ORD11632,2024-03-13,South,Clothing,Cap,202.58,6.0,0.0,Debit Card,28.0,1215.48,2024,2024-03,March
ORD13174,2024-10-13,North,Furniture,Bookshelf,377.02,4.0,5.0,Online Wallet,42.0,1432.676,2024,2024-10,October
ORD12976,2024-09-26,North,Electronics,Headphones,431.44,4.0,5.0,Cash,28.0,1639.472,2024,2024-09,September
ORD14280,2024-04-30,West,Groceries,Coffee,86.69,4.0,0.0,Debit Card,19.0,346.76,2024,2024-04,April
ORD10467,2024-05-08,North,Clothing,Sneakers,158.35,8.0,0.0,Credit Card,38.0,1266.8,2024,2024-05,May
ORD14869,2025-08-30,South,Toys,Board Game,252.43,6.0,0.0,Credit Card,36.0,1514.58,2025,2025-08,August
ORD10903,2024-03-24,South,Furniture,Sofa,55.65,4.0,0.0,Debit Card,40.0,222.6,2024,2024-03,March
ORD14845,2025-03-18,North,Groceries,Coffee,363.92,9.0,0.0,Credit Card,19.0,3275.28,2025,2025-03,March
ORD10071,2024-01-08,North,Groceries,Juice,88.99,4.0,0.0,Debit Card,67.0,355.96,2024,2024-01,January
ORD13217,2024-10-31,North,Electronics,Headphones,454.34,6.0,0.0,Debit Card,35.0,2726.04,2024,2024-10,October
ORD11898,2024-11-08,North,Groceries,Snacks,234.75,3.0,15.0,Cash,44.0,598.6125,2024,2024-11,November
ORD13995,2025-01-14,West,Electronics,Headphones,24.44,8.0,0.0,Debit Card,50.0,195.52,2025,2025-01,January
ORD11207,2024-12-11,South,Toys,Rc Car,131.27,1.0,0.0,Debit Card,56.0,131.27,2024,2024-12,December
ORD12077,2024-10-25,West,Electronics,Tablet,489.58,9.0,0.0,Debit Card,56.0,4406.22,2024,2024-10,October
ORD11590,2024-08-01,South,Clothing,Cap,428.38,7.0,0.0,Debit Card,19.0,2998.66,2024,2024-08,August
ORD12844,2024-01-10,East,Electronics,Laptop,434.06,4.0,0.0,Credit Card,63.0,1736.24,2024,2024-01,January
ORD12205,2024-07-10,East,Clothing,Jacket,79.66,1.0,0.0,Cash,41.0,79.66,2024,2024-07,July
ORD12980,2024-09-18,East,Electronics,Headphones,305.99,4.0,0.0,Debit Card,55.0,1223.96,2024,2024-09,September
ORD10658,2024-10-29,West,Groceries,Snacks,17.47,7.0,5.0,Online Wallet,44.0,116.17549999999999,2024,2024-10,October
ORD11838,2025-06-03,North,Electronics,Laptop,59.31,3.0,0.0,Credit Card,58.0,177.93,2025,2025-06,June
ORD14000,2024-03-06,East,Furniture,Sofa,481.98,6.0,0.0,Online Wallet,52.0,2891.88,2024,2024-03,March
ORD13036,2024-09-09,South,Electronics,Laptop,152.27,7.0,0.0,Credit Card,25.0,1065.89,2024,2024-09,September
ORD10454,2025-02-23,South,Clothing,T-Shirt,364.23,6.0,20.0,Credit Card,27.0,1748.304,2025,2025-02,February
ORD11472,2024-11-16,West,Toys,Puzzle,116.32,8.0,0.0,Debit Card,25.0,930.56,2024,2024-11,November
ORD10677,2024-09-26,East,Groceries,Cereal,95.49,6.0,0.0,Debit Card,36.0,572.9399999999999,2024,2024-09,September
ORD13356,2025-11-17,West,Groceries,Juice,394.81,5.0,0.0,Debit Card,45.0,1974.05,2025,2025-11,November
ORD11616,2025-07-12,North,Toys,Action Figure,448.22,7.0,0.0,Online Wallet,44.0,3137.54,2025,2025-07,July
ORD11251,2025-01-07,South,Clothing,Jacket,183.28,8.0,0.0,Credit Card,44.0,1466.24,2025,2025-01,January
ORD11983,2025-11-27,North,Furniture,Bookshelf,113.5,4.0,0.0,Cash,18.0,454.0,2025,2025-11,November
ORD13425,2025-05-15,North,Electronics,Smartphone,44.9,6.0,0.0,Cash,37.0,269.4,2025,2025-05,May
ORD13843,2024-11-30,North,Clothing,Cap,7.99,8.0,0.0,Credit Card,61.0,63.92,2024,2024-11,November
ORD11033,2024-07-09,South,Groceries,Coffee,430.08,8.0,0.0,Cash,60.0,3440.64,2024,2024-07,July
ORD10174,2025-12-05,South,Groceries,Coffee,33.67,8.0,0.0,Debit Card,31.0,269.36,2025,2025-12,December
ORD10939,2025-08-20,East,Toys,Rc Car,48.63,1.0,0.0,Credit Card,63.0,48.63,2025,2025-08,August
ORD13102,2024-12-19,West,Electronics,Headphones,80.55,4.0,10.0,Online Wallet,21.0,289.98,2024,2024-12,December
ORD12587,2025-09-26,South,Groceries,Pasta,47.27,6.0,0.0,Cash,50.0,283.62,2025,2025-09,September
ORD10334,2025-03-30,East,Clothing,Sneakers,70.19,4.0,0.0,Credit Card,20.0,280.76,2025,2025-03,March
ORD10873,2024-01-24,West,Toys,Rc Car,197.75,4.0,20.0,Debit Card,63.0,632.8000000000001,2024,2024-01,January
ORD12853,2025-05-11,North,Furniture,Office Chair,445.33,3.0,0.0,Credit Card,54.0,1335.99,2025,2025-05,May
ORD11486,2024-09-16,West,Groceries,Coffee,314.48,8.0,0.0,Online Wallet,48.0,2515.84,2024,2024-09,September
ORD14293,2024-11-11,North,Groceries,Juice,195.0,4.0,5.0,Online Wallet,21.0,741.0,2024,2024-11,November
ORD10296,2025-06-16,North,Furniture,Bookshelf,268.55,1.0,5.0,Debit Card,32.0,255.1225,2025,2025-06,June
ORD14950,2024-04-17,East,Groceries,Coffee,107.4,9.0,0.0,Credit Card,23.0,966.6,2024,2024-04,April
ORD14883,2025-06-18,East,Toys,Board Game,283.48,5.0,0.0,Cash,32.0,1417.4,2025,2025-06,June
ORD13845,2024-10-16,North,Groceries,Cereal,191.47,7.0,0.0,Online Wallet,25.0,1340.29,2024,2024-10,October
ORD14218,2024-10-03,North,Furniture,Bookshelf,73.57,7.0,5.0,Cash,57.0,489.2405,2024,2024-10,October
ORD13760,2025-07-02,East,Groceries,Juice,426.97,5.0,20.0,Online Wallet,65.0,1707.8800000000003,2025,2025-07,July
ORD10378,2024-11-16,East,Toys,Rc Car,276.75,5.0,0.0,Cash,36.0,1383.75,2024,2024-11,November
ORD13110,2024-12-11,North,Toys,Puzzle,136.54,8.0,5.0,Cash,61.0,1037.704,2024,2024-12,December
ORD12770,2025-11-21,South,Toys,Board Game,180.47,7.0,0.0,Cash,68.0,1263.29,2025,2025-11,November
ORD13918,2024-04-28,South,Clothing,Sneakers,439.99,7.0,0.0,Debit Card,24.0,3079.9300000000003,2024,2024-04,April
ORD12210,2025-12-25,South,Clothing,Jeans,298.46,5.0,0.0,Online Wallet,39.0,1492.3,2025,2025-12,December
ORD12599,2024-09-21,East,Toys,Puzzle,188.72,9.0,0.0,Online Wallet,51.0,1698.48,2024,2024-09,September
ORD12052,2024-06-10,South,Clothing,Jeans,410.62,5.0,0.0,Cash,68.0,2053.1,2024,2024-06,June
ORD10915,2024-01-07,North,Furniture,Office Chair,355.08,7.0,0.0,Online Wallet,31.0,2485.56,2024,2024-01,January
ORD14880,2025-11-18,West,Groceries,Juice,413.05,3.0,0.0,Cash,42.0,1239.15,2025,2025-11,November
ORD14707,2025-10-14,East,Clothing,Jeans,193.09,8.0,0.0,Credit Card,36.0,1544.72,2025,2025-10,October
ORD12335,2025-07-19,East,Toys,Rc Car,133.4,6.0,0.0,Debit Card,55.0,800.4000000000001,2025,2025-07,July
ORD13820,2025-06-24,South,Clothing,Jeans,49.31,5.0,0.0,Online Wallet,44.0,246.55,2025,2025-06,June
ORD11887,2025-06-05,West,Electronics,Smartphone,383.51,3.0,10.0,Cash,36.0,1035.477,2025,2025-06,June
ORD13717,2025-12-08,South,Groceries,Coffee,469.32,4.0,0.0,Credit Card,31.0,1877.28,2025,2025-12,December
ORD14027,2024-02-28,West,Toys,Board Game,461.93,7.0,0.0,Credit Card,65.0,3233.51,2024,2024-02,February
ORD11182,2024-08-08,South,Furniture,Bookshelf,437.84,5.0,0.0,Debit Card,44.0,2189.2,2024,2024-08,August
ORD14602,2024-04-10,East,Electronics,Headphones,363.71,4.0,0.0,Debit Card,53.0,1454.84,2024,2024-04,April
ORD14452,2024-08-11,North,Electronics,Headphones,113.15,5.0,0.0,Credit Card,29.0,565.75,2024,2024-08,August
ORD12400,2025-11-26,South,Toys,Lego Set,232.32,5.0,15.0,Cash,39.0,987.3599999999999,2025,2025-11,November
ORD12892,2025-07-12,North,Electronics,Smartwatch,45.6,5.0,10.0,Online Wallet,51.0,205.20000000000002,2025,2025-07,July
ORD13596,2024-01-24,West,Furniture,Desk,128.68,4.0,0.0,Credit Card,20.0,514.72,2024,2024-01,January
ORD11722,2024-01-15,South,Electronics,Smartwatch,26.18,7.0,0.0,Online Wallet,61.0,183.26,2024,2024-01,January
ORD11667,2024-08-28,North,Electronics,Headphones,461.26,2.0,0.0,Debit Card,59.0,922.52,2024,2024-08,August
ORD12884,2024-01-16,East,Electronics,Headphones,462.0,6.0,0.0,Debit Card,52.0,2772.0,2024,2024-01,January
ORD12994,2025-02-01,West,Toys,Action Figure,405.16,8.0,0.0,Online Wallet,68.0,3241.28,2025,2025-02,February
ORD10886,2024-01-16,West,Furniture,Sofa,49.29,7.0,20.0,Online Wallet,49.0,276.024,2024,2024-01,January
ORD14056,2024-09-15,West,Toys,Rc Car,451.08,3.0,0.0,Debit Card,55.0,1353.24,2024,2024-09,September
ORD14876,2024-10-18,South,Groceries,Pasta,173.4,6.0,0.0,Credit Card,20.0,1040.4,2024,2024-10,October
ORD10333,2025-08-27,South,Electronics,Laptop,89.44,5.0,0.0,Online Wallet,46.0,447.2,2025,2025-08,August
ORD10153,2024-09-30,North,Clothing,Cap,469.84,3.0,0.0,Debit Card,69.0,1409.52,2024,2024-09,September
ORD10373,2025-07-02,East,Toys,Puzzle,7.8,8.0,5.0,Online Wallet,26.0,59.279999999999994,2025,2025-07,July
ORD10312,2024-04-18,East,Clothing,T-Shirt,492.13,5.0,5.0,Debit Card,21.0,2337.6175,2024,2024-04,April
ORD11849,2025-09-22,North,Furniture,Sofa,146.12,1.0,15.0,Debit Card,52.0,124.202,2025,2025-09,September
ORD11622,2025-08-05,East,Furniture,Office Chair,49.04,6.0,5.0,Cash,54.0,279.528,2025,2025-08,August
ORD10042,2024-02-23,South,Groceries,Snacks,270.86,5.0,0.0,Credit Card,61.0,1354.3000000000002,2024,2024-02,February
ORD12693,2025-02-25,North,Groceries,Juice,480.93,5.0,0.0,Debit Card,49.0,2404.65,2025,2025-02,February
ORD14618,2024-10-07,North,Furniture,Bed Frame,482.55,3.0,10.0,Online Wallet,54.0,1302.8850000000002,2024,2024-10,October
ORD10417,2025-09-16,East,Toys,Board Game,224.96,1.0,5.0,Online Wallet,46.0,213.712,2025,2025-09,September
ORD14993,2024-05-09,East,Electronics,Smartwatch,106.28,3.0,15.0,Online Wallet,31.0,271.014,2024,2024-05,May
ORD14755,2025-09-23,North,Groceries,Juice,13.66,8.0,0.0,Debit Card,44.0,109.28,2025,2025-09,September
ORD10704,2024-05-05,West,Toys,Board Game,249.01,9.0,0.0,Credit Card,48.0,2241.09,2024,2024-05,May
ORD10732,2025-09-11,South,Clothing,Jeans,240.17,1.0,5.0,Online Wallet,51.0,228.1615,2025,2025-09,September
ORD10944,2024-06-30,South,Clothing,Jeans,55.94,5.0,15.0,Online Wallet,42.0,237.74499999999998,2024,2024-06,June
ORD13614,2025-10-31,East,Toys,Board Game,64.68,4.0,10.0,Debit Card,30.0,232.84800000000004,2025,2025-10,October
ORD11806,2024-07-29,East,Electronics,Smartwatch,472.96,2.0,10.0,Online Wallet,44.0,851.328,2024,2024-07,July
ORD11018,2025-05-22,West,Clothing,Cap,309.7,9.0,0.0,Credit Card,30.0,2787.2999999999997,2025,2025-05,May
ORD10907,2024-09-16,North,Furniture,Bed Frame,35.53,8.0,0.0,Cash,52.0,284.24,2024,2024-09,September
ORD11693,2024-07-04,East,Electronics,Tablet,243.23,1.0,0.0,Credit Card,33.0,243.23,2024,2024-07,July
ORD12791,2025-08-16,South,Toys,Board Game,490.4,4.0,0.0,Credit Card,34.0,1961.6,2025,2025-08,August
ORD14368,2024-02-15,South,Electronics,Smartwatch,120.19,6.0,0.0,Online Wallet,46.0,721.14,2024,2024-02,February
ORD10814,2024-02-21,North,Toys,Rc Car,136.45,2.0,0.0,Cash,35.0,272.9,2024,2024-02,February
ORD10818,2025-07-18,South,Toys,Lego Set,418.31,3.0,5.0,Credit Card,68.0,1192.1835,2025,2025-07,July
ORD13449,2024-02-07,South,Groceries,Coffee,40.05,4.0,0.0,Online Wallet,64.0,160.2,2024,2024-02,February
ORD11522,2025-10-27,West,Furniture,Bed Frame,398.75,2.0,5.0,Online Wallet,27.0,757.625,2025,2025-10,October
ORD11638,2025-07-30,East,Clothing,Jeans,360.41,7.0,0.0,Debit Card,59.0,2522.8700000000003,2025,2025-07,July
ORD14799,2024-06-14,South,Furniture,Bed Frame,146.26,1.0,20.0,Debit Card,27.0,117.008,2024,2024-06,June
ORD11700,2024-03-31,West,Groceries,Pasta,340.96,5.0,10.0,Online Wallet,32.0,1534.32,2024,2024-03,March
ORD13734,2025-06-06,West,Electronics,Smartwatch,217.06,9.0,0.0,Credit Card,29.0,1953.54,2025,2025-06,June
ORD11883,2024-07-20,East,Electronics,Smartphone,44.7,2.0,0.0,Cash,34.0,89.4,2024,2024-07,July
ORD12592,2024-07-25,North,Toys,Puzzle,494.83,9.0,10.0,Debit Card,31.0,4008.1230000000005,2024,2024-07,July
ORD10379,2024-01-31,South,Electronics,Headphones,444.89,7.0,10.0,Debit Card,27.0,2802.8070000000002,2024,2024-01,January
ORD13775,2024-08-06,East,Groceries,Juice,381.17,9.0,10.0,Debit Card,38.0,3087.4770000000003,2024,2024-08,August
ORD14003,2024-12-06,West,Electronics,Tablet,461.03,5.0,10.0,Credit Card,27.0,2074.6349999999998,2024,2024-12,December
ORD12251,2024-10-10,North,Groceries,Cereal,461.61,9.0,15.0,Cash,66.0,3531.3165,2024,2024-10,October
ORD14439,2024-08-03,South,Toys,Action Figure,331.13,7.0,0.0,Online Wallet,27.0,2317.91,2024,2024-08,August
ORD12148,2024-03-23,West,Clothing,T-Shirt,198.15,2.0,10.0,Online Wallet,21.0,356.67,2024,2024-03,March
ORD13726,2024-11-20,East,Toys,Board Game,131.69,4.0,0.0,Debit Card,49.0,526.76,2024,2024-11,November
ORD12144,2024-05-21,West,Furniture,Bookshelf,377.16,5.0,5.0,Debit Card,68.0,1791.51,2024,2024-05,May
ORD12566,2024-08-28,West,Electronics,Laptop,323.42,4.0,10.0,Cash,32.0,1164.3120000000001,2024,2024-08,August
ORD11803,2025-02-08,West,Furniture,Office Chair,74.46,8.0,0.0,Online Wallet,21.0,595.68,2025,2025-02,February
ORD13621,2024-04-27,East,Electronics,Smartwatch,281.74,5.0,0.0,Online Wallet,18.0,1408.7,2024,2024-04,April
ORD13967,2024-12-07,North,Toys,Lego Set,132.56,6.0,5.0,Cash,66.0,755.592,2024,2024-12,December
ORD11594,2024-07-26,South,Furniture,Desk,499.67,7.0,0.0,Debit Card,22.0,3497.69,2024,2024-07,July
ORD14328,2024-01-20,North,Toys,Lego Set,289.88,1.0,0.0,Debit Card,42.0,289.88,2024,2024-01,January
ORD11706,2025-04-04,North,Electronics,Smartwatch,348.73,1.0,0.0,Online Wallet,57.0,348.73,2025,2025-04,April
ORD13790,2025-12-26,East,Groceries,Coffee,490.59,2.0,5.0,Debit Card,21.0,932.1209999999999,2025,2025-12,December
ORD12562,2025-10-16,West,Electronics,Smartphone,348.64,8.0,0.0,Debit Card,63.0,2789.12,2025,2025-10,October
ORD12559,2024-10-15,South,Groceries,Snacks,498.15,2.0,0.0,Debit Card,50.0,996.3,2024,2024-10,October
ORD14208,2025-03-19,North,Toys,Rc Car,226.07,5.0,15.0,Cash,41.0,960.7974999999999,2025,2025-03,March
ORD11582,2025-07-29,North,Toys,Puzzle,410.57,1.0,0.0,Credit Card,56.0,410.57,2025,2025-07,July
ORD12547,2025-02-19,South,Furniture,Bookshelf,272.02,9.0,0.0,Cash,42.0,2448.18,2025,2025-02,February
ORD10319,2025-12-24,North,Clothing,Jacket,370.95,2.0,0.0,Online Wallet,45.0,741.9,2025,2025-12,December
ORD14321,2024-05-18,North,Toys,Lego Set,385.94,3.0,0.0,Debit Card,64.0,1157.82,2024,2024-05,May
ORD13364,2025-04-08,North,Electronics,Laptop,27.46,8.0,0.0,Credit Card,44.0,219.68,2025,2025-04,April
ORD11763,2025-07-02,East,Electronics,Tablet,439.04,3.0,0.0,Cash,19.0,1317.1200000000001,2025,2025-07,July
ORD12843,2024-01-13,South,Toys,Action Figure,125.2,1.0,5.0,Debit Card,48.0,118.94,2024,2024-01,January
ORD14717,2024-03-01,North,Toys,Rc Car,304.33,3.0,0.0,Credit Card,49.0,912.99,2024,2024-03,March
ORD12141,2024-11-23,North,Furniture,Sofa,449.62,3.0,0.0,Cash,30.0,1348.8600000000001,2024,2024-11,November
ORD10213,2025-08-24,North,Toys,Rc Car,177.54,2.0,20.0,Debit Card,26.0,284.064,2025,2025-08,August
ORD13497,2025-08-09,North,Clothing,Jacket,285.8,7.0,0.0,Online Wallet,42.0,2000.6000000000001,2025,2025-08,August
ORD10803,2025-08-22,East,Groceries,Snacks,123.18,6.0,5.0,Online Wallet,27.0,702.126,2025,2025-08,August
ORD10105,2024-08-16,West,Groceries,Pasta,104.81,3.0,0.0,Credit Card,36.0,314.43,2024,2024-08,August
ORD14458,2024-05-07,South,Furniture,Office Chair,343.06,3.0,0.0,Online Wallet,33.0,1029.18,2024,2024-05,May
ORD13805,2024-02-21,East,Electronics,Smartwatch,442.33,7.0,0.0,Cash,47.0,3096.31,2024,2024-02,February
ORD12806,2025-03-02,East,Furniture,Office Chair,418.74,2.0,0.0,Credit Card,39.0,837.48,2025,2025-03,March
ORD11465,2024-01-14,South,Furniture,Bed Frame,449.27,2.0,0.0,Credit Card,57.0,898.54,2024,2024-01,January
ORD10565,2024-05-01,West,Groceries,Cereal,417.65,8.0,0.0,Credit Card,34.0,3341.2,2024,2024-05,May
ORD14345,2025-10-21,East,Toys,Puzzle,420.24,8.0,0.0,Credit Card,62.0,3361.92,2025,2025-10,October
ORD12524,2024-03-29,East,Toys,Lego Set,482.93,6.0,0.0,Online Wallet,56.0,2897.58,2024,2024-03,March
ORD11474,2025-01-12,South,Groceries,Juice,226.57,6.0,0.0,Credit Card,22.0,1359.42,2025,2025-01,January
ORD13236,2025-07-26,North,Electronics,Tablet,313.91,1.0,0.0,Debit Card,38.0,313.91,2025,2025-07,July
ORD12829,2024-03-24,East,Electronics,Tablet,84.49,9.0,0.0,Credit Card,31.0,760.41,2024,2024-03,March
ORD12502,2025-08-21,South,Electronics,Smartphone,240.0,9.0,0.0,Debit Card,46.0,2160.0,2025,2025-08,August
ORD10317,2024-08-05,West,Toys,Lego Set,54.82,5.0,0.0,Debit Card,58.0,274.1,2024,2024-08,August
ORD11200,2024-04-08,West,Clothing,Jacket,357.44,4.0,0.0,Debit Card,33.0,1429.76,2024,2024-04,April
ORD12278,2025-04-15,North,Groceries,Cereal,81.31,6.0,10.0,Cash,57.0,439.074,2025,2025-04,April
ORD10652,2025-12-26,East,Electronics,Laptop,94.54,6.0,0.0,Online Wallet,45.0,567.24,2025,2025-12,December
ORD10070,2024-09-15,South,Electronics,Smartwatch,451.07,9.0,15.0,Debit Card,49.0,3450.6855,2024,2024-09,September
ORD11174,2025-08-11,South,Toys,Puzzle,356.04,5.0,0.0,Cash,44.0,1780.2,2025,2025-08,August
ORD11088,2025-08-29,South,Electronics,Headphones,79.52,6.0,0.0,Credit Card,60.0,477.12,2025,2025-08,August
ORD10410,2024-11-06,East,Furniture,Bookshelf,110.91,2.0,20.0,Online Wallet,61.0,177.45600000000002,2024,2024-11,November
ORD14064,2025-11-22,East,Toys,Puzzle,483.6,6.0,5.0,Credit Card,41.0,2756.5200000000004,2025,2025-11,November
ORD14992,2024-11-25,East,Clothing,Sneakers,470.02,7.0,0.0,Debit Card,27.0,3290.14,2024,2024-11,November
ORD12386,2025-01-04,South,Furniture,Bookshelf,197.03,7.0,0.0,Online Wallet,52.0,1379.21,2025,2025-01,January
ORD10601,2025-07-22,East,Clothing,Jeans,482.82,5.0,0.0,Credit Card,56.0,2414.1,2025,2025-07,July
ORD13013,2024-01-07,North,Furniture,Desk,97.18,4.0,0.0,Debit Card,58.0,388.72,2024,2024-01,January
ORD14792,2024-12-22,West,Electronics,Headphones,329.26,6.0,15.0,Debit Card,26.0,1679.2259999999999,2024,2024-12,December
ORD12219,2024-05-15,East,Toys,Rc Car,368.26,2.0,0.0,Cash,62.0,736.52,2024,2024-05,May
ORD12465,2024-07-19,North,Clothing,Sneakers,299.87,5.0,0.0,Credit Card,19.0,1499.35,2024,2024-07,July
ORD10837,2024-07-25,East,Clothing,T-Shirt,82.6,9.0,0.0,Credit Card,32.0,743.4,2024,2024-07,July
ORD13325,2024-11-01,South,Clothing,Cap,239.13,1.0,5.0,Debit Card,19.0,227.1735,2024,2024-11,November
ORD10624,2025-09-09,South,Electronics,Laptop,308.92,5.0,0.0,Online Wallet,55.0,1544.6000000000001,2025,2025-09,September
ORD11627,2024-09-09,West,Toys,Puzzle,237.94,3.0,0.0,Online Wallet,69.0,713.8199999999999,2024,2024-09,September
ORD10806,2024-05-20,South,Toys,Lego Set,183.04,1.0,0.0,Credit Card,52.0,183.04,2024,2024-05,May
ORD13115,2024-11-12,South,Toys,Board Game,439.05,5.0,0.0,Cash,29.0,2195.25,2024,2024-11,November
ORD10637,2024-05-13,East,Furniture,Sofa,235.73,7.0,0.0,Cash,33.0,1650.11,2024,2024-05,May
ORD10423,2025-05-19,South,Clothing,Sneakers,185.36,3.0,0.0,Cash,64.0,556.08,2025,2025-05,May
ORD14823,2024-12-20,East,Furniture,Office Chair,171.73,4.0,15.0,Debit Card,44.0,583.882,2024,2024-12,December
ORD11996,2025-11-24,East,Groceries,Coffee,76.07,8.0,0.0,Credit Card,33.0,608.56,2025,2025-11,November
ORD14472,2025-01-02,East,Electronics,Smartphone,233.73,7.0,0.0,Cash,20.0,1636.11,2025,2025-01,January
ORD14620,2025-09-29,North,Toys,Action Figure,192.54,3.0,0.0,Debit Card,59.0,577.62,2025,2025-09,September
ORD12486,2025-10-08,South,Furniture,Desk,108.55,1.0,0.0,Credit Card,52.0,108.55,2025,2025-10,October
ORD10150,2025-02-05,East,Furniture,Sofa,263.61,7.0,0.0,Cash,41.0,1845.27,2025,2025-02,February
ORD13109,2024-11-27,South,Furniture,Sofa,19.09,8.0,20.0,Credit Card,62.0,122.176,2024,2024-11,November
ORD11580,2025-03-01,West,Groceries,Pasta,249.45,2.0,0.0,Cash,26.0,498.9,2025,2025-03,March
ORD13002,2025-02-26,East,Electronics,Laptop,104.29,8.0,10.0,Debit Card,64.0,750.888,2025,2025-02,February
ORD14601,2024-04-06,West,Toys,Lego Set,123.13,7.0,0.0,Online Wallet,39.0,861.91,2024,2024-04,April
ORD13796,2024-03-29,South,Clothing,Cap,499.2,4.0,0.0,Cash,18.0,1996.8,2024,2024-03,March
ORD13481,2025-10-18,South,Groceries,Pasta,295.45,4.0,0.0,Cash,24.0,1181.8,2025,2025-10,October
ORD10143,2025-04-26,North,Electronics,Laptop,313.55,2.0,0.0,Credit Card,57.0,627.1,2025,2025-04,April
ORD14813,2025-09-13,North,Toys,Board Game,256.86,7.0,0.0,Debit Card,43.0,1798.02,2025,2025-09,September
ORD12574,2024-04-21,South,Clothing,T-Shirt,139.25,9.0,10.0,Debit Card,26.0,1127.925,2024,2024-04,April
ORD14662,2024-08-20,North,Groceries,Juice,189.0,3.0,0.0,Cash,68.0,567.0,2024,2024-08,August
ORD14014,2025-11-29,North,Groceries,Cereal,105.51,5.0,10.0,Cash,40.0,474.7950000000001,2025,2025-11,November
ORD11880,2024-10-03,West,Clothing,Sneakers,366.31,5.0,0.0,Cash,44.0,1831.55,2024,2024-10,October
ORD13452,2025-05-06,East,Groceries,Coffee,330.15,7.0,0.0,Debit Card,47.0,2311.0499999999997,2025,2025-05,May
ORD13605,2025-03-05,West,Toys,Lego Set,253.44,9.0,0.0,Credit Card,52.0,2280.96,2025,2025-03,March
ORD13342,2025-10-24,West,Groceries,Pasta,97.98,8.0,0.0,Cash,54.0,783.84,2025,2025-10,October
ORD14891,2024-10-10,West,Furniture,Desk,64.75,7.0,5.0,Credit Card,43.0,430.5875,2024,2024-10,October
ORD12171,2025-08-07,South,Furniture,Desk,402.86,1.0,0.0,Credit Card,24.0,402.86,2025,2025-08,August
ORD12780,2025-03-23,West,Furniture,Sofa,65.98,5.0,0.0,Credit Card,62.0,329.90000000000003,2025,2025-03,March
ORD14720,2025-05-15,South,Furniture,Bookshelf,358.86,1.0,20.0,Online Wallet,38.0,287.088,2025,2025-05,May
ORD12832,2024-11-09,East,Toys,Action Figure,433.72,9.0,0.0,Credit Card,34.0,3903.4800000000005,2024,2024-11,November
ORD12230,2024-08-19,East,Toys,Lego Set,56.25,3.0,0.0,Credit Card,23.0,168.75,2024,2024-08,August
ORD10617,2025-03-14,East,Clothing,Sneakers,120.7,6.0,0.0,Cash,23.0,724.2,2025,2025-03,March
ORD11324,2025-02-06,East,Clothing,Jeans,436.42,7.0,0.0,Cash,44.0,3054.94,2025,2025-02,February
ORD10690,2024-04-07,North,Groceries,Coffee,87.89,7.0,10.0,Cash,42.0,553.707,2024,2024-04,April
ORD13302,2024-01-30,West,Clothing,Jeans,268.53,2.0,0.0,Online Wallet,64.0,537.06,2024,2024-01,January
ORD11350,2024-12-16,South,Clothing,T-Shirt,439.04,4.0,0.0,Online Wallet,31.0,1756.16,2024,2024-12,December
ORD12729,2024-05-22,North,Furniture,Bookshelf,222.46,3.0,0.0,Cash,53.0,667.38,2024,2024-05,May
ORD14561,2024-05-05,North,Toys,Lego Set,319.84,2.0,0.0,Credit Card,40.0,639.68,2024,2024-05,May
ORD11187,2024-05-24,West,Clothing,T-Shirt,108.61,7.0,0.0,Debit Card,50.0,760.27,2024,2024-05,May
ORD11191,2024-08-08,South,Toys,Lego Set,488.16,8.0,15.0,Online Wallet,44.0,3319.4880000000003,2024,2024-08,August
ORD13572,2025-12-29,East,Clothing,Cap,137.92,6.0,0.0,Debit Card,34.0,827.52,2025,2025-12,December
ORD14420,2024-03-27,South,Toys,Board Game,111.84,9.0,0.0,Online Wallet,40.0,1006.5600000000001,2024,2024-03,March
ORD13742,2024-02-18,South,Electronics,Smartwatch,380.9,6.0,0.0,Online Wallet,24.0,2285.3999999999996,2024,2024-02,February
ORD11762,2025-06-09,South,Groceries,Cereal,375.81,6.0,0.0,Cash,50.0,2254.86,2025,2025-06,June
ORD13800,2024-02-17,South,Clothing,T-Shirt,35.49,3.0,0.0,Cash,42.0,106.47,2024,2024-02,February
ORD14802,2025-06-24,West,Toys,Lego Set,137.09,2.0,0.0,Cash,48.0,274.18,2025,2025-06,June
ORD14810,2025-12-11,South,Furniture,Bed Frame,162.67,9.0,0.0,Cash,21.0,1464.03,2025,2025-12,December
ORD11834,2024-07-15,North,Furniture,Bed Frame,341.54,8.0,0.0,Cash,25.0,2732.32,2024,2024-07,July
ORD14994,2025-09-25,East,Electronics,Laptop,206.45,4.0,10.0,Credit Card,47.0,743.22,2025,2025-09,September
ORD11111,2025-06-12,South,Furniture,Bed Frame,390.87,6.0,15.0,Online Wallet,20.0,1993.4370000000001,2025,2025-06,June
ORD12127,2024-11-18,South,Furniture,Sofa,455.35,4.0,0.0,Debit Card,54.0,1821.4,2024,2024-11,November
ORD14783,2024-09-22,North,Furniture,Desk,151.54,7.0,0.0,Debit Card,44.0,1060.78,2024,2024-09,September
ORD12277,2025-04-26,West,Toys,Rc Car,400.03,9.0,0.0,Debit Card,27.0,3600.2699999999995,2025,2025-04,April
ORD13795,2024-07-30,West,Clothing,Cap,99.06,5.0,10.0,Credit Card,65.0,445.77000000000004,2024,2024-07,July
ORD12499,2024-05-12,West,Toys,Rc Car,411.52,3.0,5.0,Online Wallet,18.0,1172.8319999999999,2024,2024-05,May
ORD11824,2024-11-27,East,Furniture,Office Chair,304.67,9.0,0.0,Credit Card,46.0,2742.03,2024,2024-11,November
ORD12788,2024-04-04,West,Clothing,Jacket,167.25,7.0,0.0,Credit Card,59.0,1170.75,2024,2024-04,April
ORD14196,2025-05-23,East,Furniture,Bed Frame,382.84,2.0,0.0,Credit Card,47.0,765.68,2025,2025-05,May
ORD14386,2024-09-12,South,Clothing,Jacket,183.16,8.0,20.0,Online Wallet,18.0,1172.224,2024,2024-09,September
ORD13827,2025-03-27,North,Groceries,Cereal,169.87,9.0,0.0,Credit Card,18.0,1528.83,2025,2025-03,March
ORD12492,2025-07-05,East,Toys,Rc Car,260.58,9.0,10.0,Credit Card,64.0,2110.698,2025,2025-07,July
ORD10878,2025-09-30,North,Groceries,Pasta,346.14,4.0,0.0,Cash,29.0,1384.56,2025,2025-09,September
ORD11455,2025-11-10,North,Toys,Rc Car,263.33,9.0,0.0,Cash,33.0,2369.97,2025,2025-11,November
ORD10391,2025-09-12,West,Clothing,T-Shirt,378.24,2.0,0.0,Online Wallet,24.0,756.48,2025,2025-09,September
ORD14182,2024-07-05,West,Groceries,Pasta,233.35,3.0,10.0,Online Wallet,24.0,630.045,2024,2024-07,July
ORD12283,2025-06-22,South,Electronics,Headphones,104.76,3.0,20.0,Debit Card,33.0,251.42400000000004,2025,2025-06,June
ORD12714,2024-10-07,West,Groceries,Cereal,407.71,3.0,0.0,Debit Card,50.0,1223.1299999999999,2024,2024-10,October
ORD12958,2025-03-13,South,Clothing,Jacket,116.16,8.0,0.0,Debit Card,39.0,929.28,2025,2025-03,March
ORD10475,2024-05-16,North,Groceries,Cereal,210.81,1.0,0.0,Debit Card,57.0,210.81,2024,2024-05,May
ORD11694,2024-09-18,West,Toys,Board Game,433.27,7.0,0.0,Cash,26.0,3032.89,2024,2024-09,September
ORD11295,2024-01-14,South,Furniture,Sofa,385.09,8.0,0.0,Online Wallet,62.0,3080.72,2024,2024-01,January
ORD12092,2025-02-01,West,Electronics,Headphones,97.59,8.0,0.0,Credit Card,21.0,780.72,2025,2025-02,February
ORD13050,2024-03-22,North,Electronics,Tablet,241.55,6.0,0.0,Credit Card,21.0,1449.3000000000002,2024,2024-03,March
ORD11137,2025-07-03,West,Toys,Action Figure,52.58,1.0,15.0,Cash,25.0,44.693,2025,2025-07,July
ORD12072,2024-12-26,West,Toys,Action Figure,463.63,3.0,10.0,Online Wallet,26.0,1251.801,2024,2024-12,December
ORD10832,2024-05-08,North,Electronics,Headphones,43.32,4.0,0.0,Credit Card,20.0,173.28,2024,2024-05,May
ORD10591,2024-07-07,North,Clothing,T-Shirt,320.76,5.0,5.0,Cash,69.0,1523.61,2024,2024-07,July
ORD14658,2024-01-13,East,Electronics,Laptop,166.5,9.0,0.0,Credit Card,27.0,1498.5,2024,2024-01,January
ORD13592,2025-10-27,West,Furniture,Bookshelf,67.19,2.0,0.0,Debit Card,57.0,134.38,2025,2025-10,October
ORD10109,2025-05-14,West,Clothing,Jeans,398.04,1.0,0.0,Cash,44.0,398.04,2025,2025-05,May
ORD14318,2025-09-18,North,Toys,Rc Car,238.19,6.0,0.0,Credit Card,68.0,1429.1399999999999,2025,2025-09,September
ORD11052,2025-02-15,North,Groceries,Cereal,481.37,6.0,10.0,Cash,44.0,2599.398,2025,2025-02,February
ORD11311,2024-01-25,North,Electronics,Laptop,414.88,6.0,5.0,Debit Card,40.0,2364.816,2024,2024-01,January
ORD10668,2024-05-16,North,Groceries,Coffee,150.3,1.0,0.0,Cash,69.0,150.3,2024,2024-05,May
ORD10253,2025-07-05,East,Groceries,Juice,407.92,7.0,0.0,Credit Card,69.0,2855.44,2025,2025-07,July
ORD12690,2024-02-09,North,Toys,Puzzle,316.97,4.0,15.0,Credit Card,30.0,1077.698,2024,2024-02,February
ORD14641,2024-05-25,West,Clothing,Jacket,228.11,6.0,10.0,Cash,63.0,1231.794,2024,2024-05,May
ORD10843,2025-11-06,West,Toys,Rc Car,47.96,4.0,10.0,Debit Card,33.0,172.656,2025,2025-11,November
ORD14159,2024-08-27,South,Toys,Lego Set,236.66,5.0,0.0,Cash,30.0,1183.3,2024,2024-08,August
ORD14509,2024-09-16,South,Furniture,Bookshelf,17.74,4.0,0.0,Credit Card,53.0,70.96,2024,2024-09,September
ORD13374,2025-10-19,South,Toys,Lego Set,139.62,3.0,0.0,Credit Card,46.0,418.86,2025,2025-10,October
ORD13394,2025-11-24,South,Toys,Board Game,468.7,3.0,0.0,Online Wallet,58.0,1406.1,2025,2025-11,November
ORD10884,2024-09-17,South,Clothing,Sneakers,294.54,7.0,0.0,Cash,20.0,2061.78,2024,2024-09,September
ORD14547,2024-09-30,South,Furniture,Sofa,191.45,9.0,0.0,Credit Card,60.0,1723.05,2024,2024-09,September
ORD13996,2024-05-23,South,Electronics,Laptop,413.02,5.0,5.0,Cash,43.0,1961.8449999999998,2024,2024-05,May
ORD14752,2024-09-01,South,Toys,Lego Set,156.79,7.0,5.0,Debit Card,26.0,1042.6535,2024,2024-09,September
ORD11879,2025-10-19,East,Clothing,T-Shirt,170.45,8.0,20.0,Debit Card,68.0,1090.8799999999999,2025,2025-10,October
ORD11485,2024-02-25,South,Toys,Action Figure,302.37,7.0,0.0,Online Wallet,58.0,2116.59,2024,2024-02,February
ORD12417,2024-06-15,South,Groceries,Cereal,278.67,6.0,0.0,Debit Card,64.0,1672.02,2024,2024-06,June
ORD12737,2025-05-15,East,Toys,Board Game,363.56,7.0,0.0,Cash,68.0,2544.92,2025,2025-05,May
ORD14173,2025-04-06,East,Groceries,Coffee,24.74,8.0,20.0,Credit Card,29.0,158.336,2025,2025-04,April
ORD13368,2025-07-25,South,Toys,Puzzle,337.56,5.0,5.0,Online Wallet,44.0,1603.4099999999999,2025,2025-07,July
ORD12468,2024-05-24,North,Electronics,Laptop,414.37,6.0,0.0,Debit Card,54.0,2486.2200000000003,2024,2024-05,May
ORD10450,2024-05-13,South,Toys,Action Figure,129.19,9.0,5.0,Online Wallet,23.0,1104.5745,2024,2024-05,May
ORD11979,2025-06-21,North,Furniture,Bookshelf,487.03,4.0,0.0,Cash,27.0,1948.12,2025,2025-06,June
ORD10696,2025-08-31,South,Toys,Board Game,363.39,1.0,0.0,Credit Card,41.0,363.39,2025,2025-08,August
ORD11741,2025-10-08,North,Groceries,Juice,63.84,9.0,0.0,Credit Card,37.0,574.5600000000001,2025,2025-10,October
ORD13718,2025-10-23,East,Toys,Rc Car,135.61,4.0,0.0,Credit Card,54.0,542.44,2025,2025-10,October
ORD10811,2025-12-12,East,Groceries,Snacks,18.41,7.0,0.0,Debit Card,58.0,128.87,2025,2025-12,December
ORD13284,2025-08-18,North,Toys,Board Game,43.6,9.0,0.0,Credit Card,67.0,392.40000000000003,2025,2025-08,August
ORD12189,2024-01-21,East,Electronics,Tablet,169.56,5.0,10.0,Cash,48.0,763.02,2024,2024-01,January
ORD10505,2025-07-15,West,Clothing,Cap,326.51,1.0,0.0,Debit Card,42.0,326.51,2025,2025-07,July
ORD13303,2024-09-09,East,Groceries,Coffee,214.9,7.0,0.0,Credit Card,48.0,1504.3,2024,2024-09,September
ORD10405,2024-01-05,South,Electronics,Smartphone,251.17,9.0,0.0,Debit Card,50.0,2260.5299999999997,2024,2024-01,January
ORD13640,2025-11-03,East,Furniture,Desk,124.86,1.0,0.0,Credit Card,26.0,124.86,2025,2025-11,November
ORD10183,2025-06-04,West,Groceries,Juice,104.26,9.0,0.0,Debit Card,19.0,938.34,2025,2025-06,June
ORD14999,2024-07-21,South,Toys,Action Figure,54.61,9.0,0.0,Cash,48.0,491.49,2024,2024-07,July
ORD11876,2025-05-23,East,Furniture,Bookshelf,139.01,1.0,0.0,Credit Card,21.0,139.01,2025,2025-05,May
ORD10609,2024-11-21,North,Toys,Puzzle,407.07,6.0,0.0,Credit Card,44.0,2442.42,2024,2024-11,November
ORD12674,2025-12-03,South,Clothing,Jacket,53.95,9.0,5.0,Debit Card,24.0,461.2725,2025,2025-12,December
ORD12033,2024-03-18,West,Electronics,Smartphone,222.86,1.0,0.0,Credit Card,33.0,222.86,2024,2024-03,March
ORD13981,2025-03-17,South,Toys,Puzzle,142.38,3.0,0.0,Credit Card,43.0,427.14,2025,2025-03,March
ORD11968,2024-05-22,South,Toys,Action Figure,416.56,5.0,0.0,Cash,45.0,2082.8,2024,2024-05,May
ORD10020,2025-05-11,North,Electronics,Tablet,130.69,7.0,0.0,Credit Card,54.0,914.8299999999999,2025,2025-05,May
ORD12218,2025-05-13,South,Electronics,Smartwatch,254.44,1.0,0.0,Cash,46.0,254.44,2025,2025-05,May
ORD12224,2024-09-23,South,Toys,Lego Set,125.28,9.0,0.0,Debit Card,41.0,1127.52,2024,2024-09,September
ORD10327,2025-04-09,West,Toys,Rc Car,124.74,1.0,0.0,Credit Card,31.0,124.74,2025,2025-04,April
ORD13270,2025-10-06,North,Electronics,Smartwatch,119.4,5.0,0.0,Cash,37.0,597.0,2025,2025-10,October
ORD12518,2025-07-23,West,Toys,Puzzle,65.56,1.0,0.0,Cash,68.0,65.56,2025,2025-07,July
ORD14362,2024-12-14,East,Furniture,Bed Frame,48.18,4.0,0.0,Online Wallet,63.0,192.72,2024,2024-12,December
ORD11756,2024-09-02,West,Groceries,Cereal,198.91,7.0,0.0,Credit Card,26.0,1392.37,2024,2024-09,September
ORD12178,2025-06-15,North,Electronics,Laptop,209.55,8.0,0.0,Credit Card,42.0,1676.4,2025,2025-06,June
ORD14961,2024-04-07,North,Groceries,Coffee,299.35,2.0,10.0,Cash,49.0,538.83,2024,2024-04,April
ORD13410,2025-10-16,North,Groceries,Coffee,374.31,9.0,0.0,Credit Card,34.0,3368.79,2025,2025-10,October
ORD14996,2024-11-07,East,Toys,Action Figure,389.12,9.0,0.0,Cash,67.0,3502.08,2024,2024-11,November
ORD10489,2025-05-04,West,Toys,Action Figure,291.51,6.0,5.0,Online Wallet,59.0,1661.607,2025,2025-05,May
ORD10606,2024-05-21,East,Electronics,Smartwatch,68.05,1.0,10.0,Cash,61.0,61.245,2024,2024-05,May
ORD13212,2024-08-07,North,Electronics,Laptop,67.37,9.0,5.0,Credit Card,33.0,576.0135,2024,2024-08,August
ORD12464,2024-09-22,West,Toys,Lego Set,57.82,4.0,15.0,Cash,53.0,196.588,2024,2024-09,September
ORD10152,2025-01-31,North,Electronics,Tablet,314.82,2.0,0.0,Debit Card,51.0,629.64,2025,2025-01,January
ORD10889,2025-03-28,South,Furniture,Sofa,67.92,3.0,0.0,Debit Card,46.0,203.76,2025,2025-03,March
ORD13082,2025-02-02,North,Clothing,Sneakers,99.57,8.0,0.0,Cash,39.0,796.56,2025,2025-02,February
ORD13824,2025-06-04,South,Groceries,Pasta,357.28,2.0,10.0,Cash,36.0,643.1039999999999,2025,2025-06,June
ORD13885,2025-06-18,East,Furniture,Desk,253.75,1.0,0.0,Debit Card,49.0,253.75,2025,2025-06,June
ORD11799,2025-09-13,South,Furniture,Office Chair,10.66,5.0,10.0,Debit Card,20.0,47.97,2025,2025-09,September
ORD14967,2024-09-30,South,Furniture,Bed Frame,365.82,6.0,0.0,Cash,58.0,2194.92,2024,2024-09,September
ORD11572,2024-10-16,West,Furniture,Bookshelf,86.94,8.0,0.0,Credit Card,21.0,695.52,2024,2024-10,October
ORD14628,2025-01-15,South,Groceries,Snacks,58.63,9.0,0.0,Debit Card,48.0,527.6700000000001,2025,2025-01,January
ORD11067,2024-11-01,North,Groceries,Pasta,465.06,1.0,0.0,Cash,43.0,465.06,2024,2024-11,November
ORD12760,2025-08-19,North,Toys,Lego Set,20.36,8.0,5.0,Cash,50.0,154.736,2025,2025-08,August
ORD10715,2024-10-13,West,Clothing,Jeans,405.09,7.0,10.0,Credit Card,31.0,2552.0669999999996,2024,2024-10,October
ORD14059,2025-03-26,East,Toys,Action Figure,181.61,3.0,0.0,Debit Card,43.0,544.83,2025,2025-03,March
ORD14565,2025-11-25,East,Electronics,Laptop,171.16,4.0,0.0,Online Wallet,26.0,684.64,2025,2025-11,November
ORD14660,2024-10-19,South,Furniture,Sofa,456.07,8.0,20.0,Cash,55.0,2918.848,2024,2024-10,October
ORD10461,2024-03-13,North,Clothing,Jeans,107.08,9.0,0.0,Online Wallet,45.0,963.72,2024,2024-03,March
ORD12944,2024-07-17,North,Electronics,Smartwatch,399.09,8.0,0.0,Credit Card,33.0,3192.72,2024,2024-07,July
ORD11869,2025-09-27,South,Clothing,Jacket,262.94,1.0,0.0,Debit Card,22.0,262.94,2025,2025-09,September
ORD11345,2024-04-16,East,Furniture,Office Chair,177.51,5.0,0.0,Debit Card,22.0,887.55,2024,2024-04,April
ORD14791,2025-03-30,North,Electronics,Smartwatch,207.46,1.0,20.0,Credit Card,61.0,165.96800000000002,2025,2025-03,March
ORD11214,2024-08-31,South,Groceries,Snacks,127.37,8.0,0.0,Cash,25.0,1018.96,2024,2024-08,August
ORD11372,2024-06-04,South,Furniture,Office Chair,354.15,9.0,10.0,Online Wallet,39.0,2868.615,2024,2024-06,June
ORD14039,2025-12-11,South,Electronics,Headphones,213.64,4.0,0.0,Cash,47.0,854.56,2025,2025-12,December
ORD12799,2025-11-08,South,Furniture,Bed Frame,490.87,4.0,20.0,Cash,30.0,1570.784,2025,2025-11,November
ORD13850,2024-10-19,West,Electronics,Headphones,283.44,6.0,0.0,Credit Card,38.0,1700.6399999999999,2024,2024-10,October
ORD11312,2024-05-20,East,Electronics,Tablet,117.57,2.0,0.0,Debit Card,67.0,235.14,2024,2024-05,May
ORD10648,2024-11-18,West,Electronics,Smartphone,484.06,6.0,5.0,Online Wallet,56.0,2759.142,2024,2024-11,November
ORD13238,2024-12-05,North,Toys,Board Game,121.36,6.0,10.0,Cash,64.0,655.3439999999999,2024,2024-12,December
ORD12643,2025-08-18,East,Clothing,Sneakers,20.22,6.0,15.0,Credit Card,27.0,103.12199999999999,2025,2025-08,August
ORD14409,2024-04-07,North,Furniture,Desk,424.57,6.0,0.0,Online Wallet,21.0,2547.42,2024,2024-04,April
ORD10155,2024-12-24,South,Electronics,Smartphone,263.65,1.0,0.0,Cash,62.0,263.65,2024,2024-12,December
ORD13428,2025-01-22,East,Furniture,Desk,203.8,3.0,5.0,Debit Card,57.0,580.83,2025,2025-01,January
ORD11303,2024-02-15,South,Electronics,Laptop,309.73,5.0,0.0,Cash,45.0,1548.65,2024,2024-02,February
ORD11150,2024-12-18,West,Toys,Board Game,328.38,2.0,0.0,Cash,24.0,656.76,2024,2024-12,December
ORD13047,2024-04-30,North,Electronics,Smartwatch,253.52,3.0,0.0,Debit Card,32.0,760.5600000000001,2024,2024-04,April
ORD11046,2025-07-02,South,Toys,Lego Set,459.55,2.0,0.0,Credit Card,69.0,919.1,2025,2025-07,July
ORD11640,2024-09-02,North,Electronics,Tablet,194.38,8.0,20.0,Cash,65.0,1244.0320000000002,2024,2024-09,September
ORD11306,2025-01-10,South,Electronics,Tablet,363.81,9.0,0.0,Online Wallet,21.0,3274.29,2025,2025-01,January
ORD11927,2024-08-08,North,Toys,Rc Car,38.22,1.0,15.0,Debit Card,31.0,32.486999999999995,2024,2024-08,August
ORD13439,2025-05-15,North,Toys,Puzzle,442.77,8.0,10.0,Debit Card,61.0,3187.944,2025,2025-05,May
ORD14121,2025-05-13,North,Electronics,Headphones,380.96,7.0,0.0,Cash,45.0,2666.72,2025,2025-05,May
ORD12244,2025-06-28,North,Furniture,Desk,456.87,6.0,0.0,Debit Card,26.0,2741.2200000000003,2025,2025-06,June
ORD13136,2024-08-08,West,Electronics,Laptop,149.18,5.0,0.0,Debit Card,61.0,745.9000000000001,2024,2024-08,August
ORD10015,2025-04-29,West,Groceries,Pasta,128.4,4.0,15.0,Cash,68.0,436.56,2025,2025-04,April
ORD13538,2025-10-12,East,Clothing,Cap,203.0,9.0,0.0,Online Wallet,67.0,1827.0,2025,2025-10,October
ORD14979,2024-02-12,West,Electronics,Smartwatch,51.06,1.0,0.0,Credit Card,42.0,51.06,2024,2024-02,February
ORD12669,2024-04-16,South,Groceries,Pasta,187.19,9.0,0.0,Credit Card,41.0,1684.71,2024,2024-04,April
ORD11360,2025-11-18,East,Electronics,Laptop,143.67,2.0,0.0,Credit Card,44.0,287.34,2025,2025-11,November
ORD11844,2025-02-16,South,Electronics,Tablet,263.4,1.0,0.0,Cash,41.0,263.4,2025,2025-02,February
ORD13098,2025-06-29,North,Clothing,T-Shirt,256.71,9.0,5.0,Cash,44.0,2194.8705,2025,2025-06,June
ORD11612,2024-01-08,East,Toys,Rc Car,425.36,4.0,0.0,Cash,49.0,1701.44,2024,2024-01,January
ORD12840,2024-03-04,North,Groceries,Snacks,441.95,9.0,5.0,Online Wallet,67.0,3778.6724999999997,2024,2024-03,March
ORD14611,2025-04-11,North,Clothing,Jeans,490.34,7.0,0.0,Online Wallet,33.0,3432.3799999999997,2025,2025-04,April
ORD13633,2025-05-23,West,Toys,Action Figure,445.42,6.0,10.0,Debit Card,60.0,2405.268,2025,2025-05,May
ORD11478,2024-01-24,East,Electronics,Tablet,251.03,6.0,0.0,Debit Card,44.0,1506.18,2024,2024-01,January
ORD11095,2024-08-20,East,Electronics,Laptop,131.73,5.0,10.0,Cash,38.0,592.785,2024,2024-08,August
ORD10542,2025-07-03,South,Clothing,Sneakers,473.84,3.0,0.0,Debit Card,43.0,1421.52,2025,2025-07,July
ORD14729,2024-10-09,West,Groceries,Snacks,97.67,3.0,15.0,Debit Card,68.0,249.05849999999998,2024,2024-10,October
ORD14074,2024-01-03,North,Electronics,Smartwatch,50.97,8.0,0.0,Credit Card,20.0,407.76,2024,2024-01,January
ORD10431,2025-07-13,West,Electronics,Headphones,151.8,9.0,0.0,Credit Card,55.0,1366.2,2025,2025-07,July
ORD10728,2025-12-12,East,Electronics,Smartphone,398.0,5.0,0.0,Debit Card,63.0,1990.0,2025,2025-12,December
ORD14412,2025-03-02,North,Furniture,Bookshelf,411.82,2.0,10.0,Online Wallet,30.0,741.276,2025,2025-03,March
ORD12561,2024-08-22,East,Electronics,Smartphone,262.03,1.0,0.0,Debit Card,49.0,262.03,2024,2024-08,August
ORD11337,2024-09-03,North,Toys,Puzzle,353.65,7.0,0.0,Online Wallet,18.0,2475.5499999999997,2024,2024-09,September
ORD13606,2024-08-06,North,Toys,Puzzle,188.73,5.0,10.0,Credit Card,51.0,849.285,2024,2024-08,August
ORD12877,2025-10-10,East,Toys,Lego Set,499.03,5.0,0.0,Credit Card,48.0,2495.1499999999996,2025,2025-10,October
ORD14415,2024-09-19,East,Electronics,Headphones,387.03,4.0,0.0,Credit Card,61.0,1548.12,2024,2024-09,September
ORD11031,2024-11-24,East,Groceries,Pasta,403.92,7.0,0.0,Cash,40.0,2827.44,2024,2024-11,November
ORD11110,2025-04-17,North,Toys,Puzzle,438.07,3.0,0.0,Debit Card,58.0,1314.21,2025,2025-04,April
ORD11888,2025-05-16,East,Clothing,Cap,357.25,5.0,15.0,Cash,61.0,1518.3125,2025,2025-05,May
ORD13550,2024-10-14,West,Groceries,Pasta,154.64,7.0,0.0,Cash,47.0,1082.48,2024,2024-10,October
ORD11527,2024-10-06,West,Toys,Puzzle,100.8,2.0,0.0,Cash,32.0,201.6,2024,2024-10,October
ORD10753,2024-02-11,West,Toys,Puzzle,317.23,5.0,0.0,Debit Card,40.0,1586.15,2024,2024-02,February
ORD13049,2024-12-08,North,Electronics,Laptop,445.76,2.0,10.0,Online Wallet,30.0,802.368,2024,2024-12,December
ORD12628,2025-05-28,North,Toys,Board Game,482.75,1.0,10.0,Online Wallet,33.0,434.475,2025,2025-05,May
ORD10562,2025-07-23,South,Groceries,Pasta,343.51,9.0,0.0,Cash,44.0,3091.59,2025,2025-07,July
ORD14764,2024-10-08,North,Groceries,Pasta,95.75,5.0,10.0,Debit Card,49.0,430.875,2024,2024-10,October
ORD13562,2025-09-30,North,Groceries,Pasta,51.93,6.0,10.0,Online Wallet,65.0,280.42199999999997,2025,2025-09,September
ORD10252,2024-04-08,North,Electronics,Laptop,41.94,3.0,0.0,Online Wallet,50.0,125.82,2024,2024-04,April
ORD12516,2024-01-16,East,Toys,Action Figure,56.08,4.0,0.0,Cash,67.0,224.32,2024,2024-01,January
ORD12962,2025-12-11,East,Clothing,Sneakers,434.52,3.0,5.0,Cash,36.0,1238.3819999999998,2025,2025-12,December
ORD14453,2024-02-29,North,Groceries,Cereal,111.1,7.0,5.0,Online Wallet,44.0,738.8149999999999,2024,2024-02,February
ORD11202,2025-03-18,North,Clothing,Jacket,311.58,2.0,0.0,Cash,23.0,623.16,2025,2025-03,March
ORD13462,2025-08-28,East,Toys,Board Game,406.33,1.0,10.0,Debit Card,39.0,365.697,2025,2025-08,August
ORD12797,2025-09-11,West,Toys,Rc Car,332.37,3.0,0.0,Online Wallet,29.0,997.11,2025,2025-09,September
ORD10144,2024-03-01,North,Electronics,Headphones,345.76,9.0,0.0,Cash,67.0,3111.84,2024,2024-03,March
ORD12895,2025-02-02,North,Toys,Puzzle,149.33,2.0,0.0,Cash,43.0,298.66,2025,2025-02,February
ORD12763,2024-10-25,West,Furniture,Sofa,51.18,3.0,0.0,Cash,51.0,153.54,2024,2024-10,October
ORD10905,2025-04-27,East,Furniture,Desk,91.57,3.0,0.0,Debit Card,45.0,274.71,2025,2025-04,April
ORD13980,2024-03-11,North,Toys,Lego Set,499.22,5.0,0.0,Online Wallet,64.0,2496.1000000000004,2024,2024-03,March
ORD10235,2025-10-03,North,Groceries,Pasta,336.45,5.0,0.0,Online Wallet,67.0,1682.25,2025,2025-10,October
